w	x	y	z
0.9318638102041692	-0.06319114363692775	0.1014534031283144	-0.34255499644773685
0.9771200715681078	0.03309937544846095	0.11825513201043321	-0.1736563296769017
0.9659099828528868	0.12236772776790208	0.07487878597220235	-0.21549295031946103
0.9280471896555444	-0.06745647425421267	0.08290139413888417	-0.35679881824841564
0.9417091423681648	-0.07554398353587909	-0.11813632686598054	-0.30581171659431305
0.9342550578833083	0.034352447443262456	0.12115249244176075	-0.33363073861570847
0.9317278885525372	-0.0695359455022947	0.09672733693753893	-0.3430622629574762
0.9246453194502248	-0.04225671289921491	0.08196961548330836	-0.3694947706954235
0.928562265423837	0.030146505409180485	0.10452729971859355	-0.3548765293114003
0.9707929966746613	0.13100599296407817	0.03851250194628544	-0.19726929464253684
0.9758230515597202	0.11918858714839103	-0.04125916410236753	-0.17849687424663746
0.9321478833059463	-0.09123583109321597	-0.07847059237284812	-0.3414948211988409
0.9453504050877416	0.01649809644976389	0.14368900073611407	-0.2922223391211459
0.9700857520813312	-0.09032935149249856	0.1039746439525789	-0.19990876739822377
0.93366538724506	-0.059220545239769634	-0.10944920935107644	-0.33583141939738254
0.9289886995478206	-0.011641268101975244	0.10970025776449022	-0.3532850554946124
0.9208428700058743	0.033635973532323796	0.06084660760948403	-0.3836857052149516
0.9662454942211373	-0.096070206216991	0.10602376107949485	-0.21424080484663302
0.936640249351525	-0.13135761898915055	0.0011144354039576906	-0.32472908287054375
0.9293790702397711	0.09695059653358083	-0.05542619282776655	-0.3518281722384672
0.9287700116149751	-0.10784988413217321	-0.019157273148174257	-0.354101209970994
0.9717284537211964	-0.12213479035235751	-0.057244605636368025	-0.19377812141656964
0.9620951993024034	-0.1445139274573257	-0.026696774787744897	-0.22972991634974288
0.9808641638531737	-0.10650095817823316	-0.03262388315670983	-0.15968318704080908
0.9576510442133258	-0.08098527156346766	-0.12519754384259393	-0.24631572893889594
0.9690846851319203	0.13295721453212397	-0.04154572821199078	-0.20364480011520336
0.9272584911544751	-0.027602357452293703	0.10007642886852514	-0.35974228112625967
0.9354559367579885	-0.07942510577741965	-0.10136459099688878	-0.3291489976416656
0.957859188405881	0.035344160783057944	-0.14480055997652402	-0.2455389242369798
0.9169607640762901	0.01972127144296813	0.015860536183579348	-0.398173921784524
0.9589902598905015	0.09159062678765396	0.11710936055902414	-0.2413177079893838
0.992733675686588	0.030830032313131327	0.014680921849482144	-0.11538556581746676
0.977478072402275	-0.012239204673142878	0.12121283126485784	-0.1723202523746373
0.941982221584699	0.11263754350711078	0.08416511523913213	-0.30479257108371627
0.9385179080352446	0.12061337774431342	0.0607417185522842	-0.3177215652636293
0.9660355444483365	0.11686509411902532	-0.08296026987571167	-0.21502434806576307
0.9526365383279085	-0.027462965818094043	-0.1465893823388695	-0.2650301196781265
0.9317874598554123	-0.10625203631839082	-0.05425320352571545	-0.3428399398284728
0.9722972970657899	0.11373142104701578	0.07050834079823848	-0.1916551691529994
0.9664546016145196	0.05805846529768248	-0.13049663956950516	-0.21346040543029207
0.9314647099486343	0.08687042374987135	-0.08037682447498273	-0.34404445887870666
0.9743472106694352	-0.10043853903489676	0.08186483456856122	-0.1840047874330687
0.9592842941508091	0.05163667213526729	-0.1392891850702249	-0.24022035719075008
0.9472860756818458	-0.10514745285408433	-0.10182859445133909	-0.28499831811723225
0.9389690625220394	0.055147024046843685	-0.12416115726850607	-0.3160378337968488
0.9215507555495488	-0.05746085064755915	0.047413576980888376	-0.3810438404000148
0.9846270157617087	-0.09619415417268384	-0.006730932912592816	-0.1456400325367984
0.9829226626657191	-0.09803650469084883	0.033876989838058556	-0.152000764885069
0.9638077327872511	0.14366325606634126	0.023566258465143153	-0.2233386543746282
0.9361513255989065	-0.1056527664730707	-0.0762943186585171	-0.32655377115634354
0.9560483213415718	-0.13195155234379038	-0.07004664182442488	-0.2522971721267346
0.9800010948393012	0.09503469276929734	-0.06347031949026756	-0.1629042044510195
0.9787049730157137	0.027079283092668455	-0.11517860899900764	-0.16774139694944679
0.9344104083835942	0.125427850291992	-0.014902998009538884	-0.3330509626556601
0.9670330777935987	-0.0992163478874852	-0.1017586243058971	-0.21130150293900032
0.946528690423062	0.1454326500500892	-0.009465667578305411	-0.2878249183839172
0.9274379082264772	0.09492237313433761	-0.04376613480931614	-0.3590726874978026
0.9712116479159273	-0.07251494127614591	-0.11484050015947453	-0.1957068669394808
0.936579443722087	0.127630300004136	-0.030545736418375664	-0.3249560125689927
0.9786800655124328	-0.055248449988432716	-0.10471183357080598	-0.16783435301718092
0.9536529473929589	0.05155918733828709	-0.1401535768062796	-0.2612368294060848
0.9296935383591477	0.008589522528328872	0.11241674038083282	-0.3506545612395933
0.9597335153087794	0.10977594085443945	0.09978806702697623	-0.2385438410053697
0.9683882898176545	0.09317389058565606	-0.10491066823403261	-0.206243782810196
0.9308718929364791	0.11354426590514964	-0.02629430029204791	-0.3462568820876609
0.9759456570059672	-0.0028890552137362177	0.12579242420425182	-0.17803930449195887
0.9181243098606944	-0.04275914364196341	0.010777252262452712	-0.393831509800195
0.9674823186152901	0.05043883861406143	-0.13225461209979458	-0.20962491336761388
0.9809756962283451	0.02651559652414382	0.10778519175222351	-0.15926694254998042
0.990925578810232	0.054585785489424735	0.013050038757228207	-0.12213347522503387
0.9757925927332113	-0.09707667438597148	-0.08064246618362134	-0.17861054813470745
0.9789883214891595	-0.05704748466893554	0.1026835901069089	-0.1666839260502999
0.9894753664366278	-0.06619299708643557	-0.01700206401690075	-0.12754574148508963
0.9351750331195388	0.05233897710037286	-0.1169529936692869	-0.330197344292391
0.9488668412418003	0.11536665195409221	0.09190267392393117	-0.27909882073262693
0.9326689789024156	-0.10117739731784565	0.06780459256983817	-0.3395500659572168
0.9425774041579843	-0.07592853869725111	0.11930335623931038	-0.3025713194804359
0.9589427882015067	0.14806120543664297	0.013668718778371454	-0.24149487474463355
0.9765302390580011	-0.060136424171811594	0.10884117828282898	-0.17585761457257562
0.9329995164614103	0.1144024118281587	-0.044339009751687926	-0.3383164829932389
0.9585611293832176	-0.0760451771941262	0.12793722188911946	-0.24291924484564525
0.961373288990781	-0.1450067193838503	0.026711007402155096	-0.23242412231122536
0.9374240451082236	-0.06165057448508865	0.11780324757578918	-0.3218039172837877
0.9204529693439308	-0.0003500357467807781	-0.06657887397133845	-0.3851408342952293
0.987683940746824	0.006125889931772023	0.08015503109913577	-0.13423143317742192
0.9434683170946223	-0.14249404908856927	-0.0038184288872359223	-0.2992463871357825
0.9716107906603615	0.08220577365437844	0.10721167674547451	-0.1942172459377797
0.9315095033535007	-0.027229318535243487	-0.1153127071755379	-0.34387728761590125
0.9298695879718609	0.022740289172438793	0.11102771730119305	-0.3499975351402944
0.9341178258312993	-0.12119991664973945	-0.032908858749349276	-0.3341428956062329
0.9183041879801211	-0.015307826817820998	-0.04368236984748683	-0.39316019551932424
0.927248739398636	-0.09334173900015819	0.045347546060816535	-0.35977867517451456
0.9928187315660052	0.009085840900290468	-0.03142830770632951	-0.11506813295399904
0.9293793452724212	-0.03316654610200534	-0.10663804329147583	-0.3518271458026434
0.9630322662901166	-0.05744394967004311	-0.13449087873089677	-0.22623273474150157
0.9775512675000386	-0.12159953955085662	-0.0026214666918727286	-0.17204708455091877
0.9908265853747411	0.04367777128784746	0.036714624895441694	-0.12250292375590152
0.9492472023110673	0.12751731635583596	-0.0745874833664174	-0.2776792938969013
0.937265952221743	0.035969521059082216	-0.12767491362724426	-0.3223939279684485
0.9352822905414103	-0.008819154724623215	-0.12807483198185526	-0.3297970541444778
0.9311640969057928	-0.08365249719698964	-0.08243704792553094	-0.345166362028009
0.9171701374311219	-0.010805305310670676	-0.027592782599321825	-0.39739252978654066
0.9322374702982947	0.11931844011800107	-0.017491057032617933	-0.341160477991699
0.9826611710100894	-0.04482748699105746	0.09468716573832633	-0.15297666502963447
0.9287896254060969	0.10066421438121345	0.0433672180314936	-0.3540280103059984
0.9362761524435039	0.11331075054780526	0.06491775146960825	-0.32608791103015705
0.9850645717839733	0.06417746064485329	0.0692171377414396	-0.14400705123054947
0.9318149512716623	-0.06170680559965046	0.1021972708999323	-0.34273734046625615
0.9420296828880134	-0.060821588449171154	0.12684732069899826	-0.30461544308835353
0.9718699699162321	0.13173627499572926	-0.02772656278280837	-0.19324997578660275
0.9421841173987081	-0.13195742944296632	0.049361524842236236	-0.30403908564799886
0.9673003700415533	-0.020524124383757	-0.14028899129244551	-0.21030395468916427
0.9805687750570242	-0.0528634744695817	-0.09918832351756145	-0.16078559303602508
0.9806953535618049	-0.019389224111685997	0.11027402594954773	-0.16031319562503743
0.9206670624286009	-0.041340771752467045	-0.054262878470192295	-0.3843418280256915
0.969521454459539	-0.06518827092611368	0.12234654683361249	-0.2020147547933424
0.9257310580555963	-0.0012918554314252824	-0.09732391140793002	-0.36544273905643787
0.9395171022705175	0.02422392283833675	0.13464587805024836	-0.3139925216109609
0.9375201933449118	-0.12491400195970817	0.04610244150965423	-0.32144508717940923
0.9270815181415731	-0.01940665584103504	-0.10125757141891231	-0.3604027534019787
0.9525458030141501	0.14908462777997594	-0.003113559131082397	-0.2653687484791136
0.976721570880354	-0.09528357509513485	0.07912489250895806	-0.17514355449044972
0.9932551710229183	-0.009535437112458585	-0.022017303245497367	-0.11343931872637167
0.9481939480338756	0.08254649200945163	-0.12169662872373177	-0.2816100923726698
0.9427319401496296	-0.10901483574059537	-0.09039649474831898	-0.30199458330801776
0.9346294049907866	0.10906256079250214	0.06476133764797347	-0.33223365619093304
0.9802900424214881	-0.07468374954579765	-0.08524182444625522	-0.16182583739357376
0.9507140195000794	0.12171181440806937	0.08504994982039342	-0.27220505762209257
0.9330530823715171	-0.11761313652651603	-0.03544402816798821	-0.33811657229516706
0.9262359194188476	-0.04698760375930122	0.08777443973385646	-0.36355857079800563
0.9443130356128561	-0.1383627885592202	-0.03817143851258824	-0.2960938547076398
0.9280801694938301	0.10495821486116572	0.020818059596321426	-0.3566757358163082
0.9364716139560756	-0.12161407011159484	0.04871160590417385	-0.3253584387343157
0.9185664820875352	0.0389846241402569	0.030160313961739228	-0.39218130058392886
0.9781310665881164	0.05893012006793144	0.1045300943631463	-0.16988324489603002
0.9646132022816051	-0.13096092533281492	-0.061839718833171756	-0.2203326012977523
0.9734678471526109	0.13035847401465575	-0.017051158220343428	-0.18728661675617947
0.929273422059248	-0.08145416994677972	0.07586478964599773	-0.3522224566159067
0.9406800029679719	-0.09915118940645463	-0.09698191735726837	-0.30965251712390385
0.956337047578376	0.09360418447477487	0.11638902442676548	-0.2512196311415034
0.9802769933197236	-0.05522477083614763	-0.09901452028182217	-0.1618745373043517
0.9255020567571774	-0.06354181097711258	-0.07235059094320598	-0.36629738353713637
0.9642152993408805	-0.11690479564813891	0.08613407973410198	-0.2218175952890175
0.9925032786680184	0.01326630189803308	0.03533057575205881	-0.11624541919668094
0.9316661313943821	0.014281980726539589	-0.11808614096047634	-0.3432927438094419
0.9212035448676981	0.06357404772039495	-0.03404060388965781	-0.3823396483056122
0.9837632869442602	0.03203483312181781	0.09499062802771699	-0.1488635123674778
0.9654830372288618	-0.011907142551668887	0.14343726422828854	-0.21708633308039157
0.9312324723835766	0.11683718086615505	0.013835916301913585	-0.34491118127092785
0.9357162231883842	-0.08184937291879754	0.1001763228196896	-0.3281775954589081
0.9741817513293359	0.07764605347338635	-0.1041902862856691	-0.18462229009690578
0.9184117882691444	0.010910630103542783	-0.04627534115819587	-0.3927586257737805
0.9777980607447934	-0.09444910724373914	0.0755393745518889	-0.1711260396225292
0.9626631742417412	0.06400513824141399	-0.1318201418936196	-0.22761020501870838
0.9291092915416334	-0.013647547116134294	-0.10989600343392858	-0.3528350000467173
0.9318441311585642	0.11411773051535079	-0.03534701052797899	-0.342628439645779
0.9770882302254978	-0.062209968760970624	0.10597501026885914	-0.17377516318530303
0.9718258344616336	0.13339919513793194	-0.018707199251348495	-0.19341469154557936
0.9819011592123814	0.04837218058054128	-0.09619009109874073	-0.1558130676730327
0.9840988233758193	-0.09828956233754091	0.009978965062339766	-0.14761127335710886
0.9562748177461429	-0.04543042342938221	0.1422902091115513	-0.2514518760371438
0.9451364359112415	-0.08064765224657211	-0.11979914795182028	-0.29302088295909795
0.9268606105053289	-0.08189944678429852	0.06112941292582504	-0.36122719192422204
0.9401750634277722	-0.1157298030250849	0.07498116212196897	-0.31153697714267936
0.9848800387055842	-0.05867173516385037	-0.07504718676228957	-0.14469573805477498
0.9523731644317577	0.14508584925524104	0.03424196553814319	-0.26601304443994883
0.9179456424281481	0.03771769711827659	0.018007210850178937	-0.3944983057361153
0.9831346362276051	-0.01374045686500524	0.10194666724085602	-0.1512096687822491
0.9914281459122244	0.0505867781536218	0.007018137120505721	-0.1202578692661854
0.9791937250281454	-0.11355733226160208	-0.02749207621487077	-0.1659173496067502
0.971329757483532	0.09990747462556857	-0.09169601022871392	-0.19526607603231996
0.9294550326512894	-0.01508311607912177	-0.11091520275012688	-0.35154467665921574
0.9368376435906711	-0.0716075126351273	0.11061880500787011	-0.3239923975409291
0.95319141709622	-0.1281602223363828	-0.07650813540810511	-0.26295928392274703
0.953229743752601	0.05178127933797834	-0.1399977682111551	-0.26281624689384875
0.9258880033569346	-0.09706648904967763	0.01374275476267285	-0.3648570112178343
0.9522301293218475	-0.054589046811398534	0.13867439878054275	-0.2665468587374
0.9669545328591808	0.12343755348109403	-0.07063859798475128	-0.21159463662492548
0.9673279974904638	0.07507337700652633	-0.12023367658341988	-0.21020084764614685
0.9290896484111141	0.0841153860551664	-0.07192184880945379	-0.3529083092078348
0.9483932320138128	-0.012355962032359748	-0.146668669522068	-0.2808663544344096
0.9738685141319193	-0.08014702304862387	-0.10314146613159608	-0.1857913072324852
0.9618649214721914	0.08127525987353501	0.12263265556300716	-0.23058932491195064
0.950385407475155	0.07119092129066287	-0.13013327680288667	-0.2734314543950885
0.991528721905706	-0.04968286978964091	-0.005530713428996206	-0.1198825145484908
0.9199525186180303	0.0354610236826365	0.05151958693142507	-0.3870085418309748
0.924774332953105	0.010016523830512429	-0.0923108731574778	-0.3690132857478123
0.9817526584269518	-0.035711590086234146	-0.10215514526376528	-0.15636728014921955
0.9248559210330152	0.05129132398465261	0.07787522061667346	-0.36870879488829505
0.933599984755401	-0.10624900390093706	-0.06446295603145558	-0.33607550481173176
0.9661732692288141	-0.10985421164785676	-0.09179637691816907	-0.2145103521875596
0.9353709191300226	-0.015929521753568893	-0.12759098408430583	-0.3294662877487735
0.9387327793037227	0.1353945796117215	0.003318025210954416	-0.31691965477258266
0.9204787294676684	0.06552704913218672	-0.012872309594551802	-0.3850446962046312
0.9349136746996421	-0.0822474346822354	0.09744943234055499	-0.331172747194431
0.9574576979468863	-0.10242189833968328	0.10843007110000105	-0.24703730702870214
0.9568392066200299	-0.031801326876785274	0.145856799409669	-0.249345548084571
0.938765894521565	0.049731442227537934	-0.12603821170149215	-0.31679606709709107
0.9884154886542738	-0.07525765064157232	-0.008861525385279987	-0.13150125921864836
0.977186829309837	-0.11853909159343544	-0.03137406723496966	-0.17340718639296923
0.924161449861617	0.08973418818698622	0.0030425377903686157	-0.37130059658434506
0.988880688649901	3.5087310788658316e-05	-0.07263607105753522	-0.129765109199287
0.9277446600703709	0.015018161517393432	-0.10465150513558572	-0.3579278740310758
0.9807666333644023	-0.10922742477122682	-0.023475137522211025	-0.1600471757801909
0.9307046230691021	0.084681486626412	-0.07931849678189742	-0.34688114173128726
0.9839880447156854	0.012382070072390013	-0.0985032939714906	-0.14802470494512315
0.9367491348160407	0.0200445340206712	-0.13005402898273483	-0.32432271678476543
0.9358128291361415	0.109240960893556	0.06969030295844461	-0.3278170571535648
0.933322230536663	0.06686156664124761	-0.10389696096697917	-0.3371120976680785
0.9770259693957637	0.0038194450393496185	0.12299206738227286	-0.17400752376519213
0.9937303662223159	-0.00301518885297904	-0.004647820163069038	-0.11166586609870682
0.9328195018911422	-0.12207029966814899	-0.005791966521586089	-0.33898830651558254
0.9836573195980737	-0.03840495395169352	-0.09308647403319935	-0.14925898788738906
0.9356347062503955	-0.0825047561324659	0.09939997520386869	-0.3284818208131595
0.9367032631696844	-0.06903952460381392	-0.11191175907850429	-0.3244939120995939
0.9357980511863164	-0.08612231405277221	-0.09677173576918255	-0.3278722092131437
0.9630193177204881	-0.11556089717521047	-0.08964571863912112	-0.2262810594612405
0.9606705959055505	0.09268804822903404	-0.1152129491858917	-0.23504660860743312
0.952841513567575	0.11690853965291215	-0.09267889876843224	-0.26426514166939785
0.973390849653968	-0.1267630116629428	0.03545978654445006	-0.18757397533317038
0.9439061349595349	0.1327722549586416	-0.05328770055249215	-0.29761242861946724
0.9287221237874601	0.06165388590183339	0.09033131516025888	-0.35427992977634387
0.9701593091268222	0.13497199946061847	0.026826125238782514	-0.19963424876719632
0.967478173482685	-0.13984908288145464	-0.02188898303000778	-0.20964038321310005
0.9327886137299275	-0.10394343969379635	-0.06410868614073516	-0.3391035827025878
0.9249486629008655	-0.09359746123553765	-0.004292325059407659	-0.36836267752548896
0.9907512019990368	0.00819109390530921	-0.05717506118049459	-0.12278425834407633
0.9281470806984657	-0.05162948448716594	-0.09401002782317153	-0.35642601980101224
0.9524713342029578	0.1329202462001508	0.06754563243319121	-0.2656466698660628
0.932269967636957	-0.09906165167913725	0.068933034275727	-0.3410391962727008
0.9746065572272543	-0.0024873943829327103	0.1289704125581285	-0.18303689290251965
0.9510644272222734	0.07719964520535613	-0.12700910614934194	-0.27089731819950036
0.9486515060607191	0.09294339777606941	0.11435233406596496	-0.2799024625690787
0.985415095298119	-0.09062048198355535	0.019546046802102493	-0.14269887966651035
0.9545828744745354	-0.13113274144378395	-0.071639914916293	-0.25776629429030745
0.9170010327630057	-0.002454661793024209	-0.026081889052674126	-0.3980236369997474
0.943137625887369	0.13246811361109775	0.051527278950630855	-0.30048054352286796
0.9459630456780098	0.10246590228026958	-0.10291651789810605	-0.289935933311486
0.9564562601593684	-0.05361766330722354	-0.13938653636702905	-0.25077472373233867
0.9395056229469017	0.07355238123068483	-0.11533005867122867	-0.3140353630299319
0.9442673858103967	-0.13725898832730227	-0.041792163472427035	-0.29626422208977377
0.9830099126282494	0.09329492939304974	-0.04452211406154577	-0.15167514359194756
0.9626798067529091	-0.12848795768179788	-0.0704292708125655	-0.22754813164197202
0.9744265521725005	-0.0583871857620826	-0.11547706056786194	-0.18370868091247988
0.9851080757383727	-0.08574322031509272	0.03897285969714329	-0.14384469226240104
0.9488288734686618	0.14744898377116922	0.002701656112165697	-0.27924051839102987
0.9195582321681849	-0.015005579070902485	-0.05719046799048719	-0.38848003889453364
0.9775932687307566	-0.09042210715265718	-0.08117238821358336	-0.17189033382389884
0.9322738331934582	0.12039458450773785	-0.008529380609627664	-0.34102476981943886
0.9438273627826798	-0.06518654581208519	0.1272493385400466	-0.2979064103857138
0.9241830202375669	-0.04152029468254659	-0.07973362789340534	-0.3712200948453618
0.9451001779093428	0.08830039513650552	-0.11422844012246887	-0.29315619966436524
0.9555709186331476	-0.11650394864109084	-0.09356805353737685	-0.2540788632902451
0.9292612824103476	0.08753398684267193	-0.06869274876227488	-0.3522677624023891
0.9286775922345932	-0.10181794441281311	-0.03948393602702685	-0.3544461237941833
0.9307643287451314	0.07688970438994595	0.08714211880345035	-0.34665831711484574
0.943890383051916	0.1392732523563744	-0.032645878755346004	-0.2976712155390173
0.9436034670478292	-0.10791675177255196	0.09337927346865046	-0.29874200064377404
0.9442234837919038	0.07939892754004016	-0.11944967250491886	-0.29642806665334387
0.961410763788364	-0.09180896213048922	0.1153450398909554	-0.23228426446264247
0.9604356243846747	-0.08628243142189863	0.12024491432998907	-0.23592353426167328
0.943644023314835	-0.05603666311078655	0.13129919194137393	-0.298590642594743
0.9770653107415341	0.11070025728581558	-0.0534910144344341	-0.1738606998639387
0.9753079411880654	0.0620024607952886	-0.11126092605993643	-0.18041929232515863
0.9289605966024576	-0.027965207802548256	0.10661008141231762	-0.3533899371145497
0.9295864416324398	0.0875381122191676	0.0704772220662517	-0.35105425166499166
0.9677037461982593	0.12328827722393328	0.06893933807850336	-0.20879853437777582
0.9488080797153139	-0.12100962468412468	-0.08426912525459722	-0.27931812173500437
0.9826377647174411	-0.10478297067466445	-0.003867641065542434	-0.15306401850301465
0.9688906999318032	-0.13548271535408718	-0.033595449735055426	-0.20436876273795623
0.9484344407667047	-0.14427025859405934	0.029302934925301796	-0.28071256127490046
0.9653862779899121	-0.03311136361997367	0.14017696384802902	-0.21744744347625358
0.9634667799753368	-0.1200740128730025	-0.08284832927084594	-0.2246111075916757
0.9578290115797401	-0.14199854032716577	-0.04533560657508936	-0.2456515456853487
0.9337241919984389	0.06971143551119517	0.10326695167111485	-0.3356119570700461
0.9839633459054782	0.04274361810935268	0.08972461337173118	-0.14811688215970276
0.9300945834414964	0.11326563593693446	0.013555954590646613	-0.34915784061614213
0.93257156324716	-0.0925241359100252	-0.07879270566866851	-0.3399136261320838
0.9437987208252336	-0.12675421410435805	-0.06607128451361259	-0.29801330362613077
0.9865336398673197	-0.018185438875093822	0.08503913104835023	-0.138524414503723
0.9453893128400029	0.12608822486105073	0.07093486347770042	-0.2920771334128986
0.9897278353441463	-0.06448627225506257	0.015870812913477694	-0.126603514694899
0.9334134914800893	-0.08132889398780575	0.09332639964303914	-0.33677150719046434
0.9273112325786851	-0.10402205979040065	-0.0006001893888259134	-0.3595454474514447
0.9492280519586648	0.07959705490637373	-0.12443844796006956	-0.2777507639850504
0.963184516187719	-0.004125178643145315	-0.14606194029268485	-0.2256645303882021
0.9374879538509797	0.040376292672035304	-0.1268139607728548	-0.3215654066087739
0.9862617591541503	-0.0772317724753122	0.043032997931046035	-0.13953908713886912
0.9328770293736297	0.031743955667539056	-0.11817448885688416	-0.33877361102810755
0.9460296182174615	0.1237314912524237	0.07615538560667626	-0.2896874812118638
0.9812824812775924	-0.07110341850790754	0.0838237871884753	-0.15812200515918665
0.9701062584137703	0.08933035445488152	0.10479032553346611	-0.19983223672368391
0.9527334985143542	0.008874204995062446	-0.14889876357564694	-0.2646682593360002
0.9770648669590316	0.10812670738699753	0.05852129562235462	-0.17386235608278594
0.9253719819110824	-0.09544633791417868	-0.0068591309633033205	-0.36678282947154983
0.9778739801908851	0.10267457729317121	0.06350732555528481	-0.1708427043924321
0.9473139366996214	-0.09264206179478478	0.11335329332844925	-0.2848943393833431
0.9390371882529338	-0.11469584452010283	-0.07303937091924487	-0.315783585107848
0.9524993107038985	-0.014524290267449474	-0.14839614610528526	-0.26554226014313387
0.9721833604975261	-0.11053237018922907	-0.07581051341165312	-0.19208038621460033
0.9817574674461981	-0.10515080931750112	-0.02550428581526571	-0.15634933264505818
0.9779808207211791	0.08640438764907628	-0.08388473729672083	-0.17044397010506745
0.9326569576909074	-0.07024243744778194	0.0994599565366076	-0.3395949297293343
0.9682611366932843	0.09018910377471445	-0.1077210794147604	-0.20671832473068652
0.9452839100639744	0.04704951485901078	-0.1366955669636231	-0.2924705019282957
0.9422567209805439	-0.07835708147328391	0.11720650812113059	-0.30376812539177594
0.9359616323000477	0.03930820603821551	-0.12381622236032978	-0.32726171618553984
0.9188272442687921	-0.029004386801912647	0.04326020495153683	-0.3912081228747857
0.9185643636346081	-0.020822025607977954	0.044649515257705	-0.3921892067578861
0.9799808887021234	0.11132189961289221	-0.0261254207778073	-0.16297961478159168
0.9892167977803138	-0.00268368391875738	-0.07019911945910219	-0.12851073284769826
0.9825162035267968	-0.040216108939305634	0.09734933449172267	-0.15351769104272775
0.9843026374675127	0.06462866347708932	0.07352786240125496	-0.1468506288116109
0.9189044350508229	-0.05258217562471973	-0.005592322152013033	-0.3909200429543709
0.9446359856785668	0.10230067551820661	-0.10118372710665591	-0.2948885886540998
0.937887073140793	-0.07218631374519967	0.11273158198286903	-0.32007587314091
0.9810505180626903	-0.10474071944966942	-0.03594680489497801	-0.15898770366268844
0.9840122098794628	0.013963290285462213	-0.0981854129913702	-0.14793451932613244
0.9898995235261058	0.06331292277871915	-0.014959572021432856	-0.1259627656767676
0.950380244887613	-0.1407415460805825	-0.046839195994183055	-0.27345072143409416
0.9260859978167879	0.060914849082458346	-0.07792384344664308	-0.3641180858340445
0.9499718002124214	0.14504619785119718	0.030064878600628224	-0.27497505771398967
0.9182275855306639	0.0361259871585359	0.027444426567047295	-0.39344607975268286
0.9241257469366937	0.0845729745085389	0.02959589601537404	-0.3714338417141375
0.9372381019918408	-0.10618260767410943	0.07940478665025855	-0.32249786644144607
0.9836851281415353	-0.09692688595222608	0.02686023598323675	-0.14915520499030605
0.9692825537230952	0.062697164093028	-0.12405406898850853	-0.20290634447971623
0.9294399848629765	0.09228891053678687	0.06325285618738989	-0.35160083576974077
0.9840557425300805	0.07659200584423655	-0.06270072175812737	-0.14777205326223888
0.98156542901273	0.10234363561000494	-0.03722030479203124	-0.15706602983576667
0.9695412859877379	-0.0630497717542421	0.12342753970017269	-0.20194074252251235
0.928965992847708	0.05548701352174251	-0.09525314318602748	-0.3533697980531051
0.9754844895930453	-0.09175724448345086	0.08773149689533212	-0.17976040470777838
0.9828676516845387	-0.10375126439119729	0.006337749747732293	-0.15220606866180872
0.9720986337554174	-0.09758082894115483	-0.09211829325914958	-0.19239659072090964
0.9699109264341632	0.06555623342699603	0.12145110057117885	-0.20056122559592052
0.9488674042878467	-0.09012475532131117	-0.11676128968732254	-0.27909671941617464
0.9309338346115476	0.10505167580175251	0.050917061973161315	-0.3460257126091998
0.9804555797813347	0.08629019046515925	0.07261422586487959	-0.16120804355607524
0.9536452141729079	-0.14670072806659723	-0.027927423915955242	-0.26126569017622137
0.9294458002773952	-0.09198533502105484	-0.0637284566378396	-0.3515791323476629
0.9698770073632363	-0.051952844665578035	-0.1279214372784185	-0.20068781329196536
0.9789047719382944	-0.04686409431264542	-0.10798901745709054	-0.16699573721907796
0.9604518191212801	0.1260952446540311	0.07746543093126135	-0.23586309468184666
0.9880057610242547	0.07525818516760775	0.021994062844246386	-0.13303038355114424
0.9350445083508813	-0.02887329516571462	0.12452261623008967	-0.33068446936066703
0.9807057496519684	-0.10525873652514665	0.03806505860729473	-0.1602743968883473
0.9548430435047562	0.0754158254898162	-0.12900920082521394	-0.2567953302509672
0.9337678187917343	-0.11812399511586227	0.039978207408024075	-0.33544913966089634
0.9786607895412479	0.07917207745270168	0.08810401977016588	-0.1679062919210078
0.9594714902214975	-0.14795074858759533	0.012424788572568124	-0.23952173194396348
0.9936740029306723	0.009662996294098279	0.0015213560732880624	-0.11187621676680279
0.9650807931175562	-0.031560410128461246	0.14086339352196553	-0.2185875285408291
0.9325586493532323	-0.056974982762764886	-0.10730413234643124	-0.3399618214403455
0.9801050491332773	-0.11104892743443259	0.025508813152462846	-0.1625162417442355
0.9472488497449161	-0.06011755521641342	-0.1334250593702995	-0.28513724720521305
0.9835615986800091	0.055491626529468784	-0.08451181418851034	-0.14961622321695306
0.9387120227817439	-0.03460575013450225	0.13090075164923143	-0.31699711916719564
0.9343578177412034	-0.08478217437710475	-0.0934544414586981	-0.3332472336050654
0.9675803630187254	-0.1271377664884614	-0.061926549712344334	-0.20925900667259564
0.9322384539034464	-0.11761618934066109	-0.0266445119940423	-0.3411568071272987
0.9817523518501875	0.09897119086825337	0.04377143924727807	-0.15636842430928066
0.9249490401842798	0.07582209579417111	-0.055047779203521136	-0.3683612694846181
0.9735661931806188	-0.08974426722977162	-0.09579093364876178	-0.18691958438293127
0.9668713130824541	-0.1080401604972783	0.09264646048687082	-0.21190521705986376
0.945017298435715	0.0896635169136322	0.11305199596114274	-0.2934655100708482
0.9462954952599832	-0.09585968343731191	0.10950264754890188	-0.2886952145806062
0.9369232711716204	-0.015100253585146682	0.13108266366473284	-0.32367283105829686
0.9559032069776361	0.14473155389937783	0.03707296268478649	-0.2528387463058508
0.9415537220036891	0.13807974009538307	-0.02312287766297481	-0.30639175329106716
0.9588121385102967	-0.11501766978123801	-0.09431174273301243	-0.24198246603022258
0.9784082619299713	-0.052775239980836844	-0.10687446269633612	-0.1688487377966063
0.9554731796166717	0.14038113224154672	-0.05121112926936697	-0.25444363026561484
0.9833634381779478	0.08301788843734073	0.05913984781492561	-0.15035576827869931
0.98218536579007	0.09539707274952308	-0.04757102270952328	-0.15475239428525356
0.9583294614972276	-0.13182466149761463	-0.06925561806460583	-0.24378384116664176
0.9338524537427744	0.10685958978264494	0.06470169141819361	-0.33513327772351853
0.9418127657935311	0.09072988338380938	0.10710919065815237	-0.30542498870599155
0.9290272526395131	0.06592015679273289	-0.08862397211165163	-0.353141173397627
0.9829242042317212	0.0893755896124002	-0.052626316045610355	-0.15199501168242605
0.9207024043437806	0.06594693271714934	0.018461154744255918	-0.38420993020260413
0.9545222129491245	-0.11800066556008351	-0.09166767035888701	-0.2579926861852053
0.9389459260178457	0.06341067264553962	0.12010469254679186	-0.3161241804060092
0.9867516715958584	0.041528194637823125	0.07504870602112773	-0.1377107090151543
0.9920790888692923	0.0407143923494703	-0.015422718540737748	-0.11782851707757908
0.9760265991796346	-0.112440220545876	-0.056024580637473155	-0.17773722418735716
0.938354808856403	0.05420653162323111	-0.1233602464080423	-0.3183302596857389
0.9450264587839686	0.044926171722714014	-0.13713019312329633	-0.29343132318575105
0.9176114093363041	0.0076210858249530986	-0.03628466315283538	-0.3957456806164479
0.9402178508812596	0.1276240411352525	-0.05240876754418132	-0.311377292192338
0.9752824724756746	0.10567783360782444	0.07121001607745206	-0.18051434285380463
0.9286180883933314	-0.028807633384445367	-0.10511440203132531	-0.35466819515301795
0.9519314607876999	0.06431590216515913	0.1343401559321301	-0.26766150488146123
0.9312905277225132	0.053526840701067446	-0.10496914346032404	-0.344694515796366
0.9265747259666446	-0.10064927950337746	-0.00848321164102343	-0.3622941275476901
0.9756376395711408	0.008054635518409462	-0.12632370436750048	-0.17918884120834816
0.9619179838805592	-0.13445302590288719	0.059632441511377185	-0.23039129330795022
0.9552867940938888	-0.1493446741281673	-0.005223255302521143	-0.25513923050643583
0.9551866399754458	0.08854597118057222	0.120379380002912	-0.2555130107650524
0.9238379684817816	0.03407381006136288	-0.08124215948973389	-0.3725078455291936
0.980760516025496	-0.10683031723030069	-0.03276715894155715	-0.1600700059997963
0.9599724043673779	-0.019110551900635105	0.14700053192866464	-0.23765229490130796
0.9632072385660071	0.05577597451563267	-0.1350357062473231	-0.22557972931796222
0.9740162529881855	0.04608915897221126	0.12187819162292592	-0.18523993831464763
0.9263356175616033	-0.0031519344294974327	-0.09993978578732551	-0.3631864922638211
0.9657039369971703	-0.1093132646201308	0.09325929716626845	-0.21626192392168364
0.9438477769173823	-0.07438846899503425	0.1221265224315987	-0.2978302237978111
0.9252517318389188	0.08365867157149463	0.04529243712877076	-0.36723160885047795
0.9748656277922312	0.12225650368362861	-0.03925378730660427	-0.18207002839128042
0.9933017436671132	-0.011972667130991068	0.01947372939607337	-0.11326550725199347
0.9231664931460795	0.003787207346242851	0.08434401936824941	-0.37501382559806307
0.9381045457327566	0.05943530316842828	-0.12040615386677184	-0.3192642543784485
0.9775722814783757	0.020665712517457586	-0.11980042998392676	-0.17196865931609523
0.9478524629563573	0.1294465299845499	-0.06925060201590741	-0.28288453203199465
0.9313311868516374	-0.00015062929455634047	0.11795115382531109	-0.34454277386068316
0.960958057637735	-0.12739302631893307	0.07474553758322877	-0.23397378681768874
0.9784935181050326	0.027830950108314316	0.11564309083701173	-0.16853055741961873
0.9629379862602948	0.09868604628129159	0.10803203821689497	-0.2265845926029357
0.9587306098100709	-0.1356147345304941	-0.06116698045472829	-0.2422867352817401
0.928067339704574	0.0162422200428053	-0.10571406795587697	-0.35672361724166246
0.928639119461736	0.04842271671896646	-0.09772802368013166	-0.35458970613719437
0.9477682730254526	-0.13094794418297492	-0.06623000915937455	-0.28319873313161653
0.9263676954398907	-0.09434602095888489	-0.033529648748567197	-0.36306677599225345
0.9328707101527938	0.030466617384053873	-0.11849254930271307	-0.3387971946813314
0.9471425635846573	-0.12661469614193835	-0.07321248355267077	-0.2855339125554401
0.9453813283803996	-0.1257694159427135	0.07148243381970615	-0.2921069318218093
0.9524891685376066	0.07640750054784008	0.1280370344913196	-0.26558011122303443
0.9841292039636709	0.09755974200002088	-0.014703015393731358	-0.1474978914596831
0.9837796909064547	-0.04686532329890836	0.08853834843372947	-0.14880229194712274
0.9351390251073393	0.10037567807825645	0.07950268192143117	-0.33033172802339905
0.9541607031503538	-0.14928387401576326	0.005785985637161643	-0.2593418591216513
0.9401254364829257	-0.13677193839368176	-0.016937485483319636	-0.3117221874222712
0.988643652717697	-0.056894007363848434	-0.04772258875094914	-0.13064973934149127
0.9764846099595698	0.11154467482544504	-0.055224711877654126	-0.17602790468622503
0.9168939966498051	0.011548300898207768	-0.02076217893574665	-0.39842310121245683
0.9889055761701607	-0.0591101564793462	0.04191496369415301	-0.12967222770920322
0.9730842927050513	0.1295137671665089	0.026807399923251447	-0.1887180614419411
0.9257179409237196	-0.09193517145155224	0.031781135177134476	-0.3654916928590512
0.9538523676894951	0.1434821782034477	0.04149866907711835	-0.26049258272735154
0.9298528703867495	-0.053262272083391016	0.0999740866564569	-0.3500599260173105
0.9423142052398927	-0.021125649113260016	-0.13947352011395206	-0.3035535912152509
0.9303944392619606	-0.11221664684233527	-0.025350161570657184	-0.34803876345922424
0.9790213231113004	-0.10752315814185846	-0.04704818606564211	-0.16656076231973777
0.9417659007186094	-0.13173451528819358	-0.04828780396845726	-0.30559989154669975
0.9329435924387448	0.059141686080504095	-0.10732756928144956	-0.3385251942871901
0.9816449662637009	-0.07608805527209829	-0.07750605299601174	-0.15676919277404908
0.9689716010671136	0.1368268913997903	-0.027003050334143783	-0.2040668355905883
0.9662045915297938	-0.14296260017588883	0.006769666252099387	-0.21439345576889315
0.9753125327245723	0.1265894828193235	-0.013986718276164444	-0.18040215647763008
0.9305901034804324	-0.09882267166853527	0.06010757543438774	-0.34730853465466444
0.9588230709194854	-0.09012520492562859	-0.11832158085696562	-0.24194166572368095
0.9819216743665198	-0.08384463259535196	-0.06742435978601413	-0.15573650407546286
0.9249149312893876	-0.03216262202455433	0.0878300212607969	-0.3684885656133455
0.9328249429702284	0.07812588855760541	0.0939929050311651	-0.33896800013198436
0.9557801812348504	-0.14875435519194655	0.014020292892743272	-0.25329788462856584
0.9356746896757085	0.10811931222648638	-0.07085755275157918	-0.32833260063843045
0.958382630690358	-0.14278207755087396	-0.04221562567904508	-0.24358541103648185
0.980187738379943	-0.11082521169182495	0.025267589818920362	-0.16220764127443965
0.9889514180830319	-0.013349045405603588	-0.07089675258040926	-0.12950114336125157
0.9385250695434078	-0.11005573755521793	-0.07828421476730929	-0.3176948381513057
0.952362967843519	0.14767115059633198	-0.0203671716765054	-0.2660510986253192
0.9225442265347257	-0.034997260754427134	-0.07283383173833866	-0.3773361562074893
0.9249667488902549	0.08366869283596098	0.042364181811329095	-0.3682951796941828
0.9760626277499616	-0.06207647789555364	0.10911240037935964	-0.17760276373237294
0.9772707921303151	0.10656405812218711	0.06020320077938085	-0.17309383288099833
0.9522036514073187	-0.13182242040459027	-0.06950639810281496	-0.2666456756596998
0.9378471038899415	-0.1009379720344161	-0.08780808059347198	-0.32022504041582844
0.9330273441554174	0.056063892722589936	-0.10922011183573864	-0.3382126286253468
0.9631600378121736	-0.1434350837116122	-0.027989261191169186	-0.22575588492942442
0.9811954138184248	0.051483845223472643	-0.09746557902646716	-0.15844694534048653
0.9291605449442016	-0.1012675667349243	-0.04525448675551969	-0.35264371974427144
0.9724405823156977	0.11340570436033483	-0.07050847210348415	-0.19112042132036805
0.9479296344146274	0.07349827474680971	-0.1271480094282794	-0.28259652422883663
0.9546023784878289	0.1168938525950867	-0.09308159883262102	-0.2576935043217442
0.9746307444816031	0.09722765949836532	-0.08468899928098025	-0.1829466248403941
0.9391258743448391	0.07991401701214575	0.11020887706159928	-0.31545260410693277
0.9203998632606731	-0.016163755340007087	0.06416118400110708	-0.38533902889613775
0.9573537592272482	-0.09028519288069678	0.11875659265519542	-0.24742521161126535
0.9536136599033306	0.13208673495088538	-0.06966184717961672	-0.26138345231347987
0.9666052610416238	0.12471806861151993	0.06923912216541676	-0.21289813679369973
0.9295765799641752	0.07871506113544972	-0.08016477774649555	-0.3510910559120022
0.9794511719956724	0.11249222976396656	0.02846468626620036	-0.16495654444368463
0.9890850976331527	-0.052813314750857154	0.04774771556873449	-0.12900224448826814
0.935376667068057	0.003003136647555058	0.1285596041053235	-0.32944483615199033
0.9286154994675372	-0.07236129808460623	0.08149057817726854	-0.35467785715561895
0.9812066844077112	-0.09430443145213038	-0.056991312903643065	-0.15840488292863802
0.9841295616895935	-0.08938951002346163	-0.04175269038143509	-0.14749655640836445
0.9906192458809565	0.046421056332565866	0.036351674282989695	-0.12327672528112127
0.9720593697230057	-0.013394238677427762	0.1335976073942397	-0.19254312608478003
0.9448378841821391	-0.12584855238634546	-0.07020015267792838	-0.2941350931807958
0.9336439488795164	-0.08542984592022355	-0.09041145044787442	-0.3359114284668227
0.961301685019983	0.1322947428428631	-0.0652066416330573	-0.232691351968267
0.9711355902176992	0.04557556899798064	0.12808657747210234	-0.19599071813357466
0.9508954003696204	0.06920339469985053	-0.1314583569825562	-0.2715281350014448
0.9699720765377795	0.1285265474895548	0.05001781993057142	-0.20033301030233636
0.986451268015001	-0.07651819506697263	0.04224434295262695	-0.13883183044168979
0.979566728545548	0.009793462145586601	-0.1152585969191699	-0.16452528152840162
0.9813899132959466	-0.10300023148798228	-0.037267365774121	-0.15772106340832936
0.9781648725440639	-0.07347895241979165	0.09474629112751162	-0.16975707935083573
0.9221349122728895	0.058063064085491285	-0.05251811415855014	-0.37886373782892446
0.9688412279407914	-0.07481315387816266	0.11793038521391386	-0.2045533947219641
0.9586879499134782	0.12014414295112139	0.08776539041282526	-0.24244594418326992
0.9521414370119206	0.01976766498362848	-0.14768930095392732	-0.2668778629442881
0.9220148836776179	-0.07731869139333092	-0.00574591840573813	-0.37931169064483916
0.9315377972541363	-0.10433510493048223	-0.05632531423251131	-0.34377169334118496
0.9262774607299562	0.008581717677879817	-0.09936945966561185	-0.36340353651433543
0.9306483322571698	-0.1155342222899506	0.008556215622884264	-0.34709122190141806
0.9447455234810583	0.09948933856933419	0.10411254404350159	-0.2944797880098519
0.9492032373517058	-0.015876530657343867	-0.1468475735442159	-0.27784337335899134
0.9871105119276615	-0.048263553393663734	0.06845641684730726	-0.1363714986650601
0.9453156898363604	-0.14193440243607683	0.027626790826388928	-0.2923518982030984
0.9739977441474338	-0.12823160703846875	0.02335848004919378	-0.18530901424872248
0.9265306200592935	-0.10018169919510714	0.011327139343268715	-0.36245873303483833
0.9294150033574201	0.05090496031250387	0.09953752594299087	-0.35169406801772696
0.9381812366783044	0.013973356845445095	-0.13369264198862627	-0.31897803987318313
0.9503313506129765	0.09336679472942948	-0.11522950573272306	-0.2736331973512365
0.9411439394152064	-0.10742190130592616	-0.08884383620378089	-0.3079210827313417
0.9195250175040989	0.05260360836564085	0.026335062863125612	-0.388603997708459
0.9811972305945508	0.11022112791543587	0.00010833666287405827	-0.15844016503967823
0.9817769223455662	0.020462578580073228	-0.10617411429790526	-0.15627672597215983
0.9830416741793593	-0.031738629592071445	0.09824622552218902	-0.15155660786947855
0.9771143121491773	-0.022914824136152815	0.12065879676448726	-0.17367782412097205
0.9468821270406397	0.019462437544302234	0.14474057697681697	-0.2865058749698618
0.9899699221811525	0.024741817861143676	0.05955583092933322	-0.1257000343193484
0.9776129072291546	0.11082625781373694	0.0496935437806897	-0.17181704195009279
0.9581591600744467	-0.13753547225963483	-0.05722034200573296	-0.24441941472906162
0.9804219648247136	0.10963416843901773	-0.026918821990074795	-0.16133349628207988
0.9413526113131332	0.08526045260270623	0.11067754361206589	-0.30714230860616715
0.924337543509952	-0.08941105925320421	-0.015140463162046407	-0.3706434061418686
0.9251956484875605	0.0725921502587364	-0.0610783586512779	-0.3674409147672061
0.9878174405425049	-0.03187839446301822	0.07291023223740999	-0.13373320515714043
0.9881235907599983	0.006389332444635671	0.07739941083030169	-0.13259063699070683
0.9292990447331687	0.10622031972284532	-0.033574151922009056	-0.35212683149500895
0.9739817721790712	-0.11295564845391552	-0.06510762442055817	-0.18536862244614824
0.9710620783644522	0.1113310036812405	0.0782551635589381	-0.19626506810485095
0.9499423788917172	-0.02851250672705946	0.1453438467112059	-0.2750848595776837
0.9509417263940465	0.14640313157266613	0.02534339486063375	-0.2713552439245738
0.9420093517110282	0.020332402113374462	0.13916958785930603	-0.3046913200738401
0.9666113502370238	0.12018591518841786	-0.07682384080734396	-0.21287541160708956
0.9310030097807926	-0.017122760493056152	0.1156936041568826	-0.34576754736295495
0.9358986433812755	0.053778254469503455	0.1180994435334355	-0.3274967940307114
0.9199318612593416	-0.06146027544608783	-0.01061675438476382	-0.3870856361431511
0.9224493036798295	-0.018859873121891305	0.07798422378962912	-0.37769041312476137
0.9874369053228912	-0.057385444614559966	-0.058385204507699316	-0.13515338193080823
0.9445214066886377	0.04299769191819824	-0.13718181688978393	-0.2953162032659948
0.9297690213259708	0.1112537382078419	0.019774610385154587	-0.3503728549723032
0.9460408661935227	-0.13241297471331506	-0.05982446070827943	-0.28964550319372073
0.9686471490394162	-0.1223186467358596	-0.06798464760416344	-0.20527770704257342
0.922660212863364	0.08083335805769855	-0.010392800956931177	-0.37690328933602746
0.9189656694748701	-0.021193655068856704	0.04912299871307018	-0.39069151297265414
0.9324016956468568	0.10162946453878682	0.06577138593581343	-0.340547580646975
0.9200687645500047	-0.04915526973853421	0.040214730571013164	-0.3865747061066731
0.9431737197268565	-0.07492429418807282	-0.12083898900620531	-0.3003458394800608
0.9587884828577666	-0.08409194470849005	0.12269858152084734	-0.2420707501273505
0.9268546672437095	-0.02131179684084636	-0.09992559235662324	-0.3612493724785482
0.9627073812467657	-0.06998464818892952	0.1287063246140402	-0.2274452222299065
0.9256795272529128	-0.022475690122884206	-0.09446302453282412	-0.36563505463020773
0.9241026814355854	-0.0022296415662984397	-0.08945506931599025	-0.37151992333617617
0.968549618567745	0.07847637583089892	-0.11603701043586218	-0.20564169571813626
0.9321482077702001	-0.11950209142744535	-0.014180374889240045	-0.34149361028176034
0.9749528321293399	-0.04810290672929031	0.1188359965756099	-0.1817445773745503
0.9790929465385977	-0.1083447664864991	0.04455220261596793	-0.16629346005005227
0.936951353273321	-0.11263638965054984	0.0688399381288454	-0.3235680272279674
0.9785155624593493	-0.03188086952213643	-0.11452545074291191	-0.16844828676928825
0.9533412310835768	0.14448167741189163	-0.037572496915823594	-0.2624001705102469
0.9793935781228853	0.11620963084920202	-0.0013858136521020838	-0.16517148770313106
0.9621642995839144	0.05050610871320481	-0.13795499543878595	-0.22947203058832655
0.9312330435748765	0.10821120782114284	0.04618550195196322	-0.34490904955597596
0.9756507212814013	-0.02485528061494606	-0.1240835946690166	-0.17914001960100617
0.9898451375849062	-0.057060728438280556	-0.0321385085878695	-0.12616573677254178
0.927541906464039	0.04964073061730835	0.09245104362185574	-0.35868456079132444
0.9512000708974523	-0.12083068299927033	0.08664311916958023	-0.27039108911200704
0.9394573455551688	0.06206632738904745	-0.12180420098548633	-0.31421553670873575
0.9397215948905276	0.025286663163716798	-0.13480091372685493	-0.3132293447633102
0.9805578372017424	0.09639003548084918	-0.05788051165150093	-0.1608264136676628
0.978391198587905	-0.04489608532734618	-0.11046989968585824	-0.1689124190561448
0.985170237111762	-0.014678697521319716	-0.09273365799895476	-0.14361270285864378
0.951405720470642	-0.08497981681926242	0.12210120024620273	-0.26962359445630846
0.9653512510721016	-0.1422031017474419	0.023129671675877893	-0.21757816571315453
0.9633793378384559	0.04551402908299321	0.13867901762495252	-0.22493744608923807
0.9294623561090132	0.10886725999867158	0.02613817783144966	-0.35151734514290345
0.9652411412601821	0.14027340142893951	0.0333716026095216	-0.21798910112564995
0.9426119536741492	0.12700729797881907	0.06229332610675617	-0.3024423789307317
0.9785311731870059	-0.11113218676205527	0.04208537823364178	-0.1683900267405311
0.9349314759194355	0.0690605642872343	-0.10724916716688115	-0.3311063121377257
0.9233260001977942	0.0752868965968926	-0.040146476531115194	-0.37441853717689816
0.966905562394227	-0.11685853928056228	-0.08116679971252609	-0.21177739688820288
0.9287475202069024	-0.09141310042212213	-0.06020439331250137	-0.35418514904865495
0.9562001361071649	-0.1390630435426108	-0.05453878278384627	-0.25173059170820206
0.9165777180086283	-0.012746772674815197	-0.006314591295680832	-0.3996034691706772
0.9447637331444907	0.11619360925051138	0.08510116845508504	-0.2944118286207336
0.9629452390646585	0.1114729577964453	0.0947730669207557	-0.2265575247685533
0.9897074715071067	0.041889666673383744	0.05173661673158181	-0.12667951356936827
0.9310347745111753	-0.08244283871025293	0.08309149144569496	-0.3456489997752778
0.9867932409905555	-0.029817761283309104	-0.08017771405329441	-0.13755556992210488
0.9176784389538419	-0.01524145629407491	0.03488942863941609	-0.39549552267818466
0.9804306010400172	0.0015927501145194742	0.11285034977093979	-0.1613012654877812
0.9771828071446997	0.09080168211133886	-0.08242303940091592	-0.17342219731761832
0.9856018530033064	-0.040438400268619584	-0.0823965184745622	-0.14200189042204564
0.9395595617223007	0.09378446133398521	0.09970199136953439	-0.3138340607796445
0.9839290032298397	-0.07878189130514472	0.060832023866567136	-0.14824505077005362
0.942128807094867	0.06278427550786729	-0.12604014185227277	-0.30424550651211574
0.9328240576120044	0.11867336968971583	0.02922950059385066	-0.33897130433385936
0.9352506950830228	-0.1264700496270969	-0.021623516449282117	-0.3299149700004682
0.9571677929848186	0.1406295165140559	-0.04989984356470902	-0.24811924707650518
0.9189562915450746	-0.04181419509838946	0.033221984131699946	-0.3907265118831208
0.9222495275530808	0.03661905559616969	-0.0700075485101072	-0.3784359877799267
0.9516198508232417	-0.07348071149372042	-0.12943593057219918	-0.2688244491009635
0.9380427620151969	-0.061139683553480643	-0.11941845145794225	-0.31949483435146186
0.9646615116839312	0.008845667448075589	0.14450911133084382	-0.22015230815378792
0.9629848618671868	0.09278524188620772	-0.11309166584224158	-0.22640965045637923
0.9871651843505466	0.03663319946424545	-0.07497553450736298	-0.1361674584050802
0.9286326801914225	0.06281133359265137	-0.08913573133882778	-0.354613737821168
0.9184098751078275	0.04521979338727468	0.014612488309765099	-0.3927657657890181
0.9364515108683312	-0.12343545580213142	-0.043764326116447524	-0.3254334644791664
0.9806413840343977	-0.10512404084602611	-0.039070079130313615	-0.16051461264338202
0.9443927200134408	0.10793760615088667	-0.09474340505336531	-0.2957964684760872
0.9214824578577576	0.025765022597061364	0.06940836634542275	-0.3812987308558191
0.962932926334574	0.13294402318362183	-0.061130438550100974	-0.22660347650280852
0.9299325274543362	0.1134116209592144	0.005421532915076868	-0.34976264179389494
0.9772064393070218	0.1016181425210953	0.06853212548806066	-0.17333400088713957
0.9641896795436028	0.1254406628060463	0.07319446255357379	-0.22191320967413736
0.9777683516575627	0.026710257437595118	-0.11804038051943827	-0.1712369154455205
0.959926996605181	0.049948479689314915	-0.13959269867161175	-0.23782175897688462
0.9184710532739874	-0.043881323948629765	0.019992683133957592	-0.39253744576459554
0.9751587530714054	-0.05815858065616499	0.11371300676444712	-0.18097606995641918
0.9242361530562597	-0.08940532297003377	0.011706630045537255	-0.37102180046645084
0.9692135401205744	0.08597485230406525	-0.10935202518479274	-0.2031639067507372
0.9684890793954029	-0.1358655195617979	-0.0344671176428112	-0.20586763098516572
0.9505777242277392	-0.042194700372417335	0.14229836683039662	-0.27271371850329745
0.942851411327426	0.06655725329207741	0.12517876499422986	-0.3015487108024415
0.971403495570839	-0.07278422478601132	-0.11426399893114668	-0.19499088174403723
0.931248784514513	0.07802637586734465	0.08812408375284227	-0.34485030356949353
0.9707971940695523	0.07700503152754637	-0.11275654595617068	-0.19725362975154428
0.9612976814769227	-0.08416352583009702	0.12112410792896988	-0.2327062933943785
0.9296083010196367	-0.11236853895477152	0.0044611785561495185	-0.3509726713213504
0.9800997094614825	0.038829951477145866	-0.10713910551515383	-0.16253616967066936
0.9503864377668656	0.14792733911345796	0.010975596901518399	-0.2734276092940782
0.9879931431322679	-0.0571963645264327	0.05374486839143059	-0.1330774741651235
0.9603114057843377	0.10366799889821064	-0.1057169681170968	-0.23638712438937576
0.958314476659376	-0.11012265977489405	-0.10024236862083008	-0.24383976534284732
0.9879646003957429	-0.003810280852402901	-0.07857132453405791	-0.1331839971080222
0.9502188881638767	0.13442403262975733	0.06252395497216456	-0.2740529129252209
0.9792912475186271	0.11208188429979014	-0.03191204423401958	-0.16555339071739186
0.9187122547959351	0.03699123291678536	-0.034924071478230685	-0.3916372694298238
0.979096612811029	-0.07469958428170628	-0.09022655118927896	-0.16627977733506405
0.9775927350764038	0.10578570276747123	0.05979011513238466	-0.17189232544905725
0.9743816196571072	0.0378507885877808	-0.12384368025646511	-0.18387637134283952
0.9345988640076253	-0.11290000807464548	0.05765067178944086	-0.3323476366918041
0.9251854119261724	0.03952840530304927	-0.08618907395000414	-0.36747911813440104
0.9755414062431642	-0.08134370400188279	-0.09728661888627452	-0.17954798887773799
0.9612908533554958	0.009597911122928876	-0.14718592209115766	-0.23273177629046407
0.9207539219662564	-0.06877646454300032	0.0035280284094408084	-0.38401766381803915
0.9906701237176435	0.040562963835848634	0.04215424213313304	-0.12308684660962643
0.9837717847293282	-0.09421155044128685	0.03415194252050898	-0.14883179820185205
0.9762809679124599	0.05936770524014352	-0.1099862861953017	-0.1767879071525962
0.9739175503909145	-0.07951688245285057	0.1034950669770956	-0.1856083014225018
0.9685573196446	0.13583951228262425	0.03417101461283885	-0.20561295490804074
0.9222101225504901	0.06224367145540102	0.048260646995989816	-0.3785830492516675
0.9621532840007884	-0.14083712643732732	-0.0418291748907392	-0.22951314130422773
0.9569097368168107	0.027766726448559834	0.1466654678451245	-0.24908232580671721
0.9772048148556133	-0.08380303802423625	0.08944843796096887	-0.17334006342233052
0.9439133304474207	-0.09541286755414374	-0.1066153602598407	-0.29758557469309255
0.982569350687275	0.05773535046566334	0.08784804730813359	-0.15331934313954515
0.9354372647175465	0.10196856851344689	0.07857858366235718	-0.32921868264527643
0.9491715025045355	0.09593722822307629	-0.11227973805437455	-0.27796180942100085
0.9378888272042647	-0.11422723138960274	-0.06980195842977993	-0.32006932688691403
0.9690681706856593	-0.133624525998428	0.039434196124166335	-0.20370643286770773
0.9233293779302015	-0.06895332742114427	0.050284163411692756	-0.37440593130793975
0.9211093393789795	-0.05594571085647698	-0.044441943880869424	-0.3826912279758616
0.9190963438790967	0.023508106780519764	0.04950001071612385	-0.3902038294568321
0.9506280701348717	-0.07546067847308524	0.12783439667491545	-0.27252582501992606
0.9703033616501667	0.11807625962664908	0.07021333382334505	-0.19909663743111633
0.9336831525063083	0.02903408737229353	-0.12105609306556052	-0.33576511853979446
0.924804834677644	0.07078827173095667	-0.06031776547428974	-0.36889945176211403
0.9183541214598161	-0.015215527067802152	0.04433684064025858	-0.3929738412361038
0.9822063290757973	-0.10608674073111407	0.00960392304821063	-0.15467415823782552
0.9668310865578174	0.10991900474592764	0.09048753136641019	-0.21205534449361985
0.9850894224288453	0.08427687928446131	-0.0422481901813246	-0.14391430736128613
0.9334103386124403	-0.08613216598670898	-0.08890115976122612	-0.33678327385272033
0.9478272066739815	-0.10561509124014015	0.10194137205431483	-0.2829787897610317
0.9859173783565056	-0.0833772266461653	0.034404478616414436	-0.14082433377283007
0.9406989085393116	0.01902844553986749	0.13741357801260676	-0.3095819605711182
0.9748521002630526	0.11025709672741463	0.06587012737816207	-0.18212051381747563
0.9493760838126538	0.08012071483367753	0.12420476696801142	-0.2771983015848244
0.9623931366609975	0.13027124995742637	0.0675474831518251	-0.22861799898999693
0.9905104459200461	-0.01070840540628398	0.05896573939365111	-0.12368277226310043
0.9411772207037216	0.02722774855506694	-0.1367668545739105	-0.30779687527166194
0.9226114896807174	-0.026812982463233798	0.07665448636706547	-0.3770851267291713
0.9789400110521693	-0.09406144928963563	-0.07060615824936968	-0.16686422305568316
0.9708943964178285	0.11477267745261098	0.0736565715923747	-0.19689086564916264
0.9799865886842257	0.08809626228511945	0.07286915184978057	-0.16295834215878358
0.9878842253558686	0.02311878643805537	0.07571202813952767	-0.13348396084049327
0.9317083024004867	-0.05932199287969401	0.10324081304779362	-0.3431353594720532
0.9568063220785792	0.14855836202533093	-0.01475313319835186	-0.24946827486404846
0.9617393098610715	-0.13256980712595334	-0.0639913598964627	-0.23105811382667094
0.9321813635459001	-0.10439503409533057	-0.06005158883799604	-0.3413698712422838
0.9829919972430381	0.07771159580762287	0.06827887840901974	-0.15174200471979327
0.9492373662518963	0.053936125327450186	-0.13752504794639012	-0.27771600256947376
0.956587343926688	0.13837867498226497	-0.056117359219311665	-0.250285512452654
0.9415080634564863	-0.10664188242725481	0.0906075135809416	-0.3065621533090279
0.968302774536397	-0.14037871017816397	0.003912854118492785	-0.20656293018467237
0.982348515141135	-0.06062870364952723	0.08692141630009013	-0.15414351261785714
0.925743701641205	-0.09689770703764182	-0.009773608202646514	-0.3653955525525564
0.9802228062674143	-0.046255852035346795	0.10370519805870024	-0.1620767661366826
0.9539949582792709	-0.1470242680830452	-0.026420831885850364	-0.25996042740162684
0.9489396041155452	0.022173607776106663	-0.14586745558643335	-0.2788272659909062
0.9552062122598483	-0.14790752877619878	0.02132788687967577	-0.25543996600524227
0.9420718759332719	-0.14028482805909578	-0.01122889743875323	-0.30445797649972284
0.9182957968318859	0.036408758468027304	-0.028419481807868362	-0.39319151171087197
0.9792029011249858	-0.0457004673011079	-0.10749856530083736	-0.16588310394712674
0.9535976539060996	-0.145918771917241	0.031728318146558736	-0.2614431875083715
0.9843203106324013	0.05496175713235581	0.08091348153702792	-0.1467846716623159
0.9786575832475451	0.11415145514415483	0.03165815345517467	-0.1679182579720106
0.9310390620006924	0.042484383763159314	0.10908332783574287	-0.34563299864656327
0.9779492323833975	0.1204555468844845	0.00379634404007783	-0.17056185938659502
0.9560894040781851	-0.1458120634505787	-0.03248650241005106	-0.25214384926638017
0.9274465780917827	-0.03812832159562744	0.09736075445164002	-0.359040331119988
0.9322018850466243	-0.1080221304312996	-0.05338313569967849	-0.34129328395893355
0.9710367802260756	0.11686832734229692	-0.06980200086206641	-0.19635948204260945
0.9561741944466594	0.11371148524883365	0.0968688026544848	-0.2518274073032414
0.9299172277021084	-0.09767851968773256	0.05778412453809041	-0.349819741246552
0.9561324553302737	-0.04490260466050165	0.14247442245376143	-0.25198317980625606
0.9826065672645306	0.07575203567275465	0.07267539548992377	-0.15318044898234395
0.9538244490156018	0.06331455308595807	-0.13527567347501204	-0.26059677663680114
0.9843492801660817	0.09289106745937573	-0.03022800315605369	-0.14667655589074918
0.926235567806488	-0.035615200801828124	0.09297011267566996	-0.3635598830331964
0.9864300976984431	-0.03580648901111671	0.07985822731015188	-0.138910839138696
0.9711178458272465	-0.06747271281660176	-0.11806455178169538	-0.19605694110029373
0.9735806353207346	-0.1078661987635639	-0.07474520215137585	-0.18686568558224936
0.9436530901230464	0.02254431519725364	-0.1409767131750585	-0.2985568048058353
0.9376787625401972	-0.09169984192925762	-0.09696823121593826	-0.32085329888608893
0.9463411659746518	0.13945903528946466	-0.04174964243020874	-0.28852476915304515
0.9293361239736682	-0.09846313626461176	0.05237853206893724	-0.351988449885559
0.9780133268107721	-0.11762431123524907	0.025389898247322587	-0.17032265572715072
0.9629882907180746	-0.07563356155671258	0.12521014691615517	-0.22639685381065439
0.9284494635287273	-0.037526842251206886	-0.10167107726832397	-0.3552975117151399
0.9725704369482563	-0.07417372666773236	-0.11073841365773668	-0.1906357972340615
0.9314413554317941	0.07639651972256867	-0.09029951210297468	-0.34413161912214074
0.9871452115758943	-0.07665490993132841	0.033263705109636735	-0.13624199781485063
0.9848580669473727	-0.02889561216656146	-0.09087925072098857	-0.1447777377727517
0.9308177337668994	0.0959374118713858	0.06588259310241107	-0.3464590068602285
0.9509592992244109	-0.1275612168688943	0.07620017637706422	-0.2712896612288208
0.9825643092712613	0.05379491086191314	-0.09033767223592376	-0.1533381579602506
0.9778936236645472	-0.018256592227605555	0.11928357693400388	-0.17076939395068813
0.9406116523034882	0.12616297294816659	-0.057357649878410216	-0.3099076052764883
0.9199223047567732	0.0223644742257018	-0.05813674768527481	-0.3871213014962791
0.9326258402176124	-0.11392529103000734	0.042737159085890916	-0.3397110617206744
0.9768026394374684	0.03621803985429801	-0.11821793863947554	-0.1748410025164025
0.9631770966149374	-0.09377289856724878	-0.11206937854063773	-0.22569222061079366
0.9711597913886045	0.11702738293121283	0.0691106738875661	-0.19590039813415347
0.9536394698116026	0.030475769585438996	0.1461917426030459	-0.26128712842446955
0.9630597709965801	-0.04936168389475351	0.13763896961409686	-0.22613008577953253
0.9572066810645163	0.14275186451899732	0.043429405905166044	-0.24797411478726453
0.9477733689329315	-0.14671871936381128	-0.0029167743946896044	-0.2831797149459946
0.9374176620772318	0.07783790910640573	0.10777890837456318	-0.32182773907975554
0.9764682321050716	0.052458669086969334	-0.11291826274338887	-0.17608902767133094
0.9770100221808353	0.08873191720962595	0.08531546845575415	-0.17406703958154407
0.9801899365732171	-0.10802445222834352	-0.03535178120367635	-0.1621994375054559
0.9652513038554688	-0.1378947840839865	0.04209791877677623	-0.21795117380370352
0.9296674173866493	0.012033828341188067	-0.11201197358578065	-0.3507520460361006
0.9689120178688644	-0.05570339430378367	0.12795528509396964	-0.2042892031137314
0.9929707610960785	0.020230605361525645	0.02212166878948713	-0.11450075102351481
0.937530759715826	0.08879557828721105	-0.09924629019497205	-0.32140565294630574
0.9260127084592947	-0.050433755077076745	0.08470925572607557	-0.36439160543986315
0.9363411043274086	0.11243745646066106	0.06669227919629814	-0.32584550729937767
0.9536799116711536	0.052981844509362275	0.1396260601067527	-0.26113619734987303
0.9277297149756746	0.004988131934420062	-0.10554809759927661	-0.3579836498838068
0.9697799748963022	-0.1261597681622047	0.05647506928590814	-0.20104994338854723
0.959069367193131	0.13352628569431452	-0.06530579021985145	-0.2410224755167208
0.9806935800509905	0.11187709152288679	0.004601687892739643	-0.16031981445750462
0.9839589209817915	-0.07220835975567064	0.06831757849983118	-0.14813339619972143
0.9348646634445541	-0.03037617406469604	0.12372863809259899	-0.33135565968856245
0.9296377221152592	-0.07693833511712399	0.0821550026245244	-0.3508628702976728
0.9830558290297509	0.10309372365239972	-0.004418757910885088	-0.1515037812486436
0.9392149393306978	-0.051124646885947936	0.1263361471006947	-0.31512020905453275
0.9837835441181166	-0.0947796801167319	0.03238684812336483	-0.14878791156542776
0.9374020328907469	0.028626239646527267	-0.12979725099134964	-0.3218860679977984
0.9320850757269835	-0.00596435304436654	0.12001240245642014	-0.3417292222746302
0.9566239692576759	0.08943750704257683	0.11957039432308725	-0.25014882485656337
0.9721781346799024	0.07894645896837252	-0.10832711398312311	-0.1920998892314828
0.9625237065612477	-0.12732195677577085	-0.07275723224384945	-0.2281307054883236
0.9518783581000674	-0.14133972069690817	-0.04692401214981937	-0.26785968680972394
0.9390219046825279	0.07406332787969158	-0.11400520213674904	-0.3158406241691237
0.9325009689201067	-0.08711894301695011	-0.08444987686425533	-0.34017708774737254
0.9811098142020761	0.019489487831942313	0.10879761120244062	-0.15876640745780796
0.968463423487822	-0.06672054854770675	0.12331282095057339	-0.20596338013577153
0.9363629673341376	-0.058545665673552474	0.11693874948641202	-0.32576391344745886
0.9287168007998682	0.02344315703914284	-0.10680438780200345	-0.35429979543648504
0.924186365159493	-0.04312382337665223	0.07889744944853176	-0.37120761142678604
0.9357615924204811	0.08343358589015724	0.09899318314855958	-0.3280082751796223
0.9717102250118761	-0.020365595362801588	0.13337222548908942	-0.19384615188590978
0.9546104830654814	0.14919341345670303	0.00835444026219756	-0.25766325762617165
0.9291231842181645	0.08760657731392436	0.06781772566859133	-0.3527831518720498
0.9369395777769401	0.11711759018237247	0.06085218124786482	-0.32361197397874486
0.9535371408045715	-0.07809208529455516	-0.12727084672496722	-0.26166902547779797
0.9595138803078218	-0.14348237484392348	-0.03809228422434095	-0.23936352998806384
0.9209541432355677	0.0016950947114580742	-0.07031622737944004	-0.3832704278682135
0.9370794983832059	-0.05594455330162258	0.1198549651819836	-0.3230897831671353
0.9281710248903434	0.011571869456623262	-0.10671844237764319	-0.3563366588603788
0.9668860148114815	0.0029564759886568717	-0.14227481521795052	-0.21185034946017417
0.9743788825294295	-0.12174252599301272	-0.04416190634588346	-0.18388658644239966
0.953773964858033	0.14362583639659887	0.04096254143383919	-0.26078518607782547
0.9881225463851329	0.07154432267110115	0.03023131819224552	-0.13259453465076676
0.987957118679148	-0.015007584676899785	-0.07726634857361163	-0.13321191925448192
0.9733700990676701	-0.013015660419527425	-0.13102743341275894	-0.1876514175755211
0.9826825100305473	-0.08389729730122368	0.06260053678252253	-0.152897026721102
0.9755783885649497	-0.09512750425743664	0.08372352555625232	-0.1794099689738527
0.9342191029490048	-0.09456393637279237	-0.08302592943382218	-0.33376492425731186
0.9785619231053472	-0.08970701068163704	0.07779877616659754	-0.1682752664829526
0.9795644605770344	0.014148215103817918	0.11481263915191682	-0.16453374570212437
0.9411955059219755	-0.05066434288264989	0.12995088251179282	-0.30772863390811067
0.9487572006400424	0.09784677994716419	-0.11027718264615066	-0.2795080050289596
0.9796983311550821	0.004160896069209597	0.1151810305148873	-0.1640341339032118
0.9455558481772687	-0.032930403245310214	0.14104379093850838	-0.2914556150729669
0.9248508734154447	0.05943978790060643	0.07181717292720237	-0.3687276328535253
0.9715419726497213	-0.09685916871190334	0.0943627559217812	-0.19447407824996465
0.9552554450934276	0.09103205211708579	-0.11850931990566808	-0.25525622656892344
0.9205800824256152	-0.021359921481529386	0.0640920754548434	-0.38466644181607657
0.9428928029450807	-0.1308528574332932	0.05470106813179884	-0.30139423518234654
0.9362004044397807	0.06729502335609544	-0.11172470549393075	-0.3263706064286243
0.9706438270497831	-0.028511230655869593	0.13380038553833873	-0.19782600326152844
0.979671920249803	0.10276181491108347	0.05237742468716669	-0.1641327007435875
0.9173586077878959	-0.028900262284269427	-0.015989957800886093	-0.39668914883933937
0.9711363915221379	0.12507528136421475	-0.053283146242792595	-0.19598772762469724
0.9308366901109593	-0.021280117388257434	0.11447875659950843	-0.3463882608210712
0.9846766142734117	0.013991304103086936	0.09517916014071177	-0.14545492837114354
0.9684138898659888	0.09658666180213288	-0.10172736575578825	-0.20614824212913604
0.9350257321525347	0.0851769805662239	0.09525331711617013	-0.3307545430868694
0.9804396215056584	0.10508900710840557	-0.041075663681239556	-0.16126760065170037
0.9598717360778454	0.12730610325428762	-0.07603999204962994	-0.23802799407255407
0.9679988949056648	-0.12858584162698947	0.057495798519583294	-0.20769702440595034
0.9581931633116498	0.02663042085122759	-0.1465532346938665	-0.24429251292019732
0.950484258142185	-0.01544929271512857	0.14757318301878275	-0.27306253868337055
0.9359384283476141	0.07292702567564667	-0.10744295348005575	-0.32734831451495827
0.9305084896155521	-0.03246329720205787	-0.1107483755133709	-0.347613121745
0.9226892637897424	0.001092325374567913	-0.08166367247881945	-0.37679486980277654
0.9224424484691159	-0.07280905518866483	0.03360649141018608	-0.37771599711944065
0.9265848474054263	-0.0984918380722428	-0.02258788405360601	-0.3622563538239111
0.96367734153523	-0.0844006270780153	-0.11876345851162531	-0.22382528115203354
0.9699764570958759	0.13265412761818843	-0.03770663199078703	-0.2003166618369554
0.971230809305433	-0.0858385895509982	0.1052105470733613	-0.19563535566030157
0.9201299155952318	-0.044969625668158104	0.045552858809737015	-0.3863464872989495
0.9197544629329437	0.03981679474196534	0.04602255145738869	-0.3877476957104456
0.9713613462876796	-0.051880190046853854	0.12523085365068037	-0.19514818501029077
0.9501094696346598	0.0022796284071212175	0.1481816828545996	-0.2744612684355476
0.9303446115892741	0.11424523955735102	-0.012102533233240946	-0.3482247228653136
0.9239030641972596	0.05063939303960093	0.0725094499782219	-0.37226490501167403
0.947693249569244	-0.1276051801337471	-0.07234801648980427	-0.28347872448194705
0.9579183640318752	-0.12798471930529706	0.07636334318374902	-0.24531807779419965
0.978837472921738	-0.0640491183498585	0.09901205125202488	-0.1672469005681662
0.9304617157893229	-0.08517544623772788	-0.07765220948578537	-0.3477876840409518
0.9912339071184968	0.04013552577006834	0.034751234530356216	-0.12098277831317786
0.9757280980241099	0.1150357015388274	0.05228477810492277	-0.17885124566589344
0.9828480428756305	-0.01359626179232714	0.1031304823104842	-0.15227924973292978
0.9733350280048969	0.12655385319591067	0.03661764045829462	-0.18778230456366618
0.9246707617792506	0.08928543317735171	-0.023576847295986417	-0.36939981863083626
0.9806479835381615	-0.1118985665105761	0.007156015993892342	-0.16048998296003042
0.93015945610139	-0.048187725717591764	0.10362982626666209	-0.3489157325533974
0.9739290549051648	-0.0375748773890951	-0.1249632727861509	-0.18556536599080356
0.9756223412572621	-0.06966013163086228	0.10573271954225932	-0.17924593529301353
0.9696117094900709	0.08762320461999096	0.10724422617601213	-0.2016779184337584
0.9297838483748	-0.11224872707816289	-0.013410964954612033	-0.3503175196727465
0.9279120188029006	-0.03993377409313939	-0.09858470059963763	-0.3573032827381847
0.968519858842286	0.06737738774708836	-0.12286322551766557	-0.20575276052556896
0.9649294102965594	-0.07913297397591329	0.12091893428289449	-0.21915249692018232
0.9219473696591169	-0.010264880879245096	-0.07641407295403373	-0.37956365639210765
0.9674334969800542	0.12749443475445804	0.06163254971236066	-0.20980711819082298
0.9339588995845469	-0.0907577806636897	-0.08622991614210948	-0.3347360164337688
0.9905930139510968	0.029736995091780773	0.05118489956608345	-0.12337462417613834
0.9548548120411677	0.14811520733807573	-0.019821377589599034	-0.25675140947514885
0.9737285482090541	-0.054128429284829936	0.11920589319440768	-0.18631366716794656
0.9271436258443109	0.05688268401049977	0.08628982437903018	-0.3601709642998199
0.9543820548430321	-0.0010510955252120771	-0.1494101358245068	-0.2585157633582351
0.9293654778950785	-0.10848323271807156	-0.026314193142040733	-0.3518788995594541
0.929390327313809	-0.10918656026300602	-0.023630742659044104	-0.3517861602662131
0.9360077171759054	0.044177913911322905	0.12227091662311683	-0.3270897250873785
0.9365251646002747	0.1201730588193275	0.05244946710051844	-0.32515858500938644
0.9215652333141466	0.005008282629249636	0.07442582588661109	-0.3809898086469554
0.9753157839555145	0.12226453031013619	0.03563630029726384	-0.18039002271856647
0.9796584969570682	0.054723915445576476	-0.10158017295115249	-0.16418279715407857
0.9308499912860967	0.1163545317042143	0.0054292596613950035	-0.346338620159658
0.91832776645129	0.014269605992818325	-0.04432536199066239	-0.3930721994669571
0.9828755108508117	-0.044781978582282556	-0.09376857160123034	-0.1521767378539726
0.9605308044677568	0.1350584968774645	-0.060393244224069415	-0.23556831735574202
0.9373623348355622	0.09262442415809755	-0.09521831964941935	-0.3220342231567092
0.9575658697421576	0.07937929983603259	-0.12624736451387963	-0.24663360439280366
0.9800370949349603	-0.045342406265913945	0.10477277599733906	-0.16276985026494228
0.9486868671028176	-0.022254953493975597	0.14569288340493713	-0.27977049336335896
0.9489121897173933	0.12218234642060177	-0.08267660486237538	-0.2789295779176677
0.9380135335242737	-0.07857606316174931	0.10867267246122762	-0.3196039165646153
0.928466635621223	0.08642504187501694	-0.06549528782058753	-0.3552334245934733
0.9635772375159427	-0.01144547505365641	-0.1453367577134209	-0.22419887443805553
0.9777102531363797	0.11773208455244616	-0.02873032381019231	-0.1714537420784199
0.9380585157882243	0.11216253039967897	-0.07366412817858813	-0.3194360404701122
0.9714983985746205	-0.1205971413295404	-0.061349380654395345	-0.19463669891213375
0.9564000779719808	-0.08632240478904178	-0.1218776640370351	-0.25098439851014936
0.9403460878070161	-0.13814779026270585	-0.002533402582257975	-0.3108987054700086
0.9508380062504079	-0.0695474261151128	0.13124917512507484	-0.2717423327704012
0.9286043388089249	0.09856481385888	0.046400744991229315	-0.3547195093006057
0.977451717912895	-0.08896600199163518	0.08333674473929148	-0.17241860866801095
0.9620697251896828	-0.0863576463771108	0.11893139249616191	-0.2298249870326937
0.9554631214171555	0.03290405145209317	0.14576310285789978	-0.2544811679772418
0.9272099189226789	-0.06979661904921533	0.07658480697507375	-0.35992355516316044
0.9859326370802775	-0.04932535686781865	0.07542139579045799	-0.14076738744045486
0.9348067371344699	-0.112178669977888	-0.060103433577799986	-0.3315718436208916
0.9397417091521433	0.10837291847448373	0.08411438176195739	-0.31315427731700396
0.9827735694716928	0.10138168540500861	0.02457985602964096	-0.15255718826023823
0.9506669379042649	0.13956219084895596	0.05063086999349153	-0.2723807685297735
0.9643313276332447	-0.13739002760826713	-0.04666842856603905	-0.22138457180679888
0.938047962814316	0.10911641760286996	-0.0780709925583474	-0.31947542470490925
0.9717755851714011	-0.08407369536122991	-0.10536605004074263	-0.19360222444977176
0.9563591407272578	0.1174276068175742	-0.09229338403236087	-0.25113717838737737
0.9623880583260168	0.08421528077439358	0.12017552180580625	-0.22863695159416264
0.9486170008404915	-0.017604756485229744	0.14628179695161386	-0.28003123780409467
0.9539759266537136	0.10235685655537993	-0.10879636026278122	-0.2600314543951576
0.9178905268753339	0.04071921558910277	-0.005261056204833188	-0.39470399977950504
0.9306335742122798	-0.11564598643811348	0.006050040640273112	-0.34714629967476796
0.9873000606362644	-0.020674970148106157	0.08003992552820814	-0.135664093254045
0.9819499140622513	0.053599274929910956	-0.09316888401083386	-0.15563111209620278
0.9800796779980785	-0.10510516623247859	-0.04420876457990086	-0.1626109281098433
0.9677206977226072	0.12983774149875363	0.05557336557445018	-0.20873527042764384
0.9294557824279602	-0.0452645770697144	0.10237858304620842	-0.3515418784545855
0.974518337281623	0.1053630781487231	0.07476291116201192	-0.18336613422185666
0.9313548644240318	0.05770497860536697	-0.1029534496580399	-0.34445440795750726
0.9529381355756498	-0.14795836289813594	0.01927756657755466	-0.2639045434261334
0.9770326133402641	0.11869207059197803	0.032395603511251134	-0.1739827282267538
0.9428199126138938	-0.1366461754415245	0.037628437568522397	-0.30166626560171683
0.9331788624408176	0.06726774435028499	0.10318265453148194	-0.33764715468595763
0.9352723256007281	0.1037273807513245	-0.07560211014619819	-0.32983424380939774
0.9591588305521594	-0.09925785959119705	0.11059482781073414	-0.24068859371541057
0.9484140101565038	0.14609290109322903	-0.01803812996737953	-0.28078880935019984
0.933177318652542	-0.07803310881842838	0.09529655856437647	-0.3376529161822381
0.9298638301770006	-0.03800877038407713	0.1067486481145178	-0.35001902352325287
0.9768577238483568	-0.08232461323632044	-0.09205495018983964	-0.1746354246962621
0.9216799455409949	-0.04826378429672577	-0.05787469266150291	-0.3805616967881087
0.9219832436944593	0.048558584410027646	0.06018313583289309	-0.3794297726695376
0.9759915404676512	-0.003507870352683389	0.12566287918574973	-0.17786806508172706
0.966260568986082	-0.10895553654902478	-0.09270482477372621	-0.2141845450579469
0.9840519966986904	0.07935841364413755	-0.05918782356426679	-0.14778603289530395
0.9171224091806185	-0.021926444636184456	-0.01852815826443489	-0.39757065404237585
0.9605007112421973	-0.11448911802304432	0.09372975892171101	-0.23568062680249408
0.9490811138960952	-0.026471383405963438	-0.14523736223210398	-0.2782991443001259
0.9748052410822243	-0.11149645712832951	0.06396617146430314	-0.18229539466112799
0.9275057227656553	0.08902516088885112	-0.055282451860027504	-0.358819600192098
0.9907957058430206	-0.05640440829391194	0.010353595936529337	-0.1226181677371965
0.9782166290905142	-0.005249056618397769	0.11963590837292397	-0.16956392128985892
0.9614555947104063	-0.02586835723081571	0.14510578051508927	-0.23211695318383005
0.9380704998775875	0.07267627083958955	0.1128321083100963	-0.3193913152397264
0.9260844262330061	-0.08072908504862558	-0.0571331652984909	-0.36412395106456663
0.9687862745864667	0.13893507011615264	-0.01497210496819942	-0.20475848343235026
0.9859816739594047	-0.014727015181521438	-0.08865261379315365	-0.1405843793161074
0.9227515807924899	-0.08163406230182234	-0.008138461176266917	-0.37656229958234727
0.9386603828861508	-0.0018661995107826027	0.13529156332440087	-0.3171898418812466
0.9919275224440596	-0.009346083104898494	-0.04444391182409157	-0.11839417067726929
0.9442946184258608	0.1252856310138532	0.06999218096265546	-0.2961625885852388
0.9624610249949899	0.14598395887038576	0.01438930212360881	-0.22836463627829612
0.9289018832013736	0.07030956261045969	-0.08460786328586324	-0.35360905851047997
0.9806478058346395	-0.09968850109269127	0.05133065514089565	-0.1604906461586035
0.9230003129369995	-0.07936125350014928	0.025909416152293023	-0.3756340185815621
0.9839528399968419	0.09888158374114361	-0.010440969030503379	-0.1481560907445133
0.9604066329955376	-0.005438827360724596	0.14791396192899667	-0.2360317315989146
0.9368634472885509	0.067436352563622	-0.11327196451988987	-0.323896096829419
0.9494350004644164	0.1210183826853908	-0.08491575170286896	-0.2769784216470345
0.9701531249479067	0.07464089799647972	0.11562266949627757	-0.19965732843711215
0.9740810842496199	-0.043387047158220074	0.12271654771579624	-0.18499798475305557
0.9523603474441693	0.08774616923767659	0.12050720953841504	-0.2660608780888289
0.9935668056960045	0.012100639967784847	-0.008521359390813187	-0.11227628229301381
0.9375500725195032	-0.012694155016032493	0.1326026112423368	-0.3213335765817462
0.9345047029183366	-0.11614511233307286	-0.05022563880962714	-0.3326990506611254
0.9380066291361737	-0.07444787393895241	0.11152552537396394	-0.31962968409179965
0.929964160088487	-0.08671412213055872	0.07345736599234585	-0.3496445871960667
0.9581724456229034	-0.010743535696374758	-0.14857161878639377	-0.24436983238721444
0.9223757655972064	0.028304849904148225	-0.07459454652423889	-0.3779648609854017
0.982219764530741	-0.04991120305496369	0.09404583731119087	-0.15462401643735274
0.9744877912374059	-0.11615566248643613	-0.05671373177393155	-0.18348013361084503
0.9868308144627812	0.07650942457024142	0.03779252390262733	-0.1374153438147419
0.9333858487850578	-0.11121330651598996	0.05420252476369207	-0.3368746711327803
0.956080222109217	-0.03145210196719208	0.1460396232531463	-0.25217811684108277
0.9270430603131471	0.00020708688162983033	-0.1029441666093282	-0.36054627997161326
0.9762357056994363	-0.10824581774969544	-0.06271340263721245	-0.17695682803126317
0.9874059056310169	0.081700165793663	0.007545724430206707	-0.13526907435590188
0.98519989912379	-0.09082328455752468	-0.02322638506593112	-0.14350200272270047
0.9656541316796242	-0.06293056885033109	-0.1292369583125641	-0.21644779989725293
0.9266715955515227	0.05397011385659428	0.08585901236074939	-0.36193260533521704
0.9527079421095456	0.06968981084899156	-0.1318754099713252	-0.26476363713720463
0.920962959313111	0.04207164643924433	0.056446460857501185	-0.38323752581889825
0.9806715501566032	0.015818124599065102	-0.11092468639995158	-0.16040203114264345
0.944845038734218	-0.08295543867591276	0.11784100182694042	-0.29410839202893185
0.936673953962124	-0.10188505931114894	0.0830303509286479	-0.32460329555133877
0.9585177841427567	0.06949459565469511	-0.13162743069789032	-0.24308101148531144
0.9774702560490836	-0.11072742444915222	0.050862680495983484	-0.17234942340187787
0.9593284870795808	-0.14844774895902146	-0.0050509113575831	-0.24005542693523832
0.9339718140896065	0.10879966476315217	0.061994736474566436	-0.334687818844732
0.9317344599450004	-0.10542990698909546	-0.055502621945872424	-0.34303773818692695
0.9694774403736864	-0.05901875277120894	0.12551463767595633	-0.2021790175979927
0.9491712236972409	-0.11414667971191428	-0.09370793812075245	-0.2779628499439896
0.9867359425368861	-0.06380561669016475	-0.05745095708834798	-0.13776941066239407
0.9311708808943862	-0.10021582958961742	-0.06127999618572075	-0.3451410438379005
0.945008038777386	-0.06475738962374313	0.12893408184858374	-0.2935000675861928
0.9816122109673244	0.09465352283685223	0.05350939007660317	-0.15689143720434323
0.9288036420132967	-0.07061619257020013	-0.08389488668115512	-0.35397569961577924
0.964785689958706	0.13118166793249264	0.060965100642734464	-0.21968886852313252
0.9376295361024058	0.0358819846734096	-0.12844676545319247	-0.3210370144530016
0.9771397974006735	-0.12253358116873449	0.007237400254567216	-0.17358271186754484
0.966042726121983	0.11948989730330667	-0.07911808323292174	-0.21499754569483065
0.9369089404963259	0.13090945092726508	0.016298054678872055	-0.3237263138666032
0.9752348494744958	-0.0694614260284713	0.10696949539340722	-0.18069207431381268
0.9272597681108575	0.03925226413962888	0.096111925240635	-0.35973751546016164
0.9682507665557735	0.03271018094664249	-0.13664563320382023	-0.20675702661075834
0.9781251410037143	-0.11179351670384144	-0.04365302944899822	-0.1699053594780834
0.9386072123370296	-0.11144278643595178	-0.07656166062427833	-0.3173882770720333
0.977645177346607	-0.04394919322327533	0.11313112015491045	-0.17169660823219424
0.9688048894775348	-0.042818724406024064	-0.1329889147582387	-0.20468901171310633
0.9742920027344921	-0.1259129248826318	0.031103058482119115	-0.18421082625125704
0.9916894052026084	0.039431079856123326	0.027729379899448944	-0.11928283632052294
0.978076690089595	0.05530181996712679	-0.10666952765039757	-0.17008618075124982
0.9517405689454232	0.04042139180045121	0.143287954820074	-0.2683739229355879
0.9870385903292528	-0.08052371924152553	0.024500730962956584	-0.1366399137244834
0.9374007158982497	0.1298783761116245	-0.028243588004887105	-0.32189098308071074
0.9247454529621213	0.09130342574328788	0.016098736537491665	-0.3691210673414853
0.9234785956499483	-0.08349869296909043	-0.021263690882530484	-0.37384904319645507
0.9903282814826586	-0.04996020622271143	-0.03588609251244371	-0.1243626191987629
0.9685697477070235	-0.10576555437205586	0.09180781831584431	-0.20556657274763637
0.9362453901114458	-0.05395743321800016	0.1188484409459987	-0.32620271761635755
0.9594761601163638	-0.08642435624821665	0.12072289486352436	-0.23950430365905637
0.9214621030665904	0.030309358309418732	0.06739641447640247	-0.38137469597063267
0.9556165283863586	0.0024807554196702025	0.14940313360743795	-0.2539086453739407
0.9292306914278927	-0.028980715562622623	0.10731922471554564	-0.3523819295031641
0.9458640071603667	-0.06055074044801926	-0.1318998687488159	-0.2903055500912367
0.9280637956330573	-0.1012162299343367	0.03452086672890501	-0.3567368438966285
0.9302840710663188	-0.011023680512078006	0.11415849036585272	-0.34845066317289913
0.9503389411881511	0.07419166592726296	-0.12842067302883697	-0.2736048689390263
0.9244533669832999	-0.024048547029563418	-0.08804173019373092	-0.370211147054625
0.9432466425978759	0.10044943134415019	-0.10075447865170503	-0.3000736876203824
0.9550084830816173	-0.11906872128016643	0.09030127195982274	-0.2561779013445387
0.9786957132496042	0.06616708526892512	-0.09812159121375019	-0.1677759548670336
0.9781580923372207	0.11991722976216948	-0.0007393775320436759	-0.1697823834272602
0.9776305551578504	0.11417689028704278	-0.041275511673311276	-0.17175117898355197
0.9928386364675397	0.01108269715235792	0.030414321424440977	-0.11499384685015296
0.9663298257356898	0.00834569091427518	-0.14273279799083752	-0.21392607534964386
0.9579357779699477	-0.07648295760080195	0.12790748712570033	-0.24525308809255353
0.9528500485089121	-0.043306695771950794	0.1427658370531402	-0.2642332888346882
0.9167736431219226	-0.018386755512594728	0.009430236559031756	-0.3988722666933844
0.985197947550606	-0.035481263162209016	0.08678230759533415	-0.14350928609297772
0.9825756101548789	0.05895596494628548	0.08700405897962414	-0.15329598248841889
0.9593642711800981	-0.04466603314273412	-0.1416426232231509	-0.23992187885400454
0.9673308143164477	-0.07349554815975343	-0.12120034282777062	-0.2101903351084588
0.9681909621615725	0.03265922750592933	0.13674364453842452	-0.20698021964843213
0.9281082686075941	-0.04180791327069694	0.09861214869429373	-0.35657086849609326
0.9303589550715955	0.002934613170177486	0.11489309658769557	-0.3481711922605326
0.9825382890678358	0.036292069047258554	-0.09878772787299439	-0.15343526668145768
0.9786408653283929	0.10036732453466939	0.0630155383098336	-0.16798065009568386
0.9806110197333872	-0.056613515875683654	-0.09693092744031578	-0.16062793375748952
0.9767770261435903	0.12016507461093417	-0.029397016866703297	-0.1749365926305047
0.9305813814963527	-0.05042915726094517	-0.1040642244218571	-0.34734108554239274
0.9708242744652417	0.04636306362581752	-0.12838053129210994	-0.19715256433894263
0.9326698896543273	-0.11832146871045697	0.028895811355489957	-0.3395466669848096
0.9671348372541363	-0.020715929889359806	-0.14047448172267554	-0.21092173146212337
0.9235535806600539	-0.08615011373930147	-0.008543878158697126	-0.37356919532893507
0.9776975129528223	-0.027364089124267844	-0.11809355457633808	-0.1715012890907541
0.935613333447039	-0.06086085361192329	0.11388999738270021	-0.328561585201186
0.9326371686754387	-0.09306323706333247	0.07843636360989067	-0.33966878334049505
0.955548600698234	-0.11749138163244868	0.09232684297226706	-0.25416215495726246
0.9667144477605379	0.14243766921175383	-0.0047341386028749086	-0.2124906464112003
0.9238564871608619	-0.05130162316399026	-0.07174067774825671	-0.37243873287797674
0.9478904503465141	0.05880662899502104	0.13454369379008121	-0.2827427611618827
0.9252906795254774	0.017402476757011835	0.0937122949930503	-0.3670862541054042
0.9518011467686998	-0.07481978329716332	0.1287373726066181	-0.26814784342130804
0.9206943952433755	-0.06413020929991743	-0.023851773711771204	-0.3842398205722387
0.981829595808772	-0.07017197885622556	-0.08200930571258128	-0.15608014593126535
0.9820282221743375	-0.06352624879803137	-0.08634132523729536	-0.15533886224325205
0.9391476657739426	0.03240389479852619	-0.132259619207616	-0.31537127738634885
0.9285561638822248	-0.003244241343492167	-0.1087171185509422	-0.35489930057470154
0.9882976047352909	-0.06198573111883412	0.04491248429241721	-0.13194120799368786
0.9385721507687407	0.09386483750233467	-0.09722814941367541	-0.31751912862628057
0.9890187386524263	0.06524954731637654	0.02964615706962872	-0.12924989957587718
0.9799888292493887	0.05650533853863529	-0.09937980276542528	-0.16294998025575785
0.9447577360982228	-0.1062320114640124	0.09724235631758589	-0.29443420990210084
0.9662507584007058	0.10889227956352908	0.09279675922923022	-0.21422115866102273
0.928093206369798	-0.10626631653147857	0.012945847922769463	-0.3566270815328243
0.9655341252157981	0.051787145826445266	-0.13423193679299833	-0.2168956701174886
0.9770772786696654	-0.11891318206617854	-0.031106794005499854	-0.1738160349480916
0.9808810401066588	0.11068626151123175	0.011930094099932464	-0.15962020400536103
0.968687817734771	0.08883872902805592	0.10805065979699749	-0.20512592940523183
0.9694296274418945	-0.021808084526213245	0.1370476709907557	-0.20235745788869905
0.9532829568491852	-0.08661648631960557	0.1215777810974662	-0.26261765291376854
0.9740964540099142	-0.12067754995546431	-0.04868257189855972	-0.18494062402673742
0.942599456406862	-0.1293345169095693	-0.057264654714092686	-0.3024890193672029
0.971342742371007	-0.01974418657301586	0.13413995091630657	-0.19521761577253272
0.9432179016952592	0.14220870939476085	-0.0028407874608025047	-0.30018095012920337
0.9378199060493356	0.10832301617309112	0.07842737471607998	-0.32032654413882555
0.9420562440458734	-0.04072696635375721	0.13468912673820213	-0.30451631549771213
0.9920266854687253	0.04381918817116711	-0.00576614491242463	-0.11802408923098423
0.954831168629557	0.06360728869941659	-0.13522184553655542	-0.2568396478885443
0.9223222998695441	0.00684741401528568	0.07916044670863868	-0.3781643977975014
0.9813103312719944	-0.10387598188784267	0.03563852478260428	-0.15801806756508793
0.9786433090391964	-0.02295653914400451	0.11625762804401422	-0.16797153004280624
0.9240895270957886	0.0873039431385337	-0.01931408223714779	-0.3715690160006375
0.9793670646157066	0.04724129771027171	-0.1062736798966315	-0.16527043745900893
0.9582097441407842	0.1033409821683535	-0.10726661094758766	-0.2442306324234363
0.9884481470072839	-0.063851220148605	0.04040719949829959	-0.1313793765859232
0.9765119785927338	0.12151677590231541	0.026611173521560106	-0.17592576355672296
0.9828257914490325	0.07749853750850857	0.06952101812589347	-0.15236229318753464
0.974503365502559	0.09264755399473615	-0.0900887769621182	-0.1834220096620034
0.989678510843381	0.03414579535243045	0.05740570768499286	-0.1267875962378134
0.9618789979066609	-0.13671273449815868	0.05432503689523997	-0.23053679094332136
0.9242812966050937	-0.06475858466214074	0.0630731613875601	-0.3708533224485684
0.9718371095271746	-0.09218351961932579	0.09819299373775642	-0.19337261242812193
0.9459295214857741	-0.09551999080974995	0.10935200307500154	-0.29006104730019244
0.9857638096954165	-0.08884296059801114	-0.019580556780754658	-0.14139745981846502
0.9511465328406526	0.06112347561811035	-0.13551664425886617	-0.27059089586012197
0.9876408814531995	-0.06252038258120063	-0.05094551723468879	-0.13439213264896632
0.9236288787587903	-0.027550295322136875	0.08250218766947616	-0.3732881789987372
0.957344423827158	0.016628501119098856	0.14825204848958504	-0.24746005179871075
0.9643457546808938	0.03871038773801663	0.13982660534922636	-0.22133072933196923
0.9732363806983235	0.11383906587692255	-0.06671595213386598	-0.18815046132382784
0.9192790213558997	-0.011102593154620699	-0.055456036570072795	-0.38952206783200494
0.921911085425556	-0.00905167857784642	-0.07633238611313511	-0.3796990709952708
0.9400466778988407	-0.02159897197035126	-0.13598407848927235	-0.3120161184596087
0.9763735363694562	0.08842429110407402	0.08799959464094109	-0.17644243696790762
0.9528680570388695	-0.11303284758151719	0.09737722205230456	-0.26416608008591735
0.9708021197908869	0.08150664551135785	-0.10953615112164379	-0.1972352467092598
0.9383857305033062	-0.06499691784945458	0.1180971010210277	-0.3182148585284425
0.9274506595549427	-0.10442899124695089	0.0055532192248897265	-0.3590250988921058
0.9470417971946076	-0.0927406245416231	0.11298891758029313	-0.2859099778428013
0.94055749897503	0.10374792894294355	0.0917601613510815	-0.31010970824969286
0.9778072563071536	-0.10662524267295272	-0.057023241182296694	-0.17109172131659678
0.9637288106889843	-0.12174019004862095	-0.07996436316237718	-0.22363319565519998
0.9461451737329146	0.024875793744436967	0.14325272441004655	-0.28925622215709745
0.9646955837762903	0.11548544135068001	-0.08726097135327587	-0.22002514937398382
0.9844905922840771	0.05895700579833561	0.07708932953583125	-0.14614917188666493
0.9414254280280958	0.1392311472967606	0.012779469130582491	-0.3068705529262864
0.9340968334132578	0.12510003000094083	0.010452309887745093	-0.3342212403769375
0.9883841270756849	0.023084221737649988	-0.07239170236599468	-0.13161830222334753
0.93205960835551	0.02468890915658364	-0.11752239863351095	-0.34182426779890457
0.9291929861161289	0.03544053035515449	-0.10522426649752338	-0.35252264764238184
0.9881322572202503	-0.062174069123495095	0.04644702618399314	-0.13255829332072444
0.9792384372885392	0.10360744573394007	0.0537062204408287	-0.16575048117923905
0.9463491468921288	0.060311949875919174	-0.1325005853065832	-0.2884949839635299
0.9574997240105211	0.14416968838088268	0.0382023055946392	-0.24688046362397514
0.948500816195719	-0.14667137905889568	-0.013159751955028498	-0.28046484480144507
0.9261973048475232	-0.0007092101664291049	0.09939018247663937	-0.3637026823401007
0.9775086796438845	0.03873905365416275	0.11541729522226893	-0.17220602459387108
0.9539730466881639	0.11170244780925664	0.09917682303315903	-0.26004220257291333
0.9619086469730365	0.10929341746980073	-0.0984403280468254	-0.2304261391212105
0.9213485731074742	0.011209480020010047	-0.0722574532406345	-0.3817983955462355
0.9384228847808602	0.025898731321668547	-0.13236040954843198	-0.31807619687689226
0.9869360544879363	-0.07667809729329218	-0.036090242159982536	-0.13702258269387296
0.9772015610898511	0.08929293932344579	-0.08398150060025181	-0.17335220664147097
0.9713943899846847	0.12208508913068286	-0.05876625256783946	-0.1950248642541978
0.9309476304221019	-0.06572578338470736	0.09653220080827343	-0.345974225943279
0.9822062768607045	0.059624354221236985	-0.08827010009058103	-0.1546743531072049
0.9864173086005084	0.04065232676042484	0.07758091135448492	-0.13895856870197174
0.93738646808296	0.0048277098214425315	-0.1327978263035089	-0.32194415665126885
0.9325719951889037	0.027221628653106456	-0.11844103761335224	-0.3399120141035505
0.9471577679323994	-0.007852031285211648	0.14605921449884302	-0.28547716915717103
0.9861559506206645	0.060324302510905724	0.065390394040567	-0.1399339699617122
0.9213855163426817	-0.07332238346628019	0.002793684540526229	-0.381660521515445
0.9262623878452637	-0.07295550429014963	0.06791512960500296	-0.36345978928582423
0.9287021228169363	0.005833961207647179	0.10913829558607889	-0.3543545744145393
0.9459041614149798	0.018032867170596947	-0.14404793404643393	-0.29015569237288047
0.9261194723409516	-0.009604463003886184	0.09858731534163492	-0.36399315720910663
0.9280809307548623	0.05622712700264973	0.09104253021435385	-0.3566728947514581
0.9380289938898849	-0.06212775461457208	0.1188779352341067	-0.31954621769465075
0.9632096789543034	0.1102515412758972	0.09586243610909215	-0.2255706216648503
0.9651147040233946	-0.07342377334909492	0.12424717942920775	-0.2184609713173096
0.9613100932610122	0.13238860154453258	0.0650038476651404	-0.23265997198554372
0.9378728552109971	-0.11169930329558038	-0.0737240663820869	-0.3201289351772869
0.971568329163409	-0.12681547781976196	-0.046807029416188	-0.19437571440177207
0.9619854021324274	0.07214004546684905	0.12812347687921008	-0.2301396849666205
0.9517670683553485	0.12438534840426287	0.08183057639569635	-0.26827502579137585
0.9538225236068724	-0.05815374247820031	-0.13757292792646986	-0.2606039623600048
0.9881477858291476	-0.0750956300163013	-0.019190093173426556	-0.13250033976334902
0.9649116020704818	-0.010123362617855174	-0.14417408268411502	-0.2192189581246966
0.9490408174437659	0.023837222592568815	0.14566801769664234	-0.27844953270758316
0.9805911662692727	0.037349331008889784	0.10592851522854849	-0.1607020278942709
0.9307914068173639	0.11558911411224045	0.012828833778330363	-0.34655726037350276
0.9307746045973765	-0.1122086525450869	-0.030371897039324722	-0.34661996711217613
0.9837339125460576	-0.0066223462298659365	0.10015357037946539	-0.14897313911401194
0.9838879753935152	-0.07399361076571266	0.06683846913711425	-0.14839816873974104
0.9534338845096412	-4.45091558105154e-06	-0.14930280669153964	-0.26205438321667934
0.9902793077915111	-0.05950156984127444	-0.01717268767297182	-0.12454539150235946
0.9189934981159654	-0.04653376417931466	0.02696002445588909	-0.3905876550701811
0.9513047874752855	0.09435313169513274	-0.11496319342880335	-0.2700002815231392
0.931488341151054	0.11812722143157893	0.00833768041946242	-0.34395626603063245
0.9558899988301434	0.14929350415994289	0.005779194293274531	-0.2528880397833675
0.9401691016990127	0.12556970037114412	-0.056966295902011264	-0.31155922661731117
0.9772124128870443	-0.0007775407702137575	0.12254936835066953	-0.17331170718299252
0.9406430371523045	0.08867515223027712	-0.10657042445765727	-0.3097904754261179
0.9933146091468237	-0.01057823756567742	-0.01989943487926949	-0.11321749262805036
0.9465934231538149	-0.11514084147212866	0.08943883222636062	-0.2875833325438346
0.9244730499319626	0.08839018245147201	-0.02312674993641502	-0.37013768929017343
0.9768622119033901	0.09128003538373942	-0.08316545208463541	-0.17461867504685075
0.9514650636151281	-0.12472249008901715	0.08112354407135518	-0.26940212282600534
0.9353143744751795	0.04367190023492219	-0.1208000572185404	-0.32967731527354427
0.9268276073213267	-0.0779139990261864	0.0659235262887983	-0.3613503614837294
0.9704055392348426	-0.06386359702686106	0.12143622918909328	-0.19871530549371103
0.9333657280767492	0.111065535958436	0.05438494122367227	-0.3369497626384722
0.967079395220332	-0.11288496051348178	-0.08625036077801079	-0.2111286439491556
0.9240566299518157	-0.07044246629664615	-0.05479431512003537	-0.37169178981336826
0.9315341385815832	0.04077993302476358	-0.11132286571562093	-0.3437853476930412
0.9926619134860424	0.023100764826820223	-0.026701582093817167	-0.11565338599596575
0.9484434838280779	-0.13310442948079446	0.0629092462913484	-0.28067881211039997
0.992664060128738	0.0016035953506364498	-0.03523690594422719	-0.11564537461636021
0.9203298100066518	0.062006757222929386	0.021458785674685087	-0.3856004711993811
0.9906710521881636	0.0308341567641046	-0.04970515394796552	-0.12308338151047196
0.9362345910407464	0.1009492353094503	-0.08270147602535032	-0.32624302029688224
0.9699381375220084	0.0716672878016707	-0.11789711178532956	-0.2004596724335531
0.9238571530738418	-0.08200814389289383	-0.032463309763254185	-0.3724362476569022
0.9724372073919354	-0.10610037311520024	0.08109721591366842	-0.191133016707321
0.9170246321804012	-0.001071091672136499	-0.02668266508381317	-0.39793556277499853
0.9688805497838252	-0.008100771451291459	-0.13936564068037363	-0.20440664360591454
0.9592505197264689	0.14548339654681236	0.030110252559774973	-0.24034640505838362
0.9679709637469054	-0.13225624280844844	-0.04857091602048377	-0.20780126490955453
0.930018971604126	0.08654326655241368	0.0739367460577786	-0.34944002783486205
0.9785180088903341	-0.11781932034343576	0.015791281358006073	-0.16843915656455585
0.9499813655801732	-0.06461863984394373	0.13329735614894817	-0.27493935927554725
0.9432973121792124	0.12800513597789875	0.0622422764472727	-0.29988458616843644
0.9472097876926683	-0.07349874337624027	0.12651144737846978	-0.28528302876884987
0.9787350713234303	0.1008873942384508	0.061643241536329677	-0.1676290685358266
0.9305079977917617	-0.05721881886202597	0.10022332216231228	-0.34761495725637404
0.9753931372335387	-0.10598516902783574	-0.0702771686044186	-0.18010133635484857
0.9617609043223699	0.061678954138929654	0.13364525345750142	-0.230977522199943
0.982730214197548	-0.09393443893131538	0.04576632673358513	-0.15271899234612257
0.9225730546745715	0.08077108269975819	0.00579641081868092	-0.3772285681248968
0.9667130720708514	0.13655591064553713	0.04079047439566686	-0.21249578055500612
0.9352947776912002	-0.1085147023034794	-0.06865040396714314	-0.3297504514670202
0.9808861533555907	-0.11097517272557461	-0.008622490199892002	-0.15960112110055547
0.9297428217669862	0.02480269457187987	-0.11015192725941009	-0.35047063305756976
0.9594588891434892	0.12077730375766069	0.08636140495009166	-0.23956875980732048
0.9643748944466337	-0.13536231326112447	0.05214348905373572	-0.22122197824570725
0.9809994652694504	0.007750084437058307	0.1106448134578403	-0.15917823528092845
0.9794093610026611	-0.012912320838826038	0.11544873217794727	-0.16511258519391794
0.9637359767266717	0.06400233657322611	-0.1308312763123248	-0.2236064516384616
0.986530431040193	0.03839651180604889	-0.07804540445080009	-0.1385363900095925
0.9366677686439175	-0.12126545506010958	-0.050654657661913426	-0.32462637947314665
0.9288541550264275	0.013389643104022086	0.10901974893333152	-0.35378718248433105
0.9245784129282599	-0.05224292422747864	-0.07559406514754932	-0.3697444692347541
0.9826174432654734	-0.10224757937141311	-0.023591867859039883	-0.15313985919424178
0.9856031933191759	-0.054570061720849654	0.07379252941408207	-0.14199688829512247
0.9700663392595034	-0.13772937458737694	0.003070772605545752	-0.1999812170356035
0.97407952060628	-0.06133610718832068	0.11480660236472769	-0.18500382034944532
0.9337793083924767	-0.08361706219481024	-0.09255825709508173	-0.335406259887167
0.9833019024443606	-0.10084294618727822	0.016495432849157644	-0.1505854227629282
0.9855400129579639	-0.03779991036350004	0.08397567624562066	-0.1422326806132066
0.94304426247609	0.12134217065590844	-0.07379377421127084	-0.3008289805173295
0.9335442467689801	0.08104379757426954	-0.09402358831185427	-0.336283521808966
0.992272953796972	0.003506315281295828	-0.040847388094567706	-0.11710500331767287
0.9883841982353125	-0.05226306687739107	-0.05515379358829205	-0.13161803665200178
0.9915907664123739	0.04036990030690229	0.028313787729118908	-0.11965096129727562
0.9782910542780214	0.041904578554047514	-0.11195005373452022	-0.16928616270871902
0.9768504360204681	-0.05409645442368981	0.11103948535657084	-0.17466262324021975
0.9763932527766924	-0.1213162961493162	-0.028854799280999925	-0.17636885433435925
0.9824947539440286	-0.0965123266492789	0.04239295858108719	-0.15359774197541992
0.9292290792782507	-0.1075363037422219	-0.028142441705913162	-0.3523879461275374
0.9485033918609416	0.14691934967494824	0.010044053050411388	-0.28045523228797126
0.924103294297606	-0.08161216854748019	0.03670424331058617	-0.37151763610397703
0.9368169544768077	0.0509839491288599	0.12146406206726947	-0.3240696103650312
0.9304171345687643	-0.047896562348847455	0.1046797247069856	-0.34795406342113966
0.9478290987091569	0.1467568947613531	-0.0030682729980719553	-0.2829717285896271
0.983993159508285	-0.09175372848938369	-0.037855685160782526	-0.14800561627927128
0.9448505461380969	0.14187311608608336	0.025333927167751603	-0.2940878381178378
0.9263926031707358	-0.09662882688444005	0.026638717525823554	-0.3629738190752383
0.9425256374382902	-0.12694088062099954	-0.06216979771261799	-0.30276451550847555
0.985170887186824	-0.09288225563845133	-0.013685687418795233	-0.14361027674548338
0.9283900544879625	0.09136283150493392	-0.05788624503171076	-0.35551922927370283
0.9898589464137233	0.011724476646655725	-0.064319600640812	-0.12611420152180308
0.9230750602249089	0.07326293225162503	-0.04090912433114796	-0.37535505790535606
0.9739798235216105	0.03188192694813809	0.12642240182819095	-0.18537589493479828
0.9168618792790832	-0.007721786649471452	-0.02163731700017066	-0.3985429648717964
0.9314876410231553	0.11035411176992162	0.04295386167161719	-0.343958878943522
0.9357397092592362	0.12631694351491057	-0.02814631022062525	-0.3280899442492182
0.9226783501025063	-0.024193646561053165	-0.07793753980869594	-0.3768356002380395
0.9697281857574883	0.05089899910651573	0.1285989999939791	-0.20124322308588075
0.9736702500901937	0.06250919060503382	-0.11517353066002395	-0.18653123870951926
0.9329837723360748	-0.057838248924107216	-0.10815828163319771	-0.3383752408689121
0.9212769681832647	-0.06558273427423196	0.031201092597526014	-0.3820656287614576
0.9332116489997031	-0.0945281216850099	0.07910414716765893	-0.33752479358239174
0.9342678014122998	0.047171894196417076	-0.11679362247849066	-0.33358317911804436
0.9259462232283714	0.08064903726493004	-0.05618888273833658	-0.36463973169962205
0.9762184015463568	-0.026829277529791678	0.12223437918914358	-0.17702140800973815
0.97025572026491	-0.07258196234857149	0.1167278655391972	-0.19927443750143697
0.9168931726972465	0.013265636498138774	-0.01968539641588695	-0.3984261762452688
0.9800924942499589	-0.06156081545308803	-0.09592814051268816	-0.16256309720666295
0.9618430503470423	0.05886930627942759	-0.1348453356108691	-0.23067094906222588
0.9318790042191256	0.05825865716018877	-0.10441441760771891	-0.3424982916119484
0.9557253805480873	0.0920659493003125	0.11768342847193888	-0.25350240357585535
0.926804792134878	0.06279736780597078	0.08033517763170853	-0.3614355089187406
0.984077533249052	-0.022687082684645296	0.09625047191824335	-0.14769072919190407
0.9258279343373036	-0.015184484815832917	0.09658048859997603	-0.36508119185105803
0.9626694373759362	-0.14546460389309845	-0.017658931334631263	-0.22758683068367766
0.9299302854007068	-0.06233499849198805	0.09489074425060598	-0.34977100925195326
0.9362814557957039	0.07977839506947873	-0.10340224955517921	-0.3260681186502967
0.9192185401064089	-0.011446928584041477	-0.05479877676876452	-0.3897477869280097
0.9807840540826837	0.06901915420472497	0.08777644242013051	-0.15998216077446042
0.9865746019196161	0.03994843311628711	-0.07699346654907965	-0.1383715420433705
0.9783381148139059	0.036217393518452254	0.1137737316681148	-0.16911053039776708
0.9230530271112352	-0.050770037670171866	0.06665100331130124	-0.3754372866050355
0.9367269537133791	-0.06459060909630823	0.11459380615494048	-0.3244054977868665
0.9614251228331875	0.050652038656488395	-0.13843777444365463	-0.2322306757778129
0.9638854935657646	0.02648645399435444	-0.14308253999240736	-0.2230484471983797
0.9567784878711678	-0.13629004073331222	0.06094005350450862	-0.24957215354029605
0.9722270131217803	-0.08130336976254317	0.10645224660851713	-0.19191747240299956
0.9859238268767997	-0.021165013302359894	-0.0876443635463748	-0.14080026756745923
0.958356801271372	0.08113847225320436	-0.12485177753503451	-0.2436818077404674
0.9246708894604857	-0.08864841499532133	-0.02587142721179689	-0.3693993421179795
0.9236305781323422	0.08312849800248565	0.02562963590126618	-0.37328183685030075
0.9612889386852865	0.125077256832345	0.07817832436315306	-0.23273892193696494
0.9246378712464247	-0.08740431909319721	0.029297849222805507	-0.3695225677704304
0.9812160382335475	0.07169368823088831	-0.08363045332983393	-0.15836997397537197
0.9364776492699167	-0.0633715138844117	0.11467434889098821	-0.3253359146364207
0.9310865222200596	-0.09682254224122507	0.06605696096358424	-0.3454558746965466
0.9436991096429821	0.0012348781287806823	-0.1428174461491995	-0.29838505761929557
0.9232684506607769	0.0696579624601287	0.0487136078800747	-0.37463331497299873
0.9287841931028418	-0.10911685099923514	0.010161107766827382	-0.35404828393774856
0.9188927904501545	-0.0367956272263365	-0.037810874210330206	-0.3909635011956991
0.9632955348591649	0.027934309164238592	0.14333085121751746	-0.22525020306577753
0.9742855942637253	0.1263489364156099	0.029344276312793856	-0.18423474298975778
0.9827613311720149	-0.0027932331710938327	-0.10432991059525065	-0.15260286221643404
0.9447680996152494	-0.07495440830440578	0.12298920657414934	-0.2943955327300122
0.9362019988838457	-0.10652308881284425	-0.07526460141692623	-0.3263646558823641
0.9824158899175749	0.060150613239343786	-0.08693764905846801	-0.15389206652903484
0.9732981054927445	0.0696945794660182	0.11189056699120811	-0.18792010125496178
0.9225683974444824	-0.07972010780103587	0.014062371890735201	-0.3772459491442121
0.932056878683657	-0.10094058833202953	0.06503981742473583	-0.341834455072948
0.9748844843643537	-0.001398714031650053	0.12835268377240805	-0.18199965470606266
0.9342754840845013	-0.12506124454851253	0.015178794877611517	-0.3335545069950505
0.9696505362173982	0.13269454027601285	0.03942639234111112	-0.20153301511468158
0.9343157259393029	0.12520224069515073	-0.014835128138003622	-0.33340432234834017
0.9385669038457553	0.08949923237693831	-0.10124831752102223	-0.3175387104094456
0.9371002509445752	-0.018648595610954954	-0.13099000699875862	-0.323012333553718
0.9592335083534625	-0.06347272754412527	-0.1343330672702165	-0.24040989236674992
0.950548423703805	-0.14794411263840512	0.011739099310886437	-0.2728230695473084
0.9823714775225394	0.05741720601941788	0.08897041070235935	-0.15405781584379313
0.9655090016285143	0.11292836883515409	-0.08919157705217216	-0.21698943262170017
0.932601436013952	-0.08324042522212795	0.0886572003825514	-0.33980213944865334
0.9808133332597618	-0.1085949824291269	-0.02555375367000927	-0.15987288939800093
0.9331370800853079	-0.11867392929199323	-0.03256933582180045	-0.3378030885595798
0.9639736267813619	0.04603912526949968	-0.1379538218644469	-0.22271952955993624
0.9910788664452477	-0.00866124648309638	0.0539489556468396	-0.12156139798298338
0.924222721105352	0.08847177099419282	-0.017050832742611658	-0.3710719291896831
0.981154319521168	0.09845141224784952	0.04989450823877041	-0.15860031134574962
0.9645227549399558	-0.09487968512275204	0.10953713106547819	-0.22067015537219697
0.9904112973463988	0.05380569252041069	0.02830746206211352	-0.12405279977745026
0.9815123246287953	0.10903568067236885	-0.003569684740853757	-0.15726421809471555
0.94031814907189	-0.00013641823473860282	0.13812642732061414	-0.31100297424899803
0.9320092364256374	0.0029483845597053707	0.11990706963979278	-0.3420122584004648
0.9703693018814297	-0.005325060736767799	0.13716239423655494	-0.19885054513777986
0.940013184700849	-0.03149577053908777	0.13398191013868171	-0.31214111677622147
0.9856036879209474	-0.01157018872877024	-0.09104344577527226	-0.14199504241618174
0.9676539910321441	0.13372585735654474	0.04570276986472167	-0.20898422318565668
0.9326297852043546	0.11264862044539696	-0.04602574765404861	-0.3396963388297172
0.9410117316562648	-0.08582872444772326	0.10959404199219673	-0.30841448880486655
0.9300995755508634	0.077664444977932	0.08357526978346844	-0.34913920981034746
0.9676037781916264	-0.08203611918328972	0.11515310217744147	-0.20917162005766132
0.9409521595424478	0.04895189364283802	-0.1302154445997756	-0.3086368149603458
0.9233140992942185	0.0025682438982484908	0.0852172270254497	-0.3744629519536986
0.986204668107108	0.08233598163127931	-0.03302232931294087	-0.13975215382708822
0.9692360986419701	0.12005417485891816	0.07019265381142507	-0.20307971720274448
0.9664067954297977	-0.1135526703321605	0.08673033590140344	-0.2136388205405899
0.9783582004338641	-0.10435966142541919	0.05789014457261731	-0.16903556984358137
0.9773521058511344	0.038330878697762444	0.11600471698902999	-0.17279036594354835
0.9685314151646223	-0.1096283672051458	-0.08724715669359825	-0.20570963174346135
0.9864937123950382	-0.07593305282336196	-0.04282531791519484	-0.138673425858895
0.9282264981799127	0.10747781032777333	0.003971800040889074	-0.3561296297252432
0.9593704119093691	0.11006857791412072	-0.09970862177676605	-0.2398989613403697
0.9250378686773383	-0.09140169785223899	0.022467066544307378	-0.368029757035364
0.9166727678710032	-0.007915446252236301	-0.01577426245815369	-0.39924873825504215
0.9582660319360635	-0.14790011896710586	0.01748517745132831	-0.24402056351160775
0.965880882128993	-0.12232703415427215	-0.07500791580002207	-0.21560155569956915
0.9327870093088565	-0.01215556569058127	0.12151270177989242	-0.3391095704835416
0.9522736023142638	0.10878799901657214	-0.10187931255018158	-0.26638461532094526
0.9380253611950062	0.04665418411083957	0.12575117892171056	-0.31955977509650646
0.9632089295381551	-0.11975248821194115	-0.08369308502146525	-0.22557341852399182
0.9841788868107189	-0.03639339503763864	-0.09146843709599867	-0.14731247255023527
0.9467196008105	-0.03545625773433637	0.14153198622933233	-0.28711243111830564
0.9833300818337198	-0.06359757093097847	-0.07983101985978544	-0.1504802558501131
0.9529316174568102	0.08991792372587051	-0.11906994311518541	-0.26392886937681226
0.9238562093128359	0.0030412111326511976	-0.08814234739726086	-0.3724397698209265
0.9743674874997734	-0.04087034655538409	-0.12291336528948477	-0.18392911327202977
0.9829896318038119	0.1025326766514883	-0.013788356397220279	-0.15175083265916756
0.9369276906292945	-0.06224245332383728	0.11635701433792763	-0.3236563374177156
0.9473450402745872	-0.07388332313086768	-0.1264119151124581	-0.28477825926127337
0.9602759006829111	-0.045705295175013885	0.1408534153031041	-0.2365196312318279
0.9776816422143743	0.11351467538338011	0.04266161156008336	-0.17156051949299564
0.9580311761208572	0.1256488061588655	-0.08008791665668144	-0.2448970573464107
0.9790695146880048	0.013702919136414228	-0.11641524198756217	-0.16638090890698007
0.9811953488080067	-0.0042446407150360035	-0.11014608086290043	-0.15844718796266946
0.9435184787739013	0.007665578278534042	-0.14239987802576334	-0.29905918120012054
0.9647417518753982	-0.00743794324705057	0.14450866601892776	-0.21985284768242386
0.9855577639460291	0.03683832674296398	0.08430620931908481	-0.14216643302386256
0.9457927801657013	0.10898341733257229	0.09574397636705015	-0.290571372854198
0.956157866240167	0.13546080045976663	0.06296640389349956	-0.25188834499946755
0.9280876303843582	0.07053870654256288	-0.08049796749740964	-0.35664789139378794
0.985501727217354	-0.06417812352699553	-0.06630771161416436	-0.142375564942368
0.976847913150165	0.016108019826225856	-0.1224678127538601	-0.17467203872037151
0.9200537103844789	0.06277379422680211	-0.00878501131652296	-0.38663088901728093
0.9850244881210282	-0.08926279778529081	0.03126935068784093	-0.14415664549721435
0.9763102906454089	0.10972496953833207	0.05969392380412493	-0.17667847322341373
0.9516249691192814	-0.03654108834826411	-0.14428566194071227	-0.26880534736009504
0.9792000340132789	-0.09618846680687122	-0.06628965217252719	-0.16589380415368749
0.9227426707831229	-0.002546962165451947	-0.08194673007793075	-0.37659555219000096
0.9550689007130303	0.14276379322592647	-0.04416167000184387	-0.2559524196744327
0.9515349808544411	-0.10539421242464601	-0.10505361034331678	-0.2691411881365644
0.9666328319055659	0.13961478324852128	-0.029100962506558494	-0.21279524092865904
0.9905471290316346	0.021696980097107806	-0.055516164026765576	-0.12354586902687265
0.9428830805198655	0.1244049210441329	0.06807755755191147	-0.3014305197672228
0.9531699972867719	-0.09094424770297738	0.11834891996291194	-0.2630392237398958
0.93318893967993	-0.042669869320178716	0.11557456301697713	-0.3376095459175904
0.923006348054494	0.03553675088193677	0.07558058910282142	-0.37561149521644277
0.9437964181692049	0.00232652942104912	-0.14291905774986996	-0.2980218972554225
0.9470520865592527	0.061719837950840614	-0.13251584122488214	-0.28587157741116803
0.9313603300317995	0.0921668746970154	0.07374561400637523	-0.34443401003162377
0.9774153979892602	-0.11418559223131362	-0.042963395882758715	-0.17255415646834293
0.9366672137437949	0.1184668225458738	0.0568903493715619	-0.3246284503885973
0.9564216841426303	-0.058896053408085215	0.13724473984481364	-0.2509037631835282
0.9165337541890802	-0.0010510621745777483	0.012275306986769569	-0.3997675443789257
0.9762450060165847	-0.07803622975807725	0.09774762892745095	-0.17692211877513908
0.9855720692061412	-0.03910859769085915	0.08319913707101194	-0.1421130450663089
0.9616733519181914	-0.14620234174302238	0.017537763020314262	-0.2313042722206623
0.9175637622032732	-0.02607770632941522	0.025323427472352295	-0.3959235021377542
0.9739983622631183	0.12326552755258777	0.042358283900139244	-0.18530670740958294
0.9663496386957301	-0.06339991474673563	0.12812529836422915	-0.213852132376125
0.9667666609683552	0.02642137517793251	0.1399808352642129	-0.21229578406680052
0.9884754305037118	0.061184256826640956	0.0440342370803134	-0.13127755319104611
0.9735969697268153	-0.06332967899173586	-0.11490120586431946	-0.1868047247488445
0.9687468608234124	-0.07091162139891968	0.12047724210136096	-0.20490557759858624
0.9363238168726963	-0.06879961854819715	0.11111695674373505	-0.3259100249586976
0.9376303564466903	-0.037326064236134486	-0.12803624757228468	-0.3210339528864522
0.9679343765649511	-0.07084992077693889	0.12184087371416602	-0.20793781013151386
0.9442541187192166	0.1414851368736935	0.023754693244549957	-0.2963137355481267
0.9314754250926821	0.10878278049464421	0.04669865241727093	-0.3440044694167098
0.9797146405906213	-0.04935632365699985	0.10409584179547944	-0.16397326626113679
0.9812212812981546	-0.06695488926484715	-0.0874470620623066	-0.15835040659187105
0.9253801084099246	-0.0522133158167318	0.08023732078396184	-0.36675250096498324
0.9777046352533713	0.11530937134393526	0.03733389206415373	-0.17147470830323852
0.9242479800023997	-0.08296930656982188	-0.03545899246325282	-0.37097766170255797
0.9184885671377866	-0.04609241324973838	-0.014829208934315895	-0.39247208313505977
0.9779469482452094	-0.11243369326155625	-0.04340708665049149	-0.1705703839063643
0.9741652337949458	-0.07198665266733961	0.10822136335751076	-0.1846839343744659
0.962680030053282	-0.05672247120775728	-0.1350997707069351	-0.22754729827363548
0.9693216360870822	0.11044251771170902	-0.08429828563626124	-0.20276048711163686
0.9707974862509863	-0.0032356352479397457	-0.1365035057676569	-0.19725253931558803
0.9814742985556287	0.019595808833937352	-0.1074593632049637	-0.15740613333178563
0.932207183831919	0.004942762698741436	-0.1204065107094174	-0.3412735086229951
0.9682515137488497	0.07552362072523833	-0.11848153393970387	-0.20675423804823512
0.9304895672682125	-0.015967616090041152	-0.11423754527544525	-0.34768374090666954
0.933669647583211	0.054543751152877115	-0.11186556748394759	-0.3358155195989456
0.9703302830620932	-0.0779981604526661	0.11303076976223586	-0.19899616535399497
0.9847087685119594	0.0805216816030813	0.052370401628474145	-0.14533492711920437
0.9779589630176041	0.11728924695970107	0.027577853220857568	-0.17052554416534602
0.9598117771285295	0.1458975283301689	-0.026671346096379986	-0.23825176391776956
0.9788564761062563	0.046379421440262886	0.10835654228989886	-0.16717597971803827
0.9437574202264771	-0.047472239158973445	-0.13477572579468564	-0.298167439559073
0.9856771887549558	0.09057642443295928	0.012313593369010101	-0.141720733569264
0.9258233457436323	-0.06572610282366918	-0.07234936775803308	-0.36509831671577425
0.93691129138585	-0.09310655587960814	0.09346312361044612	-0.3237175402274559
0.947528112912594	0.11538219919569988	0.09037389737559068	-0.2840950228747566
0.9184004698972369	0.01766755077011992	-0.04399902054721928	-0.3928008665127981
0.9738057099187835	0.004033906428558116	0.13069279800511077	-0.18602569574683767
0.9740708097586323	0.022796973062890104	0.12817141762332485	-0.18503632967544345
0.9646785009361534	-0.1059204001098252	0.09867691357028889	-0.22008890340131226
0.9852745332734759	-0.07014996543741535	0.06164507855722713	-0.14322346428409288
0.9296204711084911	-0.1055097628069979	0.03903246725874057	-0.3509272519314128
0.9279390324449377	-0.004367287924549653	0.10637893034242295	-0.35720246645360487
0.9689249751086946	0.0570897609513922	-0.1273217523264604	-0.2042408460363594
0.9728831366771343	-0.07683783019332854	0.10814772012345276	-0.18946878595837569
0.9328134776891964	0.04847200370530941	-0.1121657948868709	-0.3390107891433188
0.9787922424229549	-0.07913487058472504	0.08760936473825882	-0.16741570308767623
0.9745924971451329	-0.12048772841889822	0.046156862154460444	-0.18308936584335556
0.9614029412181586	0.10533172099259588	0.10315071536508183	-0.2323134586920945
0.9264474510664626	-0.048799462833190865	0.08781967635000443	-0.3627691239416976
0.993059738474218	0.027420655964600436	0.006780507840248843	-0.11416868292757368
0.984238641823416	-0.06825661711520484	0.07056925533545874	-0.14708946380684268
0.9589537356631466	-0.09158106193868537	0.11713496069583765	-0.24145401826157956
0.962255327376777	0.09485029734512519	0.11210035875242097	-0.22913231024046252
0.9483268544424063	-0.030711015467074887	-0.14390234645291702	-0.281114078903382
0.9787212622355955	-0.02716003323457737	0.11510967914232745	-0.1676806047532322
0.9805974676710485	-0.0844231199520033	0.07405240982040663	-0.16067851074268452
0.9830671753489916	-0.0498453956617013	-0.09029838660941639	-0.15146143620875807
0.9454016699417096	0.08108804822838692	-0.1198261096437133	-0.2920310160814946
0.9709367377430159	-0.08214860130900586	0.108764176260391	-0.19673284567230337
0.9877136736380574	-0.07745109285213825	-0.0208501090953496	-0.1341204685166829
0.9543446730391052	-0.03606989868860934	0.1449919191023582	-0.25865527414976885
0.9662925310343865	0.05651076944439437	-0.13138242427013117	-0.21406526106976057
0.9743785066992009	-0.09918581426772703	-0.0832700871272895	-0.18388798905990805
0.9616065986326645	-0.11436289959777016	-0.09282725963686143	-0.23155339887382043
0.9668522558664886	0.12831536020294765	0.061627227176141934	-0.2119763395580979
0.9255286965914122	0.09503591675961265	0.016243728096748233	-0.3661979623222668
0.9736288150781299	-0.12499018541420459	-0.039658134062760725	-0.1866858762797533
0.9710547060165401	-0.12662315140701433	-0.04988544547796593	-0.1962925820818303
0.9532400039498582	-0.014203668268340734	0.14859171200687774	-0.26277795531638937
0.9441180208524871	-0.14330046647869957	-0.001743943972565755	-0.2968216597015626
0.9422601080982017	0.13993763417399574	0.0172032806985861	-0.30375548449658607
0.9284135798509677	0.018819126830345475	-0.1065953224571934	-0.3554314314237009
0.9345681187080613	-0.007004150386171179	-0.12649956303546148	-0.33246237971187076
0.9536675725227783	-0.059157252724300724	0.13712189491913615	-0.2611822476785315
0.9854197786323062	0.0028816958243882036	0.09263678240200175	-0.14268140122537437
0.9392695466380128	0.03150902502681384	-0.13269345753849215	-0.3149164118091687
0.9268127070047184	-0.08794804682104165	0.05166306110349871	-0.36140597022236076
0.9810651727812981	-0.04646646085703694	0.10046040326384317	-0.15893301150827344
0.9766879581716295	0.09063205277750644	0.08454135923903215	-0.17526899882718955
0.9474349132050071	-0.07132147274211155	0.1279554550033652	-0.28444284891872157
0.9316501805439015	-0.1064703689511467	0.05292653512683099	-0.3433522731938594
0.9760442260897861	0.0720632450963948	-0.10284656995258444	-0.17767143966309115
0.9721458773154145	0.1251403344246682	0.04820431164636653	-0.19222027535466996
0.9931963322433304	-0.019043307877881485	0.016734714408530083	-0.11365890804124923
0.9829650498220824	-0.014425673640576066	-0.10254483668455744	-0.1518425738639328
0.9828359707034058	-0.03075129339562091	-0.09942393650637588	-0.15232430369303024
0.98273553082645	-0.09722064282408478	0.038236010802296376	-0.15269915041693521
0.9525178616304468	0.015236400430332267	-0.14832952247129955	-0.265473027142728
0.9561085639141663	-0.12007875879584723	-0.08886528678150495	-0.25207234378503324
0.9755589963256178	-0.036628527092202434	0.1213634404362399	-0.17948234179631198
0.9301564693660938	-0.025869252202803075	-0.11130928648469585	-0.3489268792012713
0.9312246715449721	-0.10647143489652386	-0.050006379176913196	-0.34494029439694157
0.9418561383588127	0.13948415798014008	-0.016297601728610604	-0.30526312008870643
0.9387609687800242	0.13152235488625236	-0.03253179668367008	-0.31681445021478644
0.9770902058215271	0.1117647617415888	0.05106978385710953	-0.1737677901605468
0.9762744342569633	-0.12008685733354166	-0.034710076816570255	-0.17681229108686872
0.9242425246388947	0.07245527051096418	-0.0537257623893	-0.37099802139633237
0.982530300501512	0.10213207135300197	0.025528762018576803	-0.15346508041685786
0.9927761937442348	-9.147549722518175e-05	0.03343928002162451	-0.11522688626608998
0.9672029642426839	0.1408394137371384	0.017375246126867472	-0.21066747807949665
0.9243508079142793	0.05773862130415287	0.07001424706125166	-0.37059390271098747
0.9860200525148043	0.027634412830914803	-0.08530579726387985	-0.1404411485974351
0.95664185979181	-0.0853520858739212	0.12251668686620854	-0.25008205647419995
0.9301061694759812	-0.03276823415069412	-0.10930577175578829	-0.34911460094678637
0.9714984569771082	-0.10567387925166646	-0.0845010036507309	-0.1946364809510822
0.9797306162642718	-0.00521358278263712	-0.11503501789660991	-0.16391364423538793
0.9752718388771758	0.07038163933497302	-0.10626150816041552	-0.18055402798366943
0.9774541278859261	-0.12120188497234068	-0.012979051461382236	-0.1724096145262139
0.9858440241817825	0.07643420191117424	0.04858703810349791	-0.1410980952798439
0.9283819967281579	-0.03919626611554945	-0.10077308797230167	-0.3555493012426888
0.9305069240189919	-0.09466695120502956	-0.06600066765719115	-0.34761896463090636
0.9749414420302089	-0.12423035581044249	0.03177198046146546	-0.18178708580321024
0.9193149856974526	0.0349719192073256	0.04487790641106526	-0.3893878470820686
0.9753129225258652	-0.12010682102289455	0.04236320947447101	-0.18040070171940017
0.9858608626633951	0.04915292208727967	0.07596977734989832	-0.1410352532109435
0.9746430276461894	-0.011676594472818408	-0.12838196608946473	-0.18290078344608057
0.9525127769867898	0.14889000310504893	0.008072969758447866	-0.26549200329119443
0.9478749791170084	-0.13507929600867374	0.05753681106421546	-0.28280050057645373
0.9668921977120087	0.13468343175381609	-0.045924470237573886	-0.21182727456126849
0.9859792264908475	-0.07610249910449635	-0.04782090076881347	-0.14059351339311316
0.9317246911988086	0.1026698922324257	0.06039941491985802	-0.34307419564404057
0.9285483200712676	-0.0655582126453032	-0.08675163025647951	-0.35492857407571865
0.9625719662469626	0.040791082647435965	0.14081840182954328	-0.2279505978892785
0.9810452482258337	0.0761347193875636	0.08043868110041359	-0.15900737096158474
0.9501067667491682	0.14281260570897736	0.03958745136354023	-0.27447135574152937
0.9791839639330198	0.04833299057061659	-0.10640502900367933	-0.16595377850969656
0.9426483230014306	-0.13962865220567125	-0.02299282397802911	-0.30230664675348
0.9260408026995094	-0.09870519110161188	-0.0009360362447226774	-0.36428675630798213
0.9296243086305026	0.10883883528598488	-0.028510843945265426	-0.35091293010429075
0.9726949038035597	-0.06832435879275374	0.11415467639451496	-0.19017128060621064
0.9735754515483106	0.07767191692421814	-0.10579176903792971	-0.18688503168431025
0.9410793103647401	0.12849568900224922	-0.05380146551012434	-0.3081622816313267
0.9753690645418736	0.10493349632947525	-0.07193948195136629	-0.1801911768632175
0.9283825265511533	-0.10796353093881948	-0.005988391907763114	-0.35554732391635113
0.9630407162495022	-0.11521065665152896	-0.09006720258612308	-0.22620119906375258
0.9743720259442511	0.12815269601444798	-0.018771074552753488	-0.18391217556665193
0.9518190367396434	-0.14244780287125003	-0.0433783452450533	-0.26808107714080026
0.9643260430506667	0.11910529488412507	0.08288154174660901	-0.22140429413747661
0.939685338992363	-0.11781531542770382	-0.07009713971886539	-0.3133646536173351
0.9359568315776456	0.12131579419207562	0.04642552644580711	-0.3272796327254572
0.9303021943132631	0.10613570978925072	-0.04361542563522223	-0.3483830262945053
0.9470441794713268	0.11389937231755526	-0.09162326958896613	-0.28590108706504747
0.9191829469669346	0.04707978488486156	0.02965306374837042	-0.3898806223329284
0.9840184548042162	0.09906250737692862	-0.004071034349874287	-0.14791121294966336
0.9406431282361813	-0.0513664896826755	0.12877135158417138	-0.3097901354964616
0.9853357143348608	-0.04747198086078892	-0.08007704351235535	-0.1429951334545434
0.9900550975791588	-0.023110704027785922	0.05946523541111324	-0.12538215540643408
0.9817898888175272	-0.04608298900676301	0.0977633871036159	-0.15622833444000667
0.983004692177542	0.09936706660377824	-0.028577989755844954	-0.15169462657922572
0.9465691321654752	0.024239475689407784	-0.14374631342694422	-0.28767398774648417
0.9873783282240023	0.03889412958451882	0.07242725111875352	-0.1353719946400218
0.9770683140921721	0.0347404756420547	-0.11792778873697744	-0.17384949120676507
0.9832903212678681	0.09470408982754196	0.03850053228993463	-0.15062864430200965
0.9723698324648867	0.017680651420504352	-0.13250015344383445	-0.1913844633582229
0.9781626572298084	-0.06756156863041615	0.09906047343814656	-0.16976534701619195
0.9226017239528265	-0.0021157413136564072	0.0811227578114111	-0.3771215729218328
0.9366979081300917	-0.09451455314374907	0.09140436836585009	-0.32451389737943065
0.9220605077215774	-0.03563134334489452	-0.0691853421687749	-0.37914141939473517
0.9178291837421559	0.01809932235856776	0.03591629829245484	-0.3949329354692207
0.9656117540504636	0.13404392823348368	0.052038695649220756	-0.21660595536238428
0.9283804249476029	0.08297495561376728	0.06932147132737751	-0.3555551672075785
0.9213456870577628	0.04723897414279002	0.05578857133611939	-0.38180916643039153
0.9367077210849156	-0.057880699885788076	0.11808034507230225	-0.3244772749334555
0.9785297424493772	-0.03366548787776175	-0.11397007794952987	-0.16839536632605373
0.9261357853354237	0.07387505584049635	-0.06609297635742621	-0.36393227628491265
0.9746816755522499	-0.09257220199310505	0.08958829782824523	-0.18275654749705647
0.9508630835217686	0.09186348437900582	0.11673669943415874	-0.2716487431195681
0.9684029098321028	0.11493854090286444	-0.0804421626269087	-0.20618922017346758
0.9446187457678021	-0.04496622212042496	0.13666101770133773	-0.2949529288769915
0.9177318841106392	0.00294483925635999	-0.03873679996723795	-0.395296062637599
0.9851906263529431	-0.00488406437662868	-0.09366331986487866	-0.14353660917462785
0.9357350310104542	0.10921588112206843	-0.06940730999241262	-0.3281074037113635
0.9792052998910442	0.05610358858910826	0.10244576044734796	-0.16587415163032115
0.9342475522904459	-0.03690526893626933	0.12038002658040853	-0.3336587498696121
0.9491230559789545	0.06909456493764209	-0.130491577531862	-0.2781426143159192
0.9331880588334471	0.017997520190383802	0.1218758012131732	-0.33761283328141795
0.941625625123707	0.13680187469673816	0.030247128092109124	-0.3061234071939377
0.9291514008885817	0.1047707258986687	0.03631950283373908	-0.3526778458244324
0.9397659604351101	0.13708036775750998	0.006323615301296208	-0.31306377029682303
0.9274132685810375	-0.04883254478980854	-0.09230801913555678	-0.3591646439064646
0.9801710556718313	-0.08738742870511974	0.07277786638839039	-0.16226990198872038
0.98222899990813	0.038376400604814544	0.09927494542533376	-0.15458954953971016
0.9373159947128201	-0.11617953940885438	-0.06421512523749615	-0.32220716684921136
0.9852816980952392	-0.08385133525110727	-0.041032023837718826	-0.14319672480524515
0.9341308639382235	-0.044176177865793184	0.11759691888747349	-0.33409423672875693
0.950008864530555	-0.13205717179409623	-0.06714783352455539	-0.27483673179556734
0.9747074056137556	-0.1032714039091423	-0.07691309657702214	-0.18266052160023566
0.9452647529895186	-0.14362667413339592	0.016282050354477745	-0.29254199710348916
0.9654996015556078	0.14389485156443485	0.0022696558962463087	-0.21702451417138205
0.9719671659606058	-0.09089218128363812	-0.09906035619146697	-0.19288723521070533
0.929327254294519	-0.04271830336159914	0.10298945541054468	-0.35202155197879015
0.9548606405206985	0.06248753095216209	-0.13574368760982078	-0.25672965729340896
0.9504458314887931	-0.023650933080436146	-0.14646454947279045	-0.27320594890619365
0.9776161824054959	-0.10847154247436334	-0.054622601553247926	-0.1718048188255835
0.9589559546020104	-0.05311871970068559	0.1388734488731154	-0.2414457370690005
0.9842335583530537	-0.09290267555647785	-0.031819862796129694	-0.1471084355765136
0.9389652184955661	0.12188891329150249	0.059986922352379624	-0.3160521798989526
0.9716402216674243	-0.09175146070015117	-0.09909219589076013	-0.19410740792410375
0.9200188386080272	0.05042990378335275	0.03792183192945132	-0.3867610322587487
0.9803343477883679	-0.07045621703584015	0.08857976520800998	-0.16166048751333018
0.9878780840364441	-0.018542190163907978	0.07699994226265695	-0.13350688055661092
0.9360244906409947	0.07210709350398072	-0.10822189735436705	-0.32702712566344616
0.9388791575070947	-0.1239514162383762	-0.05522561577945353	-0.31637336388047715
0.9358249129144829	-0.12960385962998883	0.00033801596108103127	-0.3277719598788472
0.9249421232128437	-0.04894595360974805	-0.07985811601387686	-0.3683870839734519
0.9181835894718277	0.0218773438051897	-0.03913092187750181	-0.3936102752795924
0.9170544344627154	-0.016881276324590522	-0.02149376484429739	-0.39782433914322046
0.9495844608214906	0.1426566158374113	-0.0391162132608166	-0.2764206280007164
0.9405352529640563	-0.13808478671435226	0.010319832307556925	-0.3101927314929129
0.9360592552165754	0.04275783130764614	-0.12289401897245698	-0.3268973825010752
0.920347194834539	-0.008323867511248983	0.06522317783170656	-0.3855355901384251
0.9672845669536643	-0.08507606016062458	-0.11344631815078556	-0.21036293261608274
0.9806894290747555	0.052432121176468664	0.09895304939226879	-0.16033530611171473
0.9424749235520797	-0.10957703977850802	-0.08917901442535392	-0.30295378230846226
0.9820694582189594	-0.09827288452840217	0.0424222270269791	-0.15518496722962022
0.9649536245679324	-0.08287398748827166	0.1183561941528358	-0.21906212802915
0.9317685821039527	-0.023598085716822766	-0.1168884187229201	-0.34291039255605255
0.9223762210759648	0.07765922176034092	-0.018303030042979382	-0.3779631611155335
0.9755245334601006	0.05964380558701271	0.11195715472232708	-0.17961095896139656
0.9761396151924742	-0.11536800243836941	-0.04899907601740765	-0.1773154426853712
0.9810357214722714	0.034194832113501786	0.1053801431358734	-0.1590429252899108
0.9760992333169021	-0.11762643741990214	0.0435898334350549	-0.17746614989671097
0.9471562878355256	0.02827514301094708	-0.143509981273514	-0.2854826929539037
0.9752336639827662	0.10008432814381049	0.07906455133563885	-0.1806964986291793
0.9673578291683368	-0.1279671242548705	-0.060873979943953986	-0.2100895143086498
0.9784584899163108	-0.10718404089985109	-0.051806718017457204	-0.16866128439962538
0.9287340960393796	-0.006966081518395964	-0.10918718388030925	-0.3542352487238995
0.9843060906906457	0.046422898910510685	0.08616908983587498	-0.14683774120742873
0.9693672232348188	0.059614422289087046	-0.12542111392243416	-0.20259035356011157
0.9299512321038461	0.10806400103943876	-0.035039958240492566	-0.34969283509158594
0.9747402166313585	-0.10281935768048911	0.07739213819700025	-0.1825380692154935
0.938238899558882	-0.12263669612074171	-0.055301541978026975	-0.31876283907315717
0.927053734869853	-0.09029258654750272	0.04953510640662185	-0.36050644198363857
0.9764988241155326	-0.09131317002625539	0.08452692635007933	-0.17597485673398497
0.9280846042276415	0.08725915790483095	0.06195992571996574	-0.356659185164406
0.9560076356639748	0.13470846131248296	0.06459509862438065	-0.2524490131426668
0.9531911669053922	-0.12900964981017318	0.07506686035865165	-0.2629602176476279
0.9740176581977252	-0.1302394615122479	0.003923305020270891	-0.18523469400124998
0.9555275002431374	-0.0006736944677441167	-0.1494265896463866	-0.2542409029277457
0.963619144836803	-0.01939435309748509	-0.14445404989791236	-0.22404247418739567
0.9798689084527648	0.10634582438402632	0.04299691645533631	-0.16339753076164215
0.9316863656988021	-0.08104056014614187	-0.08714859574827877	-0.3432172283572904
0.9358825092163757	0.12909918032919468	0.01279599091724095	-0.32755700755385503
0.9814350849464802	0.0783633362291291	-0.07629926248127317	-0.15755248051347603
0.9423155524372799	-0.07050365576470123	0.12218389342583763	-0.3035485634061538
0.9577458003458194	0.14159786733083654	-0.04664412165870338	-0.24596209423810167
0.9359000141587266	0.012790539961606649	0.12913855459189538	-0.327491678219618
0.9473501401390186	-0.09096754251129542	-0.11473796764997826	-0.2847592263081037
0.9539738619135254	-0.05106709991632413	0.14037684032982362	-0.2600391601104441
0.9351880900769337	-0.10946937114065605	0.06664521686999199	-0.33014861506400084
0.9367253479740867	-0.11311182395977241	-0.06714553285964044	-0.3244114904874895
0.9794685092995136	-0.11184569664058852	-0.03070277331665777	-0.16489184074488325
0.932684203094183	-0.09619155618059957	-0.07477764399214139	-0.3394932485000369
0.9381440588358873	-0.12211014291244159	-0.05602956850797623	-0.3191167894700001
0.9268598859290998	0.09621749598928832	0.034437007701372147	-0.3612298960795229
0.9606539872844759	-0.01322689952308731	0.14728515004314816	-0.23510859282512692
0.9781667307383016	0.04081145392382854	-0.11273491276398229	-0.16975014447553033
0.9515739664695061	0.08950117826174633	-0.11890266270595898	-0.26899569184037714
0.9829850859175152	0.000525404035859	0.10347260633974836	-0.15176779813779248
0.987027974268878	0.08333800007434938	0.012217237966044157	-0.13667953340117803
0.9339032559413061	-0.12470144297608653	0.009326789051852642	-0.334943681337462
0.9423371067530222	-0.08045383765467107	0.11590969076270208	-0.30346812160468145
0.976195125736284	0.1250922155872498	0.0052605309931502316	-0.17710827451551692
0.9277637419266266	-0.06401861906620857	-0.0842298449344308	-0.3578566595740271
0.9909571139326729	-0.042763807469077944	0.035880404660942736	-0.12201578454586154
0.9816327734549342	-0.10491854017944745	-0.02825506723459232	-0.15681469695585365
0.9822205166871115	-0.10639699934810935	-0.003849252821287053	-0.15462120935156293
0.9334402483313747	0.07825850875887769	0.09600577683187361	-0.3366716492620168
0.9581679612034322	0.07694605718228852	0.12754868701612576	-0.24438656846852364
0.9350257500796593	-0.12717070867824815	0.012487354718270022	-0.3307544761819296
0.9819813225570962	0.08576297240819458	-0.06459739535317394	-0.155513893997652
0.9472459320625058	-0.07766548997765305	-0.1240312715046066	-0.2851481361442087
0.9312210199184058	-0.029623696599405853	-0.11382723771719094	-0.3449539224528177
0.9237904465076144	-0.03970962728822984	0.07835877857126526	-0.3726851999512613
0.9517442127469592	0.13289922703813856	0.06710801303374517	-0.2683603240831231
0.9601637554375566	-0.1358689741427787	-0.059038051547960116	-0.23693816298531817
0.9830810259337662	0.08369891176529574	0.060177052937215834	-0.15140974512266453
0.9470048504228171	-0.008866599722152563	0.1458760280944224	-0.2860478650722986
0.9797959578858099	0.11268262064890489	0.022687200582889745	-0.1636697859839589
0.9782311665704376	-0.1041197094924713	-0.05907066741435641	-0.16950966667617062
0.9644063599205448	-0.1272256119939258	-0.06961893185843317	-0.2211045474983866
0.9587061232638536	-0.12573238002035336	-0.07954108763862373	-0.24237812031632475
0.9217927149153586	-0.07444757629857371	-0.01577003820263081	-0.38014083575344537
0.9794874278646993	0.03471033945330858	-0.11060529486820544	-0.1648212356984039
0.9346868202930791	0.05967134485615452	-0.11208483527722511	-0.33201937936564535
0.9286672252437516	0.10857733815878663	0.011342975311719367	-0.35448481393072584
0.9274045019822917	-0.09736500724804094	-0.03765900560075844	-0.3591973612983932
0.9858686347100994	-0.03530609609657081	-0.08326915892803792	-0.14100624753776403
0.9771693379790264	0.037351465587545936	0.11684287245618272	-0.17347246492824667
0.9601310040483942	-0.13366229930873189	0.06391568632238505	-0.23706039283369054
0.9701911532189922	-0.017939618663633534	-0.1363851145344309	-0.19951540499729725
0.9755864001053968	-0.10688216073708039	-0.068045354819483	-0.17938006949785756
0.9176412796850056	-0.02751895196792395	0.025510126437794576	-0.3956342029574542
0.979111972002924	-0.09431341392570988	-0.06938891365878506	-0.16622245605054875
0.9671510680516422	-0.12325042282008934	-0.07046784502765967	-0.21086115730118393
0.9447166357086143	0.046390153101162714	0.1362959230337239	-0.2945875986443305
0.9284576614985415	0.10484403724028853	-0.02755933086936501	-0.3552669164752743
0.9403663411014594	0.09193871010009821	-0.10318627192052844	-0.3108231191461252
0.9330509177351444	-0.0436772227514762	0.11480420562289988	-0.33812465082808985
0.9307161364702295	-0.0922950582027808	0.07037312841433963	-0.34683817313331167
0.9782441359961479	-0.11959881491840064	-0.004172987174050621	-0.16946126412047496
0.9395967062617485	-0.1289914613659835	0.04598267327238094	-0.31369543547120177
0.992743465054215	0.018868584057483973	-0.028266412628293342	-0.11534903140010885
0.9832922098949092	0.08093772249699327	-0.062439169602134914	-0.15062159584993554
0.9662379426987289	-0.10976660414359302	-0.09178415819040633	-0.21426898751193546
0.9339159599028691	-0.11685352019625354	0.04461752263896668	-0.3348962695074513
0.9293143339256001	-0.048280831900486924	0.10045250649494847	-0.3520697714520479
0.9735826750953493	-0.10413763440137697	-0.07985103878685369	-0.1868580730397511
0.9405012887769015	-0.05118973534749183	0.1286030809950883	-0.31031948756501193
0.9854585909168089	0.09050981773957532	0.019043893503970784	-0.1425365518076529
0.9252420665084807	-0.046742274922976335	-0.0828053685758707	-0.367267680354745
0.9754584527384573	-0.1263624991189019	0.012828807695701768	-0.17985757557197024
0.9194933365826946	0.0036886942130203975	-0.058424510799869364	-0.3887222325167705
0.9650487736405803	0.1188974046452756	0.08192379426854159	-0.21870702685573495
0.9685642524730612	0.04561055989283461	0.13242702777298404	-0.2055870812399831
0.9313616123305773	-0.04399689677522166	0.10953688653350369	-0.3444292244274346
0.9710180024686387	0.09823387495805219	0.09428452697614753	-0.19642956158741615
0.9696653416652102	0.006638871882757927	-0.13824529867245394	-0.20147776043121818
0.9541708346173455	-0.07226075589444422	-0.13075860288521446	-0.2593040479720833
0.9284804013042834	-0.045549534165620284	0.09846367568663929	-0.355182050364891
0.9418809405325618	-0.11334282729691993	0.08297366106942725	-0.30517055711613666
0.954723029284844	0.11585198133040678	-0.09438313776275348	-0.2572432294173106
0.959987538656843	-0.14696499995467108	0.019324701131817872	-0.23759581296408733
0.9459834590323578	-0.1437874125729556	0.02053778867745058	-0.2898597496359064
0.9168745958075517	0.021837486930229074	0.00808896237940768	-0.3984955061414559
0.9173472928644175	-0.02778008711629831	0.017505021251028968	-0.39673137670864445
0.9635897757978691	-0.08828859541947626	-0.11599876081292396	-0.22415208093286662
0.932810225731747	-0.07574879725143739	-0.09586792160856189	-0.33902292561374436
0.9760699244108061	-0.018275778480352382	0.12417901971430301	-0.17757553222337563
0.964579496636685	0.14276882422108872	0.02452661177296806	-0.22045839247709587
0.9347420311862675	-0.06945754527403966	0.10645608906805186	-0.331813329507135
0.9592232250334218	0.13409738762904255	0.06397909444752925	-0.24044827023961227
0.9774476733790955	-0.06283869146995627	0.1044699129149009	-0.1724337030736434
0.9319203444434437	-0.09688842151087644	-0.07026866810189161	-0.34234400779439667
0.9256587698607267	0.028644244684055006	-0.09268063486785037	-0.3657125222724789
0.9879241471380068	-0.06982698227462561	-0.03676761660525616	-0.13333497072122485
0.9243502062661277	-0.047185985717622836	0.07751563678805024	-0.37059614809245717
0.9869856348007517	0.06007620889366014	-0.059377535349494234	-0.13683754644739057
0.9733702805432496	-0.0537644233179915	0.12019518877855376	-0.18765074029943818
0.9806986697930132	-0.08350764503636213	0.0745670143181145	-0.16030081928167866
0.9303564808846971	0.06685042887139611	0.09347849779483017	-0.3481804260517446
0.9339237286135578	0.08232350612457214	-0.09419775340070245	-0.33486727628445223
0.9671492812427479	0.11844845650004984	0.07827509822719969	-0.21086782576276059
0.9352184446253662	-0.10351537942189563	-0.07568162114008692	-0.3300353303470102
0.9439781804963486	0.10098456293103705	-0.10145996977060337	-0.2973435510156198
0.9295653014551298	-0.014089407810258263	-0.11142419565567786	-0.3511331478807931
0.974835903597488	0.0382660512021421	0.12264080878273015	-0.18218096059627625
0.9830518418741138	0.10047498713642412	0.023578557212639056	-0.15151866151605858
0.990320842792501	0.060340398153100244	-0.012275905415690824	-0.1243903807683728
0.9728855438463316	-0.08716749871002422	0.1000026452812642	-0.18945980228062909
0.9342518612431132	-0.11724928937978496	-0.04591986026699469	-0.3336426686393301
0.9340837185933133	0.1181528758623071	0.04231958926846792	-0.3342701855513025
0.9830014440057673	-0.09809385827402825	0.03272336142902122	-0.15170674892132086
0.9524739161165291	-0.02900662556018117	-0.14624985791847714	-0.2656370340334337
0.9685828659055763	-0.038562406634336105	0.134620513326025	-0.20551761496413365
0.9480867799117223	0.09714036536664368	-0.11029750357715351	-0.28201004924949785
0.9322247308544045	-0.059624016281615067	-0.10478126465414761	-0.3412080222435576
0.9844925359905	-0.09096537607587461	-0.03379773326759635	-0.14614191787553954
0.9803031060172781	-0.036147291470851994	0.10736558546344471	-0.16177708339035596
0.9744274762041606	0.08720830633226381	0.09559389374581988	-0.18370523237937664
0.9366643957810022	0.020540820213386338	0.12979763240010347	-0.3246389671689133
0.9778512652956393	0.1151839938197728	0.03637784972710893	-0.17092747753557835
0.9322412764532259	0.09277696043070763	0.0770575003011865	-0.3411462732281149
0.9426049936550223	0.09615468339558644	-0.10374486773053235	-0.302468354075735
0.9324735627639031	-0.062497600221530315	0.10390888221856918	-0.34027936891476457
0.9571499793953143	-0.002534738752283945	0.1492023334683365	-0.2481857282976003
0.9554762678079796	0.1188584973438598	0.09056524289690754	-0.2544321049787504
0.9642664566263004	0.1326637323175025	-0.058924971424119565	-0.22162667370065328
0.9807953808432891	0.05652220192756778	0.09625431730200475	-0.15993988872839549
0.9916535629758912	-0.027052093697766524	0.040386514954573065	-0.11941660133168783
0.9431612681146896	0.04897251337458425	-0.13346526004064765	-0.30039230952930374
0.9852001008680263	0.032406480477304205	-0.0879657466159023	-0.14350124980296025
0.9852999436063891	0.09066043634063169	0.021883811809597167	-0.14312863163062362
0.969898055763508	-0.12813098891580527	-0.05134331574100129	-0.2006092595927333
0.9823300875059587	0.0953983236537572	0.04631770750988718	-0.15421228548859817
0.9612638152391436	0.12432516575530289	0.07939818620727065	-0.23283268391443135
0.94734188357773	-0.1463020826083632	0.005804243152664344	-0.28479004021432874
0.9619235743126314	-0.09423224699675298	-0.11292823387029134	-0.2303704295314203
0.9459623084526928	-0.09608517233834568	0.10889678495334298	-0.28993868467382566
0.9178650926811087	-0.016076049882027543	-0.037403794624133145	-0.3947989214846031
0.9895260025347307	-0.06587045751570307	-0.016722067590509742	-0.12735676499427268
0.9605978551521915	-0.08867026189309773	0.1183838932621087	-0.2353180807947493
0.9750589192800344	0.11439922300329375	0.05732004128893374	-0.18134865473812806
0.9799207016341992	-0.113807925581382	-0.012944185673528553	-0.16320423597704317
0.9309274320936539	0.07247592396486136	-0.09149331136889233	-0.3460496071312751
0.9738514613999011	0.12764429020966148	0.02789631297260209	-0.185854948894785
0.9788960926836577	-0.07758727694653642	0.08856781824262486	-0.16702812863835398
0.9476788254738375	0.00959962243098687	0.1463624976573206	-0.28353255593885707
0.9230019862509935	0.07797761374350537	0.02984293493015903	-0.3756277736887192
0.9274897105872043	-0.10459184606838233	-0.005384103022442972	-0.35887935845561736
0.9789425674256631	-0.0978877463663434	-0.06518399886376625	-0.16685468253992125
0.950206919138155	0.03981883731681317	0.14279981299995076	-0.27409758193733097
0.9368641577724481	0.027089945250091688	-0.12901442113373066	-0.32389344526741626
0.9335582865571802	-0.1080440800765477	0.061188505513437005	-0.3362311246060757
0.974529774524959	0.11196065327948783	0.06441306868299541	-0.1833234498486282
0.9728563751693062	0.03357181220796256	0.12840221720672043	-0.18956866126527733
0.985887390630068	0.07818583516973554	0.04527694506828513	-0.14093624949149874
0.9473415988615147	-0.12473960372691947	-0.07666781658806264	-0.28479110278970987
0.9649608637135197	0.143243056872151	-0.018856782172972274	-0.21903511117001462
0.9476344405934792	0.11044425416829773	-0.09646949560506023	-0.2836982025674418
0.9431284417512071	0.13843340602008503	0.03218350365381939	-0.3005148191856481
0.9469436661243844	-0.140938271922722	-0.038471150715922685	-0.28627620798267533
0.9480140574695909	0.14679515937615537	-0.006140786630219219	-0.2822814530983826
0.9777531629248568	-0.12037809344649507	-0.01289842677169568	-0.17129360056768123
0.9324613555795506	0.02991223166291699	0.11747349906404311	-0.34032492674698556
0.9580598634154135	-0.14385730547998757	-0.038784432013314156	-0.24478999490559497
0.9907023346704075	0.011252887383773322	-0.05710922518537141	-0.12296663369735092
0.9825263795014428	-0.07629121302287041	0.07256405346131915	-0.15347971378833225
0.9290801072861812	0.043455681418863135	-0.1017464954168909	-0.3529439171708459
0.9494600381665852	-0.06659288754175416	0.13200655774036385	-0.2768849796704358
0.9744992122019507	-0.08745168559308233	0.09515339212580538	-0.1834375099908927
0.9310726270130545	-0.11676904673316094	-0.009651935688520678	-0.34550773231507137
0.9425747347170848	0.11480699382238667	0.08256386282252708	-0.30258128196950074
0.9539599158712975	0.08008014151105325	-0.12609604932084195	-0.26009120744860353
0.9624697375603539	-0.06110337909367532	0.13335225559686523	-0.228332120541693
0.9315100729916919	-0.03267965249104436	-0.1138898476414004	-0.34387516169722976
0.9580875614104716	0.07507896694913976	0.1286849996839367	-0.24468662458077067
0.9286471923921673	0.10409979355508192	0.03263634493984595	-0.35455957755065876
0.9625798855661112	0.14087327188523813	-0.04057934841203533	-0.22792104258785473
0.9790316980253411	-0.06865679665422789	0.09515034345000326	-0.1665220426134138
0.9643194095432068	-0.14391317206525006	0.018607815016064615	-0.22142905072434932
0.92606477730608	0.06230593744281657	0.07669640330245973	-0.36419728185816924
0.9367898497965849	-0.11784378082204765	0.05874465801776027	-0.3241707664087455
0.9483433643913947	0.10787670015428025	-0.10008493321597126	-0.2810524629349269
0.9378836237690794	0.03146217103705492	-0.1301062431469021	-0.3200887463713995
0.981147181819268	0.08431499293660302	0.07126486112408863	-0.15862694961189017
0.9223855425276026	-0.07479809387557626	0.027933868009799696	-0.37792837298442106
0.98662564015667	0.01698711913000462	0.08477781144723487	-0.13818106474955644
0.9748194517972746	-0.11202134218036085	0.0629760087590509	-0.18224235955054835
0.9176282408410217	-0.037293510561430133	0.0016359566899373417	-0.3956828645856742
0.9537512181970169	0.06696176794236137	0.13349733309973144	-0.26087007777243976
0.9783191542922879	0.05996441699143422	0.10331307500752175	-0.1691812920277832
0.9608224675966675	-0.008196598050702365	-0.14755411736852236	-0.23447981573995325
0.9362194748009592	-0.0441570371463123	-0.12276778843095373	-0.32629943487178725
0.9861636921001565	0.0889051064782632	-0.001903542124964644	-0.13990507836692243
0.94139364831543	-0.0819267866322792	-0.1132415929715174	-0.30698915642860497
0.9268523482131436	0.1000398768598892	-0.02072161721191957	-0.36125802721844447
0.9318195103659151	0.10933681856825975	0.047964972244348994	-0.34272032569486793
0.9319721572358619	0.11530451658029808	0.03264515681789029	-0.34215063982061
0.9818463538901745	0.10081603839008921	-0.038371487108914144	-0.15601760392003378
0.9743902758930958	0.12372711750990427	-0.038164775600558115	-0.18384406583032825
0.926246632848431	-0.05934172724986614	-0.07999981822152852	-0.3635185877344769
0.969486906256947	0.06937038916193378	0.12008670250639511	-0.202143690440726
0.980896870690915	-0.06896990461227355	-0.08731969541022383	-0.15956112346060347
0.957927975709664	-0.07176080365014798	0.13061783788908118	-0.24528220652434557
0.9559333797952582	-0.08185186247717689	-0.12498457606916377	-0.25272613981747766
0.9653687456250949	-0.13079074152839126	-0.06037479642669698	-0.21751287515252785
0.9745682135571773	0.12714688887856643	0.022261082193207417	-0.18317999342739597
0.9857851796953001	0.08403218434119829	0.034575677709209135	-0.14131770589314158
0.9474192697869628	0.10815853064702219	-0.09878010464025447	-0.2845012309496667
0.9487338487554051	-0.1005332695134534	-0.10781324128421683	-0.27959515544887836
0.9637583434572946	-0.12136856430305928	-0.08047984457336778	-0.22352297786337752
0.9608334271143303	0.10463874628742477	-0.10434679484399387	-0.23443891426320912
0.9411457845673256	0.0400864132246072	-0.13351606360769586	-0.30791419652988544
0.9706909254993569	-0.08733852590743629	-0.10519266058997695	-0.1976502294547618
0.9567997719296599	-0.014744480269710154	0.14856035550569985	-0.24949272035261233
0.9355115935919637	-0.10114098947913833	-0.07991364404993649	-0.3289412835094818
0.941059365679298	0.10234195607396804	-0.09446439050696431	-0.3082367162107378
0.9276003702968824	-0.052070678482184315	0.09136771024437494	-0.35846637079674787
0.9757559598934027	0.08814969312407199	-0.09043978126388183	-0.17874726375409872
0.9197024431714897	0.010928358865733909	-0.059406386843338425	-0.38794183610318933
0.9704501903481708	-0.04208235371274649	0.13051410298750804	-0.19854866527015566
0.9270915222425195	0.10173085113112965	-0.016997326852076788	-0.3603654175889628
0.9375828387282683	-0.08673715095586951	-0.10118494664143385	-0.32121129142586324
0.9809710994093497	0.07327830696841729	-0.08339405218655022	-0.15928409811202443
0.9226818409406824	-0.08061050088851787	0.012841985272750489	-0.3768225722526053
0.9505367240818783	-0.13494038351122978	-0.06176386500272911	-0.27286673313076837
0.9476815281752946	0.0688958178340334	-0.12949168633999975	-0.28352246931970143
0.9501393902775844	-0.14586249606445206	0.026297653447640186	-0.2743496030759576
0.9281179917628691	-0.08388325215220156	0.06666097653445197	-0.35653458118659687
0.9652037239578435	-0.01043307776184698	0.14384982799161022	-0.21812874439905988
0.950089754420006	0.027926626776549925	-0.14553411990070467	-0.2745348466183175
0.9321121881586937	0.041341420298239555	0.11290721758567591	-0.34162803730197117
0.9255442390312201	0.06280815966668496	0.07324294133654168	-0.3661399571472306
0.9561597912369804	-0.14655457002584601	0.02891526332941033	-0.25188116081355566
0.9477883707705952	-0.126169803285351	-0.07496225714451563	-0.2831237273256272
0.9804261662281929	0.11134047665898053	0.018557826770052643	-0.1613178164308318
0.944027435509879	0.0885156395218238	-0.11257565519529783	-0.2971597288025972
0.9914527267617418	0.04249907615896338	-0.027846360149044423	-0.12016613228689327
0.9367998474903804	0.009514245278482526	0.13135078434401484	-0.3241334545075424
0.9362486330978192	-0.12995424295294228	-0.012250497566041567	-0.3261906146264436
0.972522237751722	-0.013629633443153336	0.13268046874405875	-0.19081567908441158
0.9202514941858743	-0.05700545232076517	0.031214603786147294	-0.38589274982155924
0.9760339813311775	-0.06958555705358979	0.10456954354521673	-0.17770967362272977
0.954044804897529	-0.10932058289695147	0.10180757789024562	-0.25977439728970225
0.9422243244842087	-0.13830815680034939	0.02712255694521013	-0.3038890307620865
0.9929109576491425	0.030350335667720326	0.006716008883124572	-0.11472394052594792
0.9420691551522826	0.13939000729790224	0.019372408977612846	-0.3044681305926109
0.9650307592296975	0.11910152421556112	0.0816595671215069	-0.21877425755241786
0.9262266128910557	0.09502443020997699	0.02957243784441957	-0.36359330323256733
0.9686523835194464	-0.06132763884856441	-0.12577982177956346	-0.20525817169714944
0.9902471186879751	0.060199712588094735	0.015657137077816248	-0.12466552287220595
0.9331145259270959	0.1165954710067015	-0.039178769017039344	-0.3378872618239491
0.984076132823115	0.09705150430868398	0.019001973665221467	-0.1476959556526531
0.9838263423975113	-0.0999686266411884	0.001289943977867615	-0.14862818621225055
0.9805035080416427	0.06937519079315196	-0.08871053551054496	-0.16102917285348778
0.9806412371646003	0.09321116167808224	-0.062364464835591576	-0.16051516076892802
0.919797652864161	-0.061077954609837275	-0.004296455005037218	-0.38758650869276723
0.9912151833131334	0.045870770159667916	-0.02710326857198382	-0.121052656506105
0.9212850194343651	0.07256922660522086	0.0040540229522503975	-0.3820355810832861
0.9400575971338615	-0.04796518788789969	0.12908301595294297	-0.3119753673197311
0.9305423268802135	0.0729998286380939	-0.08952597041567659	-0.3474868393540941
0.9367927422021265	-0.0616573803019944	0.11635307598660852	-0.3241599718043081
0.9503146315552324	-0.14756150876390567	-0.014779179927333998	-0.27369559372419217
0.9344853035511326	0.12407103311832274	0.024632462242247015	-0.33277145008516557
0.9336468989182106	0.0674034709424807	-0.10455213490767505	-0.33590041877253135
0.9449715303414626	-0.0633736410299502	0.12957739260961093	-0.29363631892396375
0.9273620235538281	0.040879426122755594	-0.09587435523094377	-0.35935589295164466
0.9770619412821502	-0.12286704915737941	0.004662126084059765	-0.17387327485755372
0.9248613890852521	0.09257681970664552	-0.011393687049870833	-0.3686883878395287
0.974304208327516	-0.0049796443765284595	-0.12957493776897794	-0.18416527435795588
0.9378028827046807	0.04494642541007808	0.12591970121322454	-0.3203900761259925
0.9776002230387065	0.09325310115139765	0.07787360226570753	-0.17186437999329815
0.9315456320996568	-0.031515440096021294	-0.11432689163602111	-0.34374245329963304
0.9929900637490111	-0.021569754225845963	0.02028666419942881	-0.11442871254204953
0.9900563369472566	-0.058947805307648676	0.024373774546498514	-0.12537753002172403
0.9782010249693438	-0.02314889595365993	-0.11753811013491344	-0.16962215666287406
0.9792633823493002	-0.11329039386195366	-0.02767933275150843	-0.16565738494508103
0.9834882793729435	0.03477481767819697	-0.095260421375594	-0.149889854596098
0.946726538676222	-0.09867800395019229	0.107484100349637	-0.28708653865093486
0.9351120950126605	-0.08672579794915919	0.09411984622214771	-0.3304322325049932
0.933051362151009	0.00028920062182882095	0.12283287046265058	-0.33812299224550296
0.9835148138857496	-0.06547688559455214	0.07729228055049295	-0.1497908264461516
0.9265347764740745	0.048422245770753825	0.08845058275176412	-0.3624432210836987
0.9758720108590775	0.11921299334002756	-0.040818409256068944	-0.17831415565393294
0.9532823627583701	-0.08100805548919815	-0.12538435162782566	-0.26261987009087495
0.9362281110389922	0.04878124773781267	-0.12102489648131576	-0.3262672039926623
0.9298130653824214	0.10814640973013735	-0.0332571469233791	-0.3502084803158583
0.9725275969995418	0.11162690381787253	-0.07298298868213435	-0.19079567809925752
0.9327773491584818	0.1152286092155561	-0.04036125801687127	-0.3391456226555487
0.940495046995783	0.11620788712338624	-0.07518078928372536	-0.3103427822092762
0.9317292490827515	-0.0009355591148640721	0.11912807681401687	-0.343057185389591
0.9408843265171889	-0.10555576533862897	0.09045247467535117	-0.3088899712570432
0.9314986901008473	-0.027470766996132358	0.11522240224957324	-0.3439176432241987
0.9592606329779955	0.12492007306533293	0.08040995202531638	-0.24030866188985703
0.9323880251094412	-0.09030025672260075	0.08056691685402262	-0.3405985997871767
0.9301373323095802	0.11026304659224279	0.02977902665835474	-0.3489982996684876
0.9465443417938134	-0.11294626295990513	-0.09212702284720513	-0.28776650667306475
0.9538934517989569	0.12005633403862599	-0.08886636997142741	-0.26033925474345637
0.993612842399583	-0.012659901861893592	0.00241534482104838	-0.11210447097624593
0.9271314046625956	-0.09971214277542383	-0.02699752988668753	-0.36021657437090976
0.9353525957106255	-0.1283568619464962	0.006851120257565391	-0.32953467168093187
0.974789307156655	-0.12742094867763307	-0.017216654850519108	-0.1823548608809164
0.9393535480755317	0.13075622708475898	-0.03927756596532874	-0.3146029141764388
0.9368819031849331	-0.09472244607951258	-0.09173816141954858	-0.3238272184864207
0.9321202397133825	-0.02720202815348896	-0.11714402519995343	-0.34159798849079254
0.9877848488116397	-0.0256892424275307	0.07552507740537179	-0.13385483915263569
0.9319118335496787	-0.10870027575772051	0.050034148868456085	-0.3423757708823458
0.9332351376083208	0.009781402979904551	-0.12293365457859737	-0.3374371329016315
0.9203638864556409	-0.05891502156476791	0.029490247362782687	-0.38547329616041215
0.9255383991089097	-0.09036485811140081	-0.033740710437255045	-0.36616175203400503
0.9672178739427753	0.019658929535852885	0.1405196287319625	-0.21061183432123023
0.9573104066881908	-0.09537201576821089	0.11472418475395504	-0.24758700548966472
0.9242379017722443	0.08340207099606918	0.034293757655012275	-0.3710152741695484
0.9479115806491779	0.13124408878482863	0.0658767261642293	-0.28266390179876216
0.9619218856349276	-0.07508318115769153	0.12647277693740147	-0.23037673176240858
0.9395477412466112	0.10597296445110621	0.0866040630353741	-0.3138781753954873
0.9643566548093025	-0.10083820856158686	-0.10430058490659931	-0.22129004949893852
0.9337376743596109	-0.11813037993894475	-0.03971843947650492	-0.33556164021314605
0.9453229607379576	-0.11738907479197892	-0.0844425133337485	-0.29232476282892045
0.9290766263119287	0.08965902169749554	0.06480203022752529	-0.3529569083436158
0.9668528133751936	0.07407372924341503	-0.12155506351095981	-0.21197425890728497
0.9257098243069104	0.05803531879180801	-0.07801859914328091	-0.3655219844853689
0.9369394971012178	-0.13160948168156253	-0.00992061140834763	-0.3236122750646395
0.9568156400402619	0.035944704527876035	0.14489561204332618	-0.2494334997576258
0.9229139691763093	0.0766467531026531	0.03181152144083959	-0.37595625788337433
0.9319584797635505	0.1162248706762458	0.029037533026488583	-0.34220168484219526
0.9203711403995835	-0.06481799801972177	-0.01211608022849581	-0.3854462240730633
0.9320505005406934	-0.03297303239173284	0.11544511503550914	-0.34185825862654634
0.9273739600470691	0.028373104372560694	0.10033873766360225	-0.3593113453524056
0.9536648154437071	0.11953451111824515	0.0895174783367567	-0.26119253723770597
0.9392897681515483	-0.08736975430901059	-0.10476849431134332	-0.31484094409324787
0.9343738689145306	0.06063864411345232	-0.11070063768288757	-0.3331873298106872
0.9574991816262011	0.07981553254049593	-0.12599140904598866	-0.24688248782981445
0.9731974084234769	0.07237007788469735	-0.1104265690759959	-0.18829590783364192
0.940854312958792	-0.09910297834752982	0.09741424811362348	-0.3090019833818966
0.9299324568958208	0.09831316784261633	-0.05679838766346443	-0.34976290512185915
0.9789298615834747	-0.05618476354320752	0.1033599874121922	-0.16690210138852107
0.9553914509394453	-0.11681372434641771	-0.09319257866420141	-0.2547486458414589
0.9457303938811044	-0.12867304479439293	-0.06685944916398302	-0.29080420163800935
0.9212149382374536	-0.011330108681375805	-0.0712991751710848	-0.38229712767081536
0.9271874706496801	0.03106165383827573	-0.09875873597387973	-0.36000733325853396
0.9768676772432989	-0.06376793732512309	0.10572905279010159	-0.1745982781206301
0.9822549271642091	-0.09473306391808192	0.04829992971183705	-0.1544927877027218
0.974215089260161	-0.12563864066247887	-0.032869854521627995	-0.18449787124524766
0.9765812458401575	-0.0537633644436974	-0.11198029538125104	-0.17566725467003735
0.9653455717233591	-0.031713555087954357	-0.14054428314958697	-0.2175993613312153
0.9279104740771016	-0.05934409696622857	-0.08826479853915441	-0.35730904773335065
0.9415001056547023	0.012893419858958768	-0.13932963404440074	-0.30659185222960206
0.9691500337790412	0.10564615597233612	0.09063757096016001	-0.20340091564394175
0.9823701299439767	0.10493513948712091	0.014219144205216104	-0.15406284507545628
0.9724346490665791	-0.032024439269869184	-0.12965264601115215	-0.19114256450753325
0.9337108929117948	0.05313862332313832	-0.11265678945399231	-0.3356615899370961
0.9508479150006096	-0.09442428866295205	0.11466689802739628	-0.271705352811209
0.9359113254555659	-0.08522641441246419	-0.09789431940491672	-0.3274494638851143
0.9300725220892636	-0.10988666803158159	-0.03035332298877695	-0.3492401747035585
0.9645806173288766	0.0050413797749597825	-0.14477140069106126	-0.22045420999689752
0.9771216341714561	-0.05324774464389148	-0.11065032436489353	-0.17365049796181353
0.9372335784874092	-0.13048477718042856	0.023477209180708652	-0.32251474838981303
0.9503913509762112	-0.08011062611918068	-0.12484365037479347	-0.273409272947172
0.9780996745728274	0.01937547506740092	0.11851363237613836	-0.17000040149204054
0.9825845752881865	0.04742835795245354	0.093748077085227	-0.1532625241554183
0.9787158266782995	-0.11825155227625431	-0.002883107589528304	-0.1677008905292284
0.9529025110938844	-0.07435486184519849	-0.1293536226068682	-0.26403749580207525
0.9781880417892773	0.10617374011168663	0.055562358900307696	-0.16967061055052607
0.973390704807292	-0.07982686008756637	-0.10466140255643937	-0.18757451590832475
0.9271060963985683	0.10319632132596566	0.000877358263663093	-0.3603110260981111
0.9360495306881156	-0.1191717077383141	0.052189581015257	-0.3269336749353672
0.9585215580910773	-0.11700647077115052	0.09200205166604766	-0.24306692691843376
0.9457727637674048	0.10744583750544268	0.0974378282041446	-0.2906460750696251
0.9286143282440477	0.00023135287158016632	0.10897657014128029	-0.3546822282211888
0.924292534646377	-0.0056433922288731085	-0.09027946535957253	-0.3708113815075216
0.9219773143467193	-0.03217525839243438	0.07027687514266087	-0.3794519012965592
0.9273865578368861	0.04467163225476215	-0.09427491170353636	-0.35926432976074535
0.9213923138682159	0.055481839491076865	0.04808928752777683	-0.38163515280478594
0.9253445591608671	0.09290385115359853	-0.02239623677076629	-0.36688517256863656
0.9390794308112916	-0.13240738609956465	0.031279013540692575	-0.31562593373381465
0.9479138692361028	-0.0313598235146082	-0.14346360186489063	-0.2826553606760807
0.923543977735658	0.0789230003587196	0.03545362921098585	-0.37360503393068173
0.988240817872571	-0.02871913200350311	-0.0713501582400332	-0.1321531394505608
0.9285943303200559	0.10462043841897982	0.030244053771542354	-0.3547568614895719
0.9820167942467671	0.02825099365150408	-0.10344797219059972	-0.1553815118495699
0.9275947148055494	-0.08044179661941667	-0.06770443844234353	-0.3584874773777442
0.9822637110130391	0.10564443624120765	0.011805155037969285	-0.15446000593260223
0.9574342541979894	-0.10077743411520293	0.10996768044645981	-0.24712480029070505
0.926989145847719	-0.10251255533249701	-0.006599004407239182	-0.36074749149585417
0.9382653754517398	-0.04901316786066942	0.12533567242680294	-0.31866402969583607
0.9875140815363126	-0.029234059895333682	0.07597791888243052	-0.13486535638118374
0.9770118036675866	-0.11728058902921784	0.03736548169362581	-0.17406039098247567
0.9469242363097499	0.061018228131800197	-0.1327240614384308	-0.28634872103807313
0.9333373206158313	-0.11707213726418923	-0.03961011614837987	-0.33705578072593184
0.9740981578190728	0.12234601155008427	-0.044311961141468556	-0.18493426532439086
0.9677678593970759	0.026622329169779746	-0.1386349764653515	-0.2085592606623567
0.9419487284515139	-0.06174528696490776	0.12627505107774945	-0.30491756915846785
0.9165712133571876	-0.005300780407765172	0.012914259941659758	-0.3996277448603396
0.9289068945117794	0.10502489484555272	-0.03279653797013246	-0.3535903560454328
0.9260532244335151	0.0561055438255237	-0.08128053951544895	-0.36424039776555456
0.9670357011946649	-0.010194984200215331	-0.14175269745889243	-0.21129171227293286
0.9252386536441789	-0.04380640178532624	-0.08437729555728095	-0.3672804173377189
0.9295500474810762	-0.10076381913349113	-0.04948628252992998	-0.3511900764869786
0.9783568450059564	0.11514030468698674	0.0313984080338086	-0.16904062836939873
0.9251179586489996	-0.04684011564432121	-0.08207790701772402	-0.36773085719194715
0.9262942641070157	0.09664011133468685	0.024961364537801654	-0.36334082545741053
0.9309529120817724	0.06747540138823774	0.09533739862443805	-0.3459545145210403
0.9279552503941098	0.04939735749672586	-0.09438532119771884	-0.3571419402433003
0.9350235363392824	-0.021074800372034616	-0.12602718139013183	-0.33076273797349093
0.9703990534149367	-0.015488050853540134	-0.1363392981430448	-0.1987395109031287
0.9272479143054846	-0.0746454488097256	0.0720864171871115	-0.3597817544640763
0.9681806795251334	-0.039431090671905325	-0.13496170649224004	-0.20701859497005887
0.9323620479561899	0.028047801183008293	-0.11764725266546741	-0.3406955478429465
0.9285548586350448	-0.06984474023578022	-0.08337035197795636	-0.3549041718234936
0.9279187497594089	0.0977270239271078	0.042053980356659526	-0.3572781624665122
0.9290020738604228	0.0921149306383373	0.0607858606685449	-0.3532351418804647
0.9170271628574149	0.021410080294780424	0.016049782855839217	-0.3979261181598056
0.9433125159388183	0.14172295595989	0.013392699904759324	-0.2998278449651214
0.9506898357187901	0.04674057847836508	0.14092344465630288	-0.27229531272258356
0.9714913117451085	-0.01849569438022584	-0.13404775107646535	-0.19466314731993734
0.9341247980496207	0.07837583772000076	0.09815296029822554	-0.33411687493321607
0.9877811555304484	-0.056168647489230186	-0.05668036418155788	-0.13386862266568836
0.9935405176965105	0.01453227475711465	0.00616839187736757	-0.11237439044275474
0.9409354027860262	-0.1232515729388506	-0.06445407365174614	-0.30869935202668164
0.9875322255144827	-0.008699673866318175	0.08083325380355288	-0.1347976421328013
0.9322021730456886	0.07247132374365492	-0.0962634083630893	-0.34129220913179265
0.9367987536786386	-0.12363943612983276	0.045345807547109984	-0.32413753666853634
0.9728128241941058	-0.04526542952766539	0.12485320718664969	-0.1897311957174449
0.9510313246173364	-0.12567310560326544	-0.07933085287777879	-0.27102085880298793
0.921866892442043	0.00904762544325044	-0.07604546989548264	-0.3798640014550792
0.9220296244646276	0.03810443111480795	0.06762985049885459	-0.37925667727877543
0.9364133860842083	0.0982779149458054	0.08643988684903536	-0.32557574811054085
0.9394995353724541	-0.10659036564932152	-0.08571253123803854	-0.3140580821670651
0.924636100525272	0.09193343649479045	-0.006671791568421591	-0.36952917619173853
0.9498929765347872	-0.09515370627891015	-0.11347226709421725	-0.2752692316837602
0.9647393129406202	0.0842058107763533	-0.11767821582484946	-0.2198619499109319
0.9758554308716676	-0.11159091404403512	-0.0586143053267809	-0.1783760330093357
0.9291431921248647	-0.10540169204604635	-0.03435315163492683	-0.3527084813476912
0.965838254216036	0.08805209721746664	-0.11336065823571713	-0.2157606452365457
0.986374830706624	0.025030940750927044	0.08416993701705854	-0.13911709836014652
0.9323638526128686	0.10208412835949982	0.06486609229492055	-0.3406888127725314
0.945118331417806	0.10431599354256224	-0.09984324551358484	-0.2930884498484447
0.9483846520650807	-0.10426096539915981	-0.10388602220471485	-0.28089837523900435
0.9752560845024536	-0.09651722068263908	-0.08330068138643608	-0.18061282411057417
0.9476263018533169	-0.0529753150674279	-0.13673369284668116	-0.28372857675923735
0.9440710595629354	0.09587636298134868	-0.1064442862033205	-0.29699692162015867
0.918675749234684	-0.04496471251590816	-0.02294687839425674	-0.39177351003917155
0.9934928295485215	-0.01609846527651171	0.006693442811700782	-0.11255236503396868
0.9448053965948273	-0.0373409380643692	0.13914605333269606	-0.29425633850725885
0.983547247628794	-0.09821750861194815	0.02422991991804172	-0.14966978206923012
0.9827140426676723	0.05892398526173532	-0.0863686630038121	-0.1527793453172548
0.9937268057338375	-0.005798355553865434	0.0010868282703944236	-0.11167915402260803
0.9683139264849235	-0.1245312048972518	0.06487732325305924	-0.206521310546168
0.9792807983714599	0.06511150866408807	-0.09668904071254897	-0.16559238746551547
0.9753606550599865	0.08704689797410055	-0.09281302952037866	-0.18022256147688565
0.9794613483915413	0.019725223908749423	0.11431644353949032	-0.1649185656172641
0.9225743394186605	0.07767857253193572	0.02290965738505441	-0.3772237733946819
0.9559341949929951	0.07640679793546604	-0.1283855602609739	-0.2527230974581053
0.941708676512618	0.12388394923885587	-0.06569373125384087	-0.3058134551908825
0.9261161508013107	-0.09689312931347593	0.020507409322377015	-0.36400555336380575
0.9369554056881314	0.03590373524984752	0.12703939641645076	-0.32355290341000137
0.918837581163924	0.044686164635013806	0.02696355226916318	-0.391169545056961
0.9803369543411775	0.0784816732011461	0.08154210449013524	-0.161650759725812
0.9379331865978792	-0.13339981395411063	-0.012140906697651457	-0.319903775376152
0.9303337016950611	0.10924119610441584	0.03545064824944924	-0.3482654391448213
0.9548296736581015	0.13288812827799623	0.06834887658444887	-0.25684522719797215
0.9247917617907017	0.012747988279916595	-0.0920591222791604	-0.3689482404403845
0.9204057120460017	-0.0490736927779217	0.044449438422322705	-0.3853172009321291
0.9798086943137744	-0.114601988455679	0.008310542483727448	-0.16362225298768845
0.9803347992295429	-0.08188846240292338	-0.07813061276223594	-0.16165880271192853
0.9673754504662687	-0.03192535493485129	0.13804178235951484	-0.21002375072947274
0.9656111041457658	0.11116856293138744	0.09120063331004137	-0.21660838083973677
0.9191734050598046	0.05466115087430733	-0.00988640941787932	-0.3899162332151389
0.9251900260976145	0.024888267071659205	0.09151908777933776	-0.36746189781214456
0.9803165719551202	0.10311325883124026	-0.046813542534736005	-0.16172682782615738
0.9585367474381763	0.08588070312816988	-0.12156410710974175	-0.24301023950332643
0.9815290109347924	0.008280736533808855	-0.10871880662167517	-0.157201943952944
0.9766588345182861	0.07524643865795938	-0.09858073013371793	-0.17537768978116944
0.9277060177276485	-0.03975622230217524	-0.09780269108580723	-0.3580720892174396
0.9379732829430956	0.005861270376466037	0.13389943960307843	-0.3197541337786066
0.9740846984189416	0.04709690026040172	0.12133267635084953	-0.18498449648951998
0.9360567487640855	-0.13010662092068911	0.0014197816760067004	-0.32690673670911424
0.9301239584754527	-0.09795105538860688	0.058654570742590506	-0.349048211496943
0.9655144577807541	-0.09041718766545656	0.1119418896621904	-0.21696906998432752
0.9623083300612643	-0.10720182396861266	-0.10029676386685296	-0.2289345015290183
0.9840238216880631	-0.078454625726119	-0.06058207577725268	-0.14789118346646835
0.9451877161569059	0.01628140997486635	-0.14354782964043977	-0.2928295024768538
0.974637598473191	0.11447098731339965	0.059311346783765914	-0.18292104539555393
0.976480332033713	0.12018161223628866	0.032420626517339374	-0.17604387012287342
0.9785841087006777	-0.11350790257109163	-0.03464666968566364	-0.16819246871398308
0.9639447627659331	-0.10418361305801027	-0.10151002453447876	-0.2228272515320268
0.982045147732873	0.10368818822709634	-0.026935959552524657	-0.15527569519885132
0.9340137423712455	-0.05707314150003328	0.11157852792083703	-0.33453134036738136
0.9350220288887604	0.11817820276748889	0.04857990691422592	-0.33076836385542885
0.9180873511756352	-0.03617620472659357	-0.024392150263088504	-0.3939694414906164
0.921876366935736	0.024238963628269817	0.07270927946296885	-0.37982864216324097
0.9334935420264787	0.05447473186854778	-0.11139298035579648	-0.3364727544841657
0.9861165663742575	0.07810962971261984	-0.04301545772355142	-0.14008095397032114
0.9560989848954142	-0.10723367385656717	0.10400567115075116	-0.25210809316970306
0.9250843961825209	0.06325161192717725	0.06999980646268952	-0.3678561140220731
0.9910808334153047	0.04020899754235034	-0.036967950222399695	-0.12155405715079334
0.9732742808019181	0.11507217654322892	0.06440635324452886	-0.1880090162116007
0.9478182548412878	-0.1054118589111853	0.10214201542904977	-0.2830121984554651
0.9167394762292752	0.009580730661016798	0.01720809295729309	-0.39899977927268104
0.9448905967274325	0.13314611407893198	-0.055263991535436256	-0.2939383672835647
0.9652883406847861	-0.029002402459401395	-0.14119064627303243	-0.21781295047494
0.9492210979978739	0.1417019050659077	0.04171298329957727	-0.2777767165200357
0.943376692538824	-0.08812615028304052	0.1118973965849077	-0.299588334633243
0.976935615770733	-0.014264083038509533	-0.12246327760960299	-0.174344728084455
0.928856896180038	-0.03586860603473156	-0.10382763359979424	-0.3537769523597858
0.9815858236006992	-0.0019089096613665486	0.10881081372003858	-0.1569899161972662
0.978156643900638	-0.04887794909598145	0.10951087968430293	-0.16978778906617853
0.9464309481324255	-0.0740443614105786	0.1254296263647503	-0.2881896975786207
0.9668199591564303	-0.12048925756450136	0.0758710884009473	-0.21209687252095277
0.9287226505364553	0.10733187897586796	-0.021005485357356593	-0.354277963922331
0.9817185533322157	-0.06846956387398753	-0.08396459313736132	-0.1564945620955718
0.9285334197222231	0.015307352299176295	-0.1075992717922701	-0.3549841829354031
0.9673202624137338	-0.1417218720793557	-0.00314446877806817	-0.21022971534550358
0.9682574791672335	0.13746229427726178	0.029042422118210842	-0.20673197480373817
0.9654853863023538	-0.09293211727353923	0.10990414305288006	-0.21707756621876828
0.9914880254247194	-0.04224072387043891	0.02754923758005383	-0.1200343958832219
0.9269295076337402	0.10214004089865558	0.008349405554371237	-0.3609700643404957
0.9856651214103874	0.0033131368238968686	-0.09140983619948188	-0.14176576951230532
0.9738867115643024	-0.10939170668562762	-0.07130882594276285	-0.18572339349026437
0.9625347052485654	0.12039391376276663	0.08370994392930277	-0.22808965782843751
0.9780891481787168	0.10115988304249368	0.06476728559040085	-0.170039686529682
0.9828198125691686	0.008049684596848433	-0.10382364975829235	-0.152384606670959
0.9304526401826633	-0.11519066517510139	-0.003026738058664484	-0.34782155466611503
0.9751381549986083	-0.1214112695476571	-0.039808467942430883	-0.18105294301063612
0.9693982209512071	0.05648084979710978	-0.12681092790274598	-0.20247466850763188
0.9596445254260301	-0.1362552480347305	-0.058780693754145935	-0.23887595576915
0.9927248040767912	0.027671528948979913	-0.02025535215185341	-0.11541867511597317
0.956605362405937	0.14402403322698487	0.039421790200733706	-0.250218266572622
0.9818068602816172	0.024379402719020143	0.10523035602098987	-0.15616499607374404
0.9753509094117495	-0.08413527746087904	-0.09549123397904948	-0.18025893273125876
0.984449590882095	0.08449575539579882	0.048115893233416626	-0.14630219120204346
0.924578745368263	-0.08067788427709337	0.04399053923211908	-0.36974322855177194
0.9388597680642407	-0.012817240018937873	-0.13505612387606217	-0.31644572626633904
0.961139086000602	-0.045003214361066086	0.14056431757444782	-0.23329817976985776
0.947261841236191	-0.11773453194174653	-0.08693665358580924	-0.28508876229970936
0.9754790192016687	0.021172689957676433	0.12518489079184955	-0.17978082048633343
0.9351403291481175	0.08737946697434235	0.09360319583722766	-0.33032686127695976
0.9462062743105052	0.09671072443704826	-0.10864357614955994	-0.28902819169715765
0.9300499524253476	0.06215624983289469	0.0954785111302163	-0.3493244058360031
0.944167189778067	-0.03830147291308935	-0.1381561351477155	-0.2966381587731451
0.9413121650037505	-0.007116680985411565	0.13946904856550643	-0.307293256287762
0.9552900373329457	-0.027720167073896948	0.14684238555732648	-0.2551271265734943
0.9405690653809847	0.13494021207793763	-0.031300352189400346	-0.31006654183500926
0.9648104515951693	0.08683288246166952	-0.11566433832612175	-0.21959645683777257
0.9817614960601171	-0.0210682486449215	0.10611352943950265	-0.15633429765322815
0.9892017620032943	0.06626088459045015	0.023662946594684917	-0.12856684713146624
0.9917063905441392	-0.04256316451757886	0.022215661969994	-0.11921944616294619
0.9568604834659468	-0.1201007075092397	-0.08865791437861652	-0.2492661418145843
0.9765781450329	-0.09915238649228067	0.07483903143909264	-0.17567882704026677
0.9826496329493964	0.10410635574598998	0.012104921195346462	-0.15301972565836164
0.9318720446380867	0.05440118674746024	-0.10645248285100604	-0.34252426512198497
0.9232120147902301	0.02739649447063068	0.08013133656650698	-0.3748439365092488
0.966805429600754	0.13794926041551708	0.035343664906152476	-0.2121510975609482
0.9381872259595886	-0.029018012065672456	-0.13126291703309026	-0.3189556875711302
0.9863757009567874	0.0609946372116553	0.06316618858783095	-0.13911385054232156
0.9867322072954161	0.06240644500500395	-0.05899775383372115	-0.13778335077333875
0.9386321184015958	0.012870002596092632	0.1346394637524392	-0.317295326373656
0.9545290125512488	0.14749026886942723	0.023955206119149572	-0.2579673097246063
0.967897232823901	0.13073417283528738	0.05279887308933944	-0.20807643246029592
0.9780608778298182	-0.025592701765964475	0.11744167150267647	-0.17014519290811908
0.9361244740056484	0.10833713899138987	-0.0723270979013143	-0.3266539826666469
0.9855460717159727	-0.08329829285067435	-0.0391998877876757	-0.14221006902048672
0.9372989897568145	-0.06442706226302229	0.1160232664326526	-0.322270630209005
0.9731257899128489	0.07708245383384695	-0.10737045698405687	-0.188563191754068
0.9671164147515716	-0.06011255464223703	0.12866754158267743	-0.21099048517769736
0.9443539032627215	0.04827764513101284	0.13521723584940895	-0.2959413345619561
0.9724198643755343	-0.006013012572828172	0.13344240183189196	-0.19119774172568654
0.9630671861180415	-0.14580185615426572	0.011005134064809182	-0.22610241216949414
0.960990812126612	-0.12992831388999973	-0.07020503522888688	-0.233851545401024
0.9339445181683754	-0.12416520359358721	-0.015700433130559504	-0.3347896886096058
0.93040477525357	0.10446287754199116	0.04827349011252897	-0.3480001890133917
0.9817409504140201	0.06824988357098889	0.08403729265719824	-0.15641097504833668
0.9873698299120258	0.015104761496053346	-0.08086099349371667	-0.13540371077209623
0.9915663399716226	-0.04771422546164396	-0.013467380560864056	-0.11974212201520751
0.9321953722079227	0.11530305390399913	-0.034918425107204	-0.34131759020386915
0.9432533795133801	-0.1308633267136362	-0.05584552207419154	-0.3000485451094346
0.9181768272158877	-0.005104429195972891	0.04445607015461197	-0.3936355123623342
0.9233178597281956	-0.050623616855838084	0.06862497551572094	-0.3744489178230378
0.9518146887480823	0.1368664631995249	0.058653261521167684	-0.2680973040662171
0.9499341330371056	-0.14805109386934873	0.004171892219854589	-0.2751156335260459
0.9641389291568497	0.011164160141953358	-0.14485135914521746	-0.22210261269600373
0.9867121565883515	0.07440750245137447	-0.04310180440055257	-0.13785818103083128
0.9805812743382947	0.1112338298365852	0.015823749571147714	-0.16073894508326575
0.9319910032313223	-0.06952699237160545	-0.09767206224272555	-0.3420803056080329
0.9392091461409467	-0.0666673281804044	0.11885821148351525	-0.31514182953302117
0.9828198736755189	0.09881871168176516	-0.03284751562764035	-0.15238437861895499
0.9749017976915831	-0.00020651064889473658	-0.12832023711506502	-0.18193504048919407
0.9565195264984586	0.12170129519459882	0.08654244509825745	-0.2505386105404449
0.9866718491338096	0.06650995384903936	-0.05485172371014027	-0.13800861049910584
0.9429831138606116	-0.07468131238705449	0.1207067386204591	-0.3010571902571072
0.9833265976484078	-0.07308964424518585	0.07126349173914025	-0.15049325900672048
0.9288750146911916	-0.08148144401225683	0.07376780464901055	-0.3537093331556031
0.9353139816757746	-0.11062528799207316	-0.0652817168217433	-0.3296787812208805
0.9265472865295326	0.03918082755709595	0.09297172421467925	-0.3623965329211236
0.972094248094632	-0.09048428598652948	-0.09910913336369548	-0.19241295822978557
0.929465185165129	0.10917616089422072	0.024859890952785558	-0.35150678696174165
0.9766760158625578	-0.06402332370035456	0.10616085385035057	-0.1753135681314047
0.9439417271965443	-0.1394055827068756	-0.032341749866367224	-0.29747959658259304
0.9252598010395419	0.07091573589944827	0.06346906058316167	-0.36720149418377634
0.9821789994592516	-0.0931370808050776	0.05190606350937843	-0.1547761537553255
0.9811005830907301	-0.06140656288730113	-0.09194110753034809	-0.15880085843436154
0.9367406415791968	0.10451320081134463	0.07992606210821394	-0.32435441397618764
0.9764801565048415	-0.12205773240967753	-0.024428243007708794	-0.17604452520553962
0.9301355376453214	-0.10982482537763166	0.031335301135648336	-0.3490049974466838
0.9461080024692801	0.12282038156292682	0.07775195219754988	-0.2893949472015634
0.9188763519708846	-0.0018783794568477986	-0.05255747160170045	-0.39102485043553376
0.9931640911988378	0.015613356825213764	-0.020870963590519785	-0.11377923325738493
0.9853205776708467	-0.09309412135976601	0.003616156111105367	-0.14305162425370116
0.968350510264541	-0.11930684237607052	-0.07394923957353704	-0.20638477802190255
0.9309601840812941	0.05811352726787007	-0.10134201890269252	-0.3459273750493529
0.932438810887911	0.10159166040613034	0.06602020272950451	-0.34040906468162546
0.923679730207151	-0.06928105793226198	0.05304220792710406	-0.3730983988098167
0.9409320465078751	-0.11722364724784241	-0.07484969518160162	-0.30871187782726567
0.9625597194999047	0.12416229225316724	0.07797561944366224	-0.22799630337152582
0.9835485176010421	-0.02468972761722408	0.09809743084275391	-0.149665042468276
0.980491996804122	0.007108619218869863	-0.11243077685990474	-0.16107213337677248
0.9721076793414468	0.13325330297986143	0.015708527099289382	-0.1923628321342635
0.9826534265201449	0.07881505445369696	-0.06906320832139526	-0.15300556785958605
0.923942275548422	0.08858065697320354	-0.0034512767936483203	-0.3721185662569028
0.9772763836862415	0.11479566222235706	-0.04240960553069832	-0.1730729649101879
0.9225729601491	-0.05031465450292898	-0.06345005895612486	-0.37722892089875903
0.9266490902308592	0.07467393664970601	0.06847810407208713	-0.36201659633537375
0.9344710867159836	-0.005721149563900057	0.12632855334378934	-0.3328245080362644
0.9524582868132897	-0.08085684828052353	-0.1252651421640187	-0.2656953633872101
0.9370270909904351	-0.0023850351534079536	-0.13214050007194933	-0.32328537021964787
0.9447325933182267	-0.1421704819925477	-0.022827887537885963	-0.2945280440344896
0.9692926584763938	0.0921685719889127	0.10402410439433117	-0.20286863302700772
0.9806967920600399	0.10787052473601019	0.02998587191200793	-0.16030782707653815
0.9849708966704184	-0.04505815728072683	0.08344610439365938	-0.14435665151374139
0.9599687802862549	-0.14717652496038275	-0.017719179038305825	-0.23766582015618962
0.974847735874923	-0.04649825603460325	0.1197329922197942	-0.1821368019357194
0.9752715244285267	0.11826720944894838	0.04751989069184147	-0.18055520152200416
0.9861146033143496	-0.08307166736412819	-0.032440113431259	-0.14008828020963554
0.9794656539738565	0.09695391657752099	0.0636721072405435	-0.16490249696530748
0.9202922189455696	0.023530930540418125	0.06093103359924169	-0.3857407629492506
0.9828571828154229	-0.10040684782550069	0.027048858473403787	-0.15224513901324663
0.9556564868557929	0.14922242575714273	-0.007710618364998503	-0.2537595183358196
0.9467451387212199	0.13673769519749823	0.05096681768208758	-0.28701712233797994
0.9817560390904552	0.01825214655142663	-0.10665438625357346	-0.1563546633412617
0.9626798127577822	-0.12677734897790122	-0.07346386785321665	-0.2275481092314806
0.9373101902637483	-0.034720593522952474	-0.12811193992025194	-0.32222882934805736
0.9669923334375923	-0.13309806579035188	-0.04998122320772275	-0.2114535629457378
0.9841733372381172	0.09283613883972845	0.032821129403599776	-0.14733318383714508
0.9358778002911252	0.03624163094540131	0.12455593387053247	-0.32757458150213903
0.9198790219445824	0.03706319136891499	-0.049607564238165966	-0.3872828351504696
0.9833882861139184	-0.10145416316424813	-0.00869206348663781	-0.1502630345191942
0.976670381807931	0.05505801319286341	0.11109167556775537	-0.175334594709525
0.936235750345259	-0.11589160619717331	-0.060000584268590826	-0.3262386937135398
0.9239568270794338	-0.041367232707073286	-0.07849025910622699	-0.3720642592038387
0.9360215848676258	-0.12998188547274375	-0.003803706908427573	-0.3270379701572943
0.975020080034305	0.10525431826045056	0.07292080253706931	-0.18149360477651805
0.969855908044693	0.13747718850312796	0.013127446594963121	-0.200766557020774
0.9658455675939925	-0.1415915435787324	-0.023522233446609732	-0.21573335133843694
0.9687278174328724	-0.07188654804035688	0.11993045281513752	-0.20497664849962977
0.9543730642528507	0.10496668585120705	0.1063310863541398	-0.25854931669758163
0.9555790446983686	0.13115259207636887	0.07160326861964739	-0.2540485364019742
0.976907961561988	0.0481011851160831	-0.11360030194798998	-0.17444793499653408
0.9600168196916894	0.13806091883275814	0.05391692181477442	-0.23748653465434258
0.988218969311766	0.0038886997628922726	-0.07695541743948771	-0.1322346793895574
0.968670629414542	-0.11188874090539488	0.08399496194531464	-0.2051900770896234
0.9318577589494366	0.08518726126277512	0.08381437382509607	-0.34257758003784833
0.9200083271358329	-0.05624134693839676	-0.028410324109489956	-0.3868002616070402
0.9402702178891227	-0.11688750306723965	0.07345121892793235	-0.3111818558583527
0.9255478394700788	0.05181486059439612	-0.08141122977775606	-0.36612652012648
0.9898205563251418	-0.043530792897260626	-0.04918725730421779	-0.12625747528289666
0.9502912143046356	-0.12985280639313002	-0.07160818471384303	-0.2737829880931932
0.9781368579412525	-0.09039243109478692	-0.07889563840443554	-0.16986163127188186
0.957704680309549	-0.07790275511226066	0.12712214207182834	-0.24611555630267123
0.9855556414945047	-0.039499023798523165	-0.08310449848026093	-0.1421743541207883
0.9531723430920704	-0.13423373602678287	-0.06525918184188707	-0.2630304690753369
0.9274819203666066	-0.0650903315104504	0.08200776553934898	-0.3589084319546899
0.9237248736773227	-0.082257280112473	-0.0298223335349626	-0.37292992108550593
0.9327277087155394	-0.1162259997193219	0.036947124584608	-0.33933088331071976
0.931759509910204	0.05161049926376362	0.1074700569693893	-0.3429442504440594
0.9181708483272071	-0.035007882055065546	0.027753515103489952	-0.39365782587866305
0.9267219684945286	0.04875652123782241	-0.08916294742307104	-0.36174461095259214
0.981804346893039	0.09844899883142957	0.04447002675598358	-0.15617437616761704
0.948879272438633	0.08586208300915438	0.11993986865567327	-0.2790524268744482
0.9685734582701303	0.1400290812011539	-0.002321573938143605	-0.20555272473759723
0.9796201432032351	0.1139104451082715	0.019125179986873554	-0.16432593531204476
0.9380244556142932	0.0651684953821376	-0.11722874217848456	-0.31956315476973807
0.9506777500563367	0.11713738564949418	-0.09122141022559535	-0.2723404170289028
0.9787068701383767	-0.04015867343828374	-0.11128945260977015	-0.16773431679128029
0.9541977502245887	0.08251671693988258	-0.12454372687780477	-0.2592035975583352
0.9803790860980657	0.05382069813862257	0.09939830173550807	-0.1614935218684933
0.9879736601594915	0.06300540716642766	-0.047004186739379866	-0.13315018560940756
0.9187031212779619	0.02966432863971189	0.04120863145377556	-0.39167135618295146
0.9426342008606712	-0.05119244277701968	0.1319049652270275	-0.30235935130030617
0.9765368982236108	-0.10248680521203153	0.07039162515844553	-0.17583276222818423
0.9732540009203036	-0.12784669470781976	0.03249641993665973	-0.1880847017601574
0.9368779392690417	0.09640434052287836	0.08995710805119404	-0.32384201202192475
0.9806664253985872	-0.05656081588311769	0.09674341625865346	-0.1604211569999357
0.9364042188061278	0.10325309859308995	0.08039956481844163	-0.32560996085810434
0.9225817657671037	-0.0030840111743289864	0.08097226849460544	-0.3771960578849771
0.917259955379351	0.031295964167666585	0.00046672664384746123	-0.3970573246403181
0.9318526557409708	0.1012028893011974	-0.06353074374967929	-0.34259662547112446
0.9300983929872254	0.08474245031027125	0.07638342004790909	-0.3491436231979279
0.9641046734555969	-0.1439566744941728	0.019806024299496076	-0.22223045671352828
0.9655007247737841	0.04250439264147844	-0.13749147897914024	-0.21702032226407983
0.9533039160639798	-0.09975555704015918	-0.11105637789287402	-0.2625394320592684
0.9327603386542554	-0.11313964936234083	-0.045768463956203945	-0.33920910672158366
0.9535868121685838	-0.12703150648895478	0.07849515336253898	-0.26148364942362307
0.9787872872215608	-0.10804863328001213	-0.04761017936359868	-0.16743419615104077
0.9279549769794636	0.09920545855025843	0.03881679221298798	-0.35714296064065115
0.9436348191621897	0.13851066668908457	-0.03451429932206941	-0.29862499296005574
0.9334677292658242	0.10636291060167384	0.06360957463277374	-0.336569089018412
0.9432253874429838	-0.017964226823986462	0.14110749045204002	-0.3001530129383625
0.9798133212353449	0.021887780700243335	0.11278381728921427	-0.1636049850813046
0.9521106736452561	0.07366330902223155	0.12951407023883266	-0.2669926733916916
0.9674748117116759	0.10050873347203305	0.09968015020951833	-0.20965292951330977
0.9642993845118605	0.10671867010643829	0.09835596393256142	-0.22150378515875707
0.9420034987209971	-0.10652358083309604	-0.0918260473588074	-0.30471316373001206
0.9636269837086925	-0.10321339008469115	0.10289854243648137	-0.22401321911923022
0.9872927568118027	0.03039424879689836	0.07692242271055866	-0.13569135149802558
0.9548153022289829	0.021070041000542064	-0.14794176777537918	-0.2568988621016201
0.946716848451538	0.0350947301135118	-0.141619639043238	-0.28712270306179255
0.9473036706936123	0.13108206520629267	0.06516618088824326	-0.2849326526393596
0.9515567918273695	-0.1448465367488928	0.03414649240456161	-0.2690597884774328
0.9628657975056342	-0.11014263938263583	0.09641221672510036	-0.22685400470306413
0.933833077268134	-0.06124968154694492	-0.10881852597683014	-0.33520559171134795
0.9714691169465637	0.11655234688438001	0.06882811016154228	-0.19474597943577038
0.9237887857575603	-0.08304942122961473	0.028604105168034563	-0.37269139795484185
0.9407058165692826	0.12364275264202194	-0.0629285956837352	-0.30955617945228575
0.9407679759848088	0.11216331388412551	0.08181410214890318	-0.30932419735537375
0.9778506897580052	-0.1056887085297356	0.05848921751366891	-0.17092962547127066
0.9690349847830002	-0.010338793975654466	0.138987491489645	-0.20383028434252662
0.9781062525852923	0.11576844390181179	-0.03184392849161652	-0.16997585201530924
0.9701905343815843	-0.12411398189329419	-0.05931886785597131	-0.199517714529945
0.9839475364299555	0.05170685076807496	-0.08495619200469182	-0.1481758839255947
0.9216524955537655	-0.06684688487369606	0.03439451659105472	-0.38066414153511585
0.9435745745548552	0.10467376254947697	0.09694949951641782	-0.29884982889551026
0.959700553855151	0.08147962081976534	-0.1239921397876692	-0.23866685482500255
0.9310056443829589	0.106974302983171	0.047292612739677393	-0.3457577148938127
0.9177323107205997	0.02816335218496381	0.026767761193060645	-0.3952944705075517
0.9346503126346938	-0.12583228178292022	0.016360589014293308	-0.33215562780160485
0.9480567816721026	-0.0766268033489942	0.1253947625621841	-0.2821220042038958
0.9298503113979351	-0.003744018311891955	-0.1132066362347222	-0.3500694762935817
0.9308032142194449	-0.10380331707824252	0.05252479191514345	-0.3465131945490312
0.9840757070782824	-0.08925724775174157	-0.04258616905618461	-0.1476975445539994
0.9822736373518698	-0.026436697217688373	-0.10292303787843286	-0.15442296033175307
0.9441725494436977	0.06324894561763839	-0.12866793365377358	-0.29661815622869975
0.9750356863942464	-0.12603177874129878	0.022418982275733135	-0.18143536104829533
0.9432747704765937	-0.10795439298783946	0.0927217755941817	-0.29996871294789845
0.916561224491439	0.011026933022160021	0.007861122437363028	-0.3996650238148237
0.9599621062849455	-0.13208063303414305	0.06730957405727939	-0.23769072786816617
0.9468664679325044	-0.12091324067198334	-0.08188267939287901	-0.28656431555702383
0.9682136588951946	0.12615127543459456	0.061987197094151444	-0.20689551428538877
0.9437784579465347	-0.07924943331127553	-0.11893166945615959	-0.29808892571894297
0.9264080524496774	-0.08493873861033067	0.053342203767618196	-0.3629161615812878
0.9446536177538714	0.07230119042453663	-0.12442510140284921	-0.29482278485322033
0.966891094133726	-0.0550015359560064	0.13123987196881864	-0.2118313931714898
0.9723847096171053	-0.12686016200564634	0.042044168533668665	-0.19132894107027124
0.980637914094127	0.09296888592432093	0.06274527332801696	-0.16052756263677137
0.9926658816328567	0.030999301629719936	0.016769326944362162	-0.11563857667044272
0.9663409023032231	-0.05961095711670478	0.1299427319633784	-0.2138847370368358
0.9665894048951349	-0.11480076921108155	-0.08470471465283877	-0.21295731273800855
0.9635398119168624	0.14470666225131054	0.017978551931410992	-0.22433854867532663
0.981271210039602	-0.10419188256989552	0.03514243755791744	-0.15816406999203125
0.9341853345673893	0.10606664781532936	-0.06756079257636755	-0.33389094957319054
0.9678010791269861	-0.07625046671175915	0.11875045427935213	-0.20843528294251806
0.9354297955873462	0.10452456525587166	-0.07511602325764072	-0.32924655781867207
0.9754596570344625	0.05264964269391298	-0.11558261914807724	-0.17985308107809167
0.9881487949684169	-0.04293941792241538	-0.06451994555223625	-0.13249657360432393
0.9314667286025203	-0.09635909692848763	-0.0687259199444204	-0.344036925159841
0.9781708267291109	0.11734450261434529	0.024539344162168568	-0.16973485802972238
0.9284091631844863	0.09775069656014222	-0.0464543540467039	-0.3554479146474099
0.9539938032194654	-0.11491100039731583	0.09544433104446703	-0.2599647381435072
0.9376508063051333	0.07440955503669969	-0.11072660650984753	-0.32095763297573565
0.9749403557990486	0.11127555305967682	0.06372625410336571	-0.1817911396730893
0.9294815497282906	0.02756369420039014	0.10858269605494356	-0.3514457135805789
0.962477626821297	-0.05857232141602177	0.13447672109212613	-0.22830267741901938
0.9757782387190261	-0.06362056900475285	-0.10903387072433365	-0.1786641180449392
0.9422804694778804	-0.07067156005063703	-0.12203201171313245	-0.3036794947931129
0.9777917726511038	0.09947500268954293	-0.06881728992434961	-0.17114950710766097
0.9881060566166674	0.015260427401999333	-0.07626208702742328	-0.1326560753044849
0.9401250376309247	0.1144216057405417	0.07681770372976006	-0.3117236759582037
0.984660962958885	-0.03996350113370581	0.08758752491802738	-0.14551333987216203
0.9255832234535957	0.06674931325959758	0.06991621420503658	-0.3659944653022209
0.9795478266855316	0.09916222604883176	0.05967514395983335	-0.16459582423034014
0.9839739850319248	-0.05073717032296288	-0.08540542229645376	-0.148077176399256
0.9880762663977339	-0.07627955095533055	0.016111429961587907	-0.13276725391511307
0.9871513146718672	-0.0824722525808931	0.013226238843214184	-0.13621922075059634
0.9350703785460224	0.05588422466359777	-0.11503028920062403	-0.3305879204779989
0.9636872233780436	-0.13447710108207334	-0.056049942784669536	-0.22378840161258082
0.9321380989565856	0.12029272979642265	-0.002137651837236465	-0.3415313368877738
0.9519851322692792	-0.0795881334730133	-0.1259148257512563	-0.26746120018528957
0.9729656623552564	0.06071029612448378	0.11777212362620977	-0.18916079593469512
0.980597450189745	-0.09336209173896923	-0.0624063756944251	-0.16067857598379748
0.9833028600330517	-0.035450518177480086	0.09583242126511185	-0.15058184899328028
0.9724038496711359	-0.07800906105698177	0.1084707547207393	-0.19125750941616954
0.9347266717983352	0.10398175581019733	0.07304597281818528	-0.3318706515232712
0.9755947098660132	0.013017525086332565	0.12601357806878175	-0.17934905704903822
0.9770403114105027	-0.03223491083403793	0.11871456001861308	-0.17395399863750327
0.977807385133018	-0.07009609795661881	-0.09852432209273351	-0.17109124053192531
0.9330269397252849	0.11664055189225375	0.03830023853921387	-0.33821413797914957
0.9302860128027743	0.09747037614065059	0.060453665287657526	-0.3484434165137924
0.9309260613469607	-0.021990773185689955	-0.11462636262421505	-0.3460547228275785
0.963445079410113	-0.13523211935412893	-0.05476600413055683	-0.224692095203644
0.9610212778136401	0.026805856458158403	-0.14521077452701137	-0.2337378459091473
0.958798939180927	0.137176256085238	-0.05751445306990313	-0.2420317265980562
0.9353208759867886	0.10272561632640317	0.07714384266432596	-0.32965305130189326
0.9302884246130104	0.1053118785883256	-0.045456719455383335	-0.3484344155154532
0.9806518387705122	-0.0993555317296256	-0.05194259165896599	-0.1604755950370229
0.9268917389052443	0.03339922104969572	-0.09672139488197948	-0.36111101915417926
0.9417435151570683	-0.14018703877945318	-0.004937916342348275	-0.30568343559972705
0.9497017087127791	-0.04716659452125786	0.14026878246396562	-0.27598305291334746
0.9714380073640666	-0.06789511585111886	0.11716321990793808	-0.19486208197825142
0.9356848763072405	-0.11562642833424619	-0.057853329131485255	-0.3282945836119953
0.9261091690912496	-0.06275074109221995	0.07658419374196514	-0.3640316094604773
0.9308744231222144	0.08954155344753165	0.07461788898892567	-0.34624743930594465
0.9174954812208835	-0.01596464988572594	0.03146271677558254	-0.3961783302332233
0.9860622805672504	0.0623116085315341	0.06417918278145598	-0.14028355136020143
0.9368366414047916	-0.013683065126675373	0.13105870353968674	-0.32399613774955016
0.9477933253391196	0.14644352060368393	0.009671231141276188	-0.2831052366241643
0.9338868107761399	0.11746347704121039	-0.04277112331354003	-0.3350050555294013
0.9878509954681391	0.010671955316445611	0.07864749675588993	-0.1336079764698291
0.9197409573138314	0.03928564046945213	0.046323255709844954	-0.3877980993671605
0.947858491323973	-0.07318292965942978	0.12726982766293266	-0.2828620338577659
0.940974428998319	0.10884838806732916	0.08668197043681497	-0.30855370421957784
0.9865745236457181	0.08243104411420975	-0.027001254954748876	-0.1383718341655349
0.9399884361967454	0.09874548825349219	0.0958192187190606	-0.31223347945094726
0.9384455915881887	0.06558932168542954	-0.11789549501354037	-0.31799145391826467
0.984510641552388	-0.0895626671846963	0.037143107917613785	-0.14607434699867405
0.9686773381398905	0.12386225338354323	0.06503586095894379	-0.2051650397857685
0.9314473638887314	-0.027468378481806402	-0.11506588646889913	-0.3441091952555755
0.9611196634143431	0.10398716993360525	0.10475587529530116	-0.23337066584859056
0.9667871550207354	0.11388368883332586	-0.0855340361629365	-0.21221929922206434
0.9366047165466056	0.04702933937580466	0.12257539122611569	-0.3248616931038385
0.9632816999662778	-0.005449203563460722	-0.14593750570313269	-0.2253018355889494
0.9291082275020013	-0.09521832424126456	-0.05653346612589087	-0.35283897109668516
0.9759325066203626	-0.04489509504976178	0.11757848874949059	-0.1780883823991743
0.9592519903730496	-0.10769031589269884	-0.10234577993006208	-0.24034091653062464
0.9245455376317281	-0.038175801451995874	-0.08340527479731895	-0.3698671615117248
0.949757401706734	0.06337882009841897	0.13376113044742102	-0.2757752038302824
0.9664574557058124	0.10595943313176605	0.09576944939115353	-0.2134497538165775
0.9421634655519994	-0.11239539302873544	-0.0849037184305475	-0.3041161593891861
0.98019867579297	0.02334208902070177	0.11120982241306085	-0.1621668222933194
0.9381576156004723	-0.03298485182826022	-0.13026531038578695	-0.31906619493578237
0.9347919581059901	0.06737661970739836	-0.10792552637410222	-0.33162699970606474
0.9320077283176447	0.0638461123915755	-0.10153341046781827	-0.34201788673611666
0.9594028488988711	0.08583378912321668	-0.12118288045933866	-0.23977790484750422
0.9754167522000605	0.12699035318646237	0.005554824454986368	-0.18001320409996996
0.9449376551462478	0.039474456651044695	-0.1387012835491505	-0.2937627428736218
0.9352085652513878	-0.029586020660434295	0.12474754187974436	-0.33007220067264414
0.9634165605302341	-0.013200704308276572	-0.14532685096290154	-0.22479852911232706
0.9263508546226271	0.08140469777661792	-0.058174250970276106	-0.3631296267779224
0.9540064117079887	-0.05054027788177742	0.14057113854269473	-0.2599176826237313
0.941608501392161	0.14007852234693585	-0.0008755184899123664	-0.30618731383008235
0.9182092866271351	-0.031047720250184735	0.032774744828430395	-0.3935143721903753
0.9789000884652288	0.03831254056177584	-0.11132543132715968	-0.16701321617851492
0.9261304058461652	0.0479258087476448	-0.08674256801366774	-0.36395235281214433
0.975377797154519	0.12125076176763122	-0.038461531012928186	-0.1801585863091422
0.9811799385300902	0.0241769808642845	-0.10759954428851233	-0.15850469990281252
0.9420965275571251	0.13432819286851216	0.042088269056812136	-0.3043659753870134
0.9839423693203377	-0.0736812851424774	0.06683318266061133	-0.1481951678412164
0.9804194548183276	0.05038645014084621	-0.10103157215334388	-0.1613428637534396
0.9855228656308876	0.057361293059749865	0.07215275166743225	-0.1422966753090688
0.9273427697971655	-0.060951350190414796	0.08445124924952094	-0.3594277489497465
0.9215631691637242	0.07455716380550613	0.0018574964772696198	-0.3809975121612068
0.9763171374683693	0.03135326012212851	-0.12089485445091572	-0.1766529205322551
0.9286480794945503	-0.09766904891268632	-0.04861434953196546	-0.3545562668394941
0.9443294868181544	0.05141801249121127	-0.13402534142210265	-0.29603245797362054
0.917464592399552	0.0005354967708547601	-0.03478233020042521	-0.3962936088838182
0.9314017441032211	0.07778557556544674	0.08894860988845664	-0.3442794506129302
0.9201901983429797	-0.0343702545196615	-0.05457897716790076	-0.38612150902153464
0.9284939259754882	0.10616691161875161	0.02256502409512204	-0.35513157560479947
0.9809156615845551	-0.1109067162569604	0.008172373949430753	-0.15949099489081894
0.9271363258287634	0.0952961097675972	0.039926626562599626	-0.36019820832873906
0.9897912985327693	-0.06438878767939131	0.014097335885731907	-0.12636666685054793
0.9323278785789849	-0.04943629668410229	0.11027426970252985	-0.3408230696947385
0.9613515756161433	-0.14198499988439517	-0.03980903789086577	-0.2325051577285771
0.9251210416468039	-0.08823768704635132	0.03387694755643313	-0.3677193512875021
0.9187939982996172	0.05137928681873468	-0.006071900477221786	-0.3913321985208933
0.9414974664873164	0.11513977991290111	-0.07950313309506316	-0.3066017017363764
0.9567318829558022	0.06562237582643834	-0.1341070495088893	-0.24974608545232282
0.937622755009091	0.12054615968902702	0.05701910354890753	-0.3210623218377836
0.9684398521659678	0.11642725707215366	0.07817792472270861	-0.20605134950653273
0.9276462965449007	-0.0930164929847198	0.049446878463001595	-0.35829497170574237
0.9287951704569599	0.05660851966540929	-0.09388198512135781	-0.35400731589444695
0.9748583500840334	-0.09741708542139457	0.08367629554740588	-0.18209718916803685
0.9632566928075945	-0.1339564890226948	-0.058217033991502465	-0.22539516357570838
0.9766539228099528	0.04025875232820038	0.11731403967331756	-0.17539602052622105
0.9828798363249516	-2.583960637711144e-05	0.10389600578527894	-0.15216059496471576
0.9276194173449358	-0.08732164221038198	-0.058736412583695316	-0.3583952862456783
0.9666987339392837	0.14193626177418803	0.013055811279658984	-0.21254929119050203
0.9198612486532017	0.055192503990033046	0.027743365809993904	-0.38734916597692004
0.9553478574186152	-0.015727478331858995	0.14860459939525075	-0.2549113390760779
0.9828990441213555	-0.0315428879175984	-0.09891146845693187	-0.1520889104926349
0.9449347494423703	-0.07064241336887382	0.12571813014569966	-0.2937735871081245
0.9327419885304543	0.0375411221800203	0.11607654236378331	-0.33927759031593496
0.9782297451575592	0.08835308061877092	0.08077730674292577	-0.16951497146125138
0.9288646632619164	-0.03659022067375813	-0.10360487536888721	-0.35374796521558916
0.9858019209343498	-0.09061862435296297	-0.00545880221276647	-0.1412552267384266
0.9278206722707665	-0.006490129998415181	-0.10581734164355358	-0.3576441926372047
0.9337439811256071	-0.06868121856324665	0.10401562063139475	-0.33553810304201676
0.9849264958895615	0.031431218852116145	-0.08969484022788657	-0.14452235748379488
0.9269630736261361	0.03566186224848836	0.09622227446908253	-0.3608447943514676
0.9281148508568672	-0.10451251881399318	-0.0235518725209317	-0.3565463032073781
0.9750774749012433	0.09216432437748606	-0.08869855048974787	-0.1812794042170106
0.9732187667936655	0.08356531010139914	0.10216033466119065	-0.1882161973109312
0.9864408531100084	0.07815912199562075	0.03924950717730012	-0.13887069939627822
0.9357615876065118	-0.04220530266856659	0.12239086246327839	-0.3280082931456001
0.981832562662926	0.08584221760908248	-0.0654093026529371	-0.1560690734808243
0.92807080351654	-0.05988134130067185	0.08863572743947636	-0.35671069011941736
0.9215972266524004	-0.02524282535996382	-0.07042076393663978	-0.3808704078830889
0.9913124585601228	-0.03903448734048049	-0.03478410331242041	-0.12068962034202152
0.9644369817381384	-0.11634967452162319	0.08652955638765328	-0.2209902653193072
0.9251775420009503	0.09431387228416781	0.009429725066083975	-0.3675084890951822
0.9521068310279834	0.1489832113298351	0.0019594390094013966	-0.26700701423458706
0.96047980908132	0.09325842505950172	0.11488807010873116	-0.23575863472887565
0.9272435791530396	-0.00897081158973062	0.10336496760147497	-0.35979793347325995
0.9305938371354598	0.09534597277919052	0.06550355905262638	-0.347294600464404
0.9166228669721023	0.015741100182177885	0.0025380100469825037	-0.3994349709450834
0.9300218031092071	-0.09580370502870614	-0.06148290794310574	-0.34942946051403767
0.9180061206926629	0.03291955831042179	0.027021911314953104	-0.3942725977801925
0.9863029623010564	-0.019758234212521188	-0.08595238639422256	-0.13938531490118364
0.9910429142682499	-0.053181537700313704	0.013994768929464895	-0.12169557333418171
0.9238775003948432	-0.06104859926000335	0.06380620671729181	-0.37236031042112727
0.9797876713472603	0.03946551243074509	-0.10798457932279046	-0.1637007117668447
0.9796593649640091	-0.09237497001099393	-0.0691336848762137	-0.16417955770807374
0.9572214732559723	0.08413480120031648	-0.12322581157656633	-0.24791890957719553
0.9798120900464594	-0.0644515371116684	0.09511137110952556	-0.16360957994077893
0.9448253480195247	-0.1034653887061363	0.10028458146265128	-0.2941818787766048
0.9297579733817972	-0.05907758763907385	0.09628041120201195	-0.35041408646127814
0.9755668735055292	-0.07632394178652999	0.10119571238172904	-0.1794529437606623
0.9189476109242769	0.021842350126001962	-0.04863821155030163	-0.3907589084009794
0.9204884884993966	0.02023989060755494	-0.06371748227900328	-0.385008275002389
0.9227454141573533	-0.0688563797560857	0.04453314569165216	-0.37658531377798854
0.9833046289132992	0.01396365181982498	0.10121323057395455	-0.15057524744232378
0.9774457634227288	0.054741767356838306	-0.10893703793268265	-0.1724408311278443
0.9799717895276827	0.11110561575854384	-0.027155271611247374	-0.16301357336291128
0.9449679154296882	0.13418662020470498	0.05290915684378688	-0.2936498099583709
0.9719010193716265	0.12847627610353987	0.04001843764010039	-0.19313409764152356
0.9192370456073006	-0.038961466620667365	-0.040444413529081964	-0.3896787234584622
0.9871697822619429	-0.0032238340056827686	-0.08335780724744758	-0.13615029876614065
0.9350152370518746	-0.11373786467267938	-0.05818698446592238	-0.3307937113357635
0.9375832944610512	0.09328856664999685	-0.09517987277473994	-0.3212095906079631
0.9361650669227428	0.12189920840727764	0.0461700757965412	-0.32650248783762276
0.9378429350926674	0.13214087252395307	-0.020865711756450935	-0.32024059857906206
0.9344814844662718	0.11164932497061754	0.05943449531171541	-0.33278570310390454
0.928459987683778	-0.08244857893652535	0.07039793705974015	-0.3552582350337836
0.9836660717976237	-0.09648963565839616	0.028676010188902215	-0.14922632423399065
0.9735566527146391	-0.07370670323844461	-0.1086394165449032	-0.1869551898866954
0.9337444568646085	0.05643350624517382	-0.11113919891340615	-0.3355363275598924
0.9679303244110492	-0.08499760330337819	-0.11243608044121484	-0.2079529329757558
0.9653638084529015	0.14398111267711755	0.004721190238790349	-0.2175313009299992
0.9670391480933942	-0.03854905791190139	-0.13678634603596787	-0.2112788482717464
0.9354008283100923	0.1285140865701331	-0.0059096938296942896	-0.32935466516914064
0.9760050501482724	-0.1246217388567135	-0.016261886894537596	-0.17781764626725466
0.9638886994858443	0.018093679719070298	-0.14438116640722826	-0.22303648254175695
0.9307207860029517	0.06746104687896654	0.09446239403722237	-0.3468208208409611
0.9274307188996075	-0.047639989027064705	0.09300660702077092	-0.35909951843095267
0.9663266386309495	-0.14298031857983917	3.247559259819677e-05	-0.21393796978646354
0.9389913275318647	0.05859955656477109	-0.12261313666864151	-0.31595473964894993
0.9737346330474853	0.10510771139628279	0.07803148266103599	-0.18629095824176525
0.9473176343313032	0.14611421219584755	0.009111246739545706	-0.28488053963403875
0.9779585051283658	0.005586122072147426	0.12035951753352923	-0.17052725303124788
0.9678070970570856	-0.01806280891108128	-0.13995446662595393	-0.20841282372163022
0.9538077243560346	-0.04182718201943655	0.14338094863025927	-0.2606591939160455
0.9521019996404072	0.14899253389317593	0.0007952049362769248	-0.2670250452184929
0.9571507387009507	0.04431269552129129	0.14249245342256034	-0.248182894530387
0.9921590773902236	0.012614414714420537	-0.0405948490363367	-0.11752999585344126
0.9769218331139855	0.07749228065905031	0.09594089757065895	-0.17439616565969965
0.9606036675277326	0.040899369985877905	0.1421388227234788	-0.2352963887139175
0.940608303049612	0.10644305317898087	0.08874359281839636	-0.30992010486212196
0.9425993632450569	-0.08686389015437457	0.11163013848359869	-0.30248936705179336
0.9890529349855093	0.061781727904825536	0.03584337378257311	-0.12912227712337918
0.9384337725940872	-0.07911802632636628	0.10925096351659125	-0.318035563004746
0.9406774551274923	-0.08591544096265721	0.10887558128523772	-0.30966202579402313
0.9262407551419011	0.019145491039176028	-0.09772308510804839	-0.3635405236338787
0.9336496977240709	-0.031107458954200844	0.12045120857907533	-0.3358899734868602
0.9446424779083632	-0.054015976546358785	0.13337118433206135	-0.2948643593226451
0.9874569127190425	0.08153746211573908	-0.005850555966588074	-0.1350787133118445
0.9451028771690949	-0.13228248677311683	-0.05785537257337762	-0.29314612588982725
0.9634883544973871	-0.11617273130519297	-0.08820488213789987	-0.22453059037923506
0.9219462822672706	0.07311906050901397	-0.02443369889994265	-0.37956771459372585
0.9317756822915124	0.106511359218533	0.053666034700463786	-0.3428838942953366
0.98187747828821	0.02674202966658809	-0.10438496342020293	-0.1559014460852102
0.9315320697355672	0.08597092102866408	0.0816292207719835	-0.34379306873148585
0.9369160902098804	0.09323532458840728	-0.09334861109070967	-0.3236996307723578
0.9300759968729471	0.11097061010086293	0.026163369068894146	-0.34922720663430684
0.9900243222551035	-0.028199564223622187	-0.057507619335588775	-0.12549701047942766
0.9912290366254597	0.04193887215165615	-0.03263275630498023	-0.12100095524065035
0.9656147331463252	0.06181455228548926	-0.12982228138441823	-0.21659483722526846
0.9327489500926746	-0.0800291568967099	-0.09210361371174983	-0.3392516094120288
0.9564941222887792	-0.1485697240979638	0.015130093069648541	-0.25063342034169456
0.9732866505519404	-0.10844829310869163	-0.07498019717903553	-0.18796285167604038
0.945844853988587	0.13339903311351534	0.057126090262681894	-0.29037703070144455
0.9826910167418564	0.10219988502603677	0.022489008819811966	-0.15286527924229074
0.9581743426138372	0.056042300849263774	-0.13801461790273903	-0.2443627527206681
0.9355479271371109	-0.12784044931581906	0.01713817794864214	-0.3288056848729734
0.9823268084355125	-0.08156098831615098	-0.06779854772890842	-0.1542245231461054
0.9328307973622442	0.06284985484436718	-0.10484324392042066	-0.3389461512435343
0.9792903531770539	0.10600344539566423	0.04842151799567093	-0.16555672844558214
0.9263341882424598	0.08365394750889742	0.054760258241284665	-0.3631918265554849
0.9282562489968762	0.033018445480861476	-0.10247378307191364	-0.35601859816476866
0.9241768178363418	0.07156671643908438	-0.05434951107299938	-0.3712432425218628
0.934524052896797	-0.12332750976557694	-0.028539589323962812	-0.3326268355583862
0.9442679337522345	0.0784238345981777	-0.12015196148501114	-0.29626217714299563
0.9570155496357275	-0.066876651681742	0.13342906307152883	-0.2486874269904274
0.938494620285159	0.11474963385194427	0.07112061304131764	-0.3178084763301432
0.9317774828678448	-0.02949819803287456	0.11556739147534723	-0.3428771744529813
0.96710425492598	0.019154863725317654	-0.1407349084259925	-0.2110358662646165
0.9593454429556996	0.10738856081872214	-0.10260500760969596	-0.23999214674407646
0.9304710192626093	0.08965260635582636	-0.07248426868351238	-0.3477529630059597
0.9824949499592948	-0.07863544824050328	-0.07020041288675871	-0.15359701043648752
0.9439867587621614	0.14005534524419438	-0.029653833127332305	-0.2973115364917657
0.9330418424069059	0.09243951178780177	-0.08084968799975673	-0.33815852041417105
0.9324734434725481	0.0969268525770944	0.07285678124249491	-0.34027981411616226
0.985809623406144	-0.05522312452745827	0.07200606960556814	-0.141226480722347
0.9772890009528724	0.003714311026957663	-0.1222884235180411	-0.1730258766300687
0.9588503180858643	-0.07333931341107072	-0.1293863891504651	-0.24183997791439246
0.9236043125319928	-0.046080471496437465	-0.0736148294566587	-0.3733798614052958
0.9666106052693872	0.05650714342568703	0.1309723480405834	-0.21287819186415935
0.9576480857314459	-0.1397283872496365	0.052050398674189785	-0.24632677014358526
0.973948279775133	-0.04891883396988173	0.1209289616337151	-0.18549361779931328
0.931552509313886	-0.08263023799475885	-0.08509369169318151	-0.34371678718671494
0.9300334992424073	-0.10766795500032278	-0.037079071699238436	-0.34938580995068214
0.9809592806669031	-0.016363701076543075	0.10984371466196031	-0.15932820625931682
0.9880038984438422	0.061555830832976194	0.0485823414487366	-0.13303733479587715
0.9263421794688482	0.03781605265043886	-0.09259304700617044	-0.3631620028925885
0.9744154404298019	-0.0703743085194736	0.10861808478949231	-0.1837501505007918
0.9804900064850052	-0.058126229070778995	-0.09650939639595227	-0.16107956134884016
0.966959619769147	0.14112028226781875	-0.01760406605059565	-0.21157565201847778
0.9271279720326217	-0.1014265509267299	-0.01952353291751629	-0.3602293851203763
0.9512053694512297	0.14512255058068793	0.03235958374094862	-0.27037131464010344
0.9510917945501306	-0.0798751251437327	0.125356819359664	-0.27079518194146956
0.9465937079014228	-0.033626039154511136	0.14186641505089323	-0.28758226985129437
0.9445672929521381	-0.023386467987442365	-0.14189840972717496	-0.2951449533992418
0.9898232385461505	0.055937264113971416	0.03438831885728229	-0.1262474650978147
0.9855398606884376	-0.057687906802753944	0.0717843389110411	-0.14223324889081512
0.9290518950120554	0.005260715490029048	-0.11041358076327214	-0.35304920681127994
0.9710598705592859	-0.1313702903383613	0.035515676429975974	-0.19627330774590487
0.9907493684888391	0.02808192525537643	-0.05049197762251825	-0.12279110109729002
0.9561604352108702	-0.06830412877790128	0.13284901077719366	-0.2518787574702801
0.9430093435281848	-0.1289383561734157	-0.059428765650046886	-0.3009592998050585
0.9477190279310346	-0.03729624712495069	0.14188721702485724	-0.2833825183260086
0.9772583256815931	-0.0988554505076926	-0.07222313423221892	-0.1731403583010187
0.9241829264105602	0.07068241795927385	0.05554543660240438	-0.3712204450125178
0.9514325567455888	0.03891930342312363	-0.14359140996012645	-0.2695234401147209
0.9283912130562708	-0.08684188013099653	0.06447786741736913	-0.3555149054379122
0.9918436129468287	-0.01027602233720481	-0.0452683307525897	-0.11870732518417254
0.918600505939652	-0.00836068585314845	-0.048955266792416956	-0.3920543218391598
0.9859044311140178	-0.013254903668200205	0.08928412917870578	-0.14087265353961265
0.9556986135425983	8.878409775188445e-05	-0.1494189610759501	-0.25360229940030676
0.9241403855924589	0.04151458232733815	-0.07948943273865834	-0.37137920950706726
0.9479642909708343	0.00501879723460745	0.14680192290450175	-0.28246718420025696
0.9565241792877032	-0.03595641398660154	-0.1449404566931718	-0.2505212460945873
0.9773238768225783	-0.06596713152845782	0.10292447720926953	-0.17289571811236815
0.9422838349118724	-0.1279024176376088	-0.059401504372855726	-0.30366693482246543
0.9479355031945098	-0.018584390370998453	-0.1456862568006419	-0.2825746216441369
0.9879122381492976	0.07505236641998253	0.02462688540113725	-0.133379415672154
0.930264390684919	-0.028606190848743347	0.1109990678884988	-0.3485241113561959
0.9722177019195146	0.008259694575722076	0.1337118614053977	-0.19195222228293463
0.9795577140196708	0.09853696711473584	0.06064248909401923	-0.16455892419698137
0.917543064626898	-0.03574043115186608	0.004555751579311634	-0.3960007465443799
0.9762897297182381	0.029225232145665973	-0.12149833752747331	-0.1767552076482658
0.960170620684262	0.03353801970059354	-0.14429146916018984	-0.23691254153580754
0.9706587902181838	-0.1334279433041181	-0.0300908748370766	-0.1977701599568151
0.9638515527184083	0.10292143363857645	0.1029088448324942	-0.2231751161651656
0.9819916392735285	-0.10665569573350775	-0.01201605618401701	-0.1554753914877596
0.9747788734017392	0.06333269637838239	0.11192684750935084	-0.18239380018437598
0.9247485190255145	0.08316026601349916	-0.0410198941603214	-0.3691096246371228
0.9712517345211256	0.08390012264401041	-0.10671548626831064	-0.1955572616921778
0.9580581926867371	0.03520123146305599	-0.14477630480746442	-0.24479623014990123
0.9671425835146351	-0.1378370995600459	0.034064273896665664	-0.21089282202437287
0.9799649784035956	-0.10386637301056202	-0.04794480659035841	-0.16303899282406087
0.9713965254070098	-0.13526479648823778	0.007786913407337715	-0.19501689474958492
0.9419788566767986	-0.10658430554843713	0.09170306791198286	-0.30480512909096347
0.9249405499461021	-0.05472042165661707	-0.07600845261054893	-0.3683929554848654
0.942185751607829	-0.09745395537942718	-0.10174811569991268	-0.30403298669652923
0.948284752613664	-0.008116295086412043	-0.1468899687333306	-0.28127120506733977
0.9825735319756623	-0.053901172237437886	-0.09023237610473066	-0.15330373835884276
0.9246505119266165	-0.09174243881210574	0.009627582252425479	-0.3694753921097125
0.9740500473476376	0.1263542700099904	-0.031527429650925635	-0.1851138160481632
0.9202875774981661	-0.06480763608078703	0.007838674236597438	-0.38575808506678044
0.9492519071177838	-0.1467472080792623	0.01703039910645186	-0.27766173531919525
0.9895950529208808	-0.056222705999929255	0.03723528068382301	-0.1270990654448782
0.9235769463296712	0.08194272613680928	0.02832338964005991	-0.37348199346277017
0.9386564592397528	0.10668437738808195	0.08320943313640669	-0.31720448512895466
0.941378229759893	0.05018909398816765	-0.13042395428581852	-0.30704669926124845
0.9178143662989177	0.03916024650214633	0.008219390720295898	-0.3949882349202244
0.9374997544773648	0.05552127366027754	-0.1209777239226687	-0.3215213660715441
0.9201089301352142	-0.005528496594247782	-0.0635992267241117	-0.3864248061019553
0.9313190230592427	0.10653546594694817	-0.05053775866093899	-0.3445881697519125
0.9471274325564801	-0.1404229513422629	0.04085529048768645	-0.28559038232136813
0.9782311010703443	-0.09118198396122411	-0.07756383648134187	-0.16950991112584707
0.9260470540582463	-0.08888210075463786	-0.04299979503243445	-0.36426342591955946
0.9255924012358112	-0.05758085516605251	0.07769346263182869	-0.36596021335269174
0.9842047130255496	0.09741882642691174	0.013344609679174509	-0.14721608780431988
0.9524014027784259	0.03491353547603737	0.14493353894639552	-0.26590765749546125
0.9846074974781631	-0.03701758598391327	0.0891377140983879	-0.14571287576266723
0.9837319449139662	0.0019466719582075867	-0.10036177999062189	-0.1489804824169474
0.9890597725632944	-0.06169215162145188	-0.035900857338814644	-0.12909675893568462
0.9705972537955999	0.10924650503461304	0.08247572082263048	-0.19799981701241395
0.9316634733733037	-0.11419489808736968	0.033256258713273666	-0.3433026636791542
0.9699437551370454	0.03726367318901403	0.13283393837256888	-0.2004387072088176
0.9259211543492301	-0.011476078202476482	-0.0975086801335014	-0.3647332900302664
0.9278605507334768	0.07905244342129723	-0.07087012181171858	-0.357495364188242
0.9202406124496623	0.059460262177928	0.026021784651667573	-0.3859333610139769
0.977850851685545	-0.1205125275203445	-0.008228748227905421	-0.17092902114946468
0.9446095059891509	-0.004265307762104237	0.1437953927911344	-0.2949874122003683
0.9403113593011139	-0.11432395104274766	0.07749819137290963	-0.3110283140185066
0.9455315678023948	0.10068706927887167	-0.1040815245557256	-0.2915462306656234
0.9391501212276129	0.12615500314227723	-0.05127087227448592	-0.3153621135084956
0.938214879101654	0.0425294355182323	-0.12758205510845866	-0.31885248463995275
0.9310957396733197	0.05101155725067805	-0.10555827494895917	-0.3454214746926634
0.9606213530520726	-0.034020679122065925	0.14393010532519906	-0.2352303854385221
0.9417699041688863	-0.13092598654665094	-0.0504546499014597	-0.30558495046686107
0.9744552837562988	-0.00825694193101354	0.12907063670273902	-0.18360145318196297
0.9483728901168456	-0.13330851629760956	0.06236297699081428	-0.28094227142741357
0.9926261602675673	0.013020724544129347	-0.033424231800667614	-0.11578681882384892
0.9681360485410314	-0.06902591252491709	0.12256559208071509	-0.2071851600703193
0.9787168414197898	-0.11023929658547259	0.04287567258855775	-0.16769710346243005
0.9814753895708224	-0.04341333992557381	0.1002293998035011	-0.1574020616076511
0.9717425369976579	0.13406232480164806	-0.01463357507642224	-0.19372556191327867
0.9573213125069359	0.08627651829498559	-0.12170905545146755	-0.24754630442000983
0.9654014220216636	-0.059414846743116256	0.13119129542116711	-0.21739092518032516
0.9759048062204982	-0.019962952208389256	-0.12433416987101564	-0.17819176169885811
0.9830754692255077	-0.10229176505374754	-0.012954744900841135	-0.1514304830402084
0.9674734288777408	-0.12856097191899327	-0.059251380391004076	-0.20965809031981414
0.9437200555309767	0.07466747302572498	-0.12177941832094864	-0.29830688650108983
0.9236257671305024	-0.08595547467825458	-0.013204701516659666	-0.3732997917536023
0.9391372881865749	-0.09628661781840932	-0.09626301785717864	-0.31541000706966504
0.9812740418569422	-0.05486861537157334	-0.0952793775503837	-0.15815350150583973
0.988798638532591	0.053497099143505616	0.04996762338385918	-0.13007132440585473
0.9482886566013284	-0.04511926714392933	0.14002707115738675	-0.28125663518702365
0.924218240730811	0.07896288821795197	-0.043344197950139426	-0.3710886501751068
0.9525533978441745	0.12708448734842717	0.07801299402325669	-0.2653404041875881
0.935613143586588	-0.07869026193575604	-0.10238509333432018	-0.32856229377003576
0.9198749419712887	0.06167141742249497	0.005190252244877508	-0.3872980618180951
0.950794085912159	-0.0032431096817493246	0.14848259824330912	-0.27190624570423205
0.9187887728230967	-0.044980411541871976	-0.02545191960603193	-0.39135170026476174
0.9225118333424026	-0.0008082963961571314	0.08060669931140339	-0.37745704924705803
0.9321067432860022	-0.034627388970371695	-0.11512759285548954	-0.34164835784349656
0.9814679557134611	0.06693025462725247	0.08635305076504887	-0.15742980514101945
0.9359386720823557	0.12418903046773863	0.0379415778213075	-0.3273474048845192
0.9727901731651781	0.13043838228381224	-0.02520110854834564	-0.18981573050824618
0.9774572568308513	-0.11984568084579801	-0.022209797827513013	-0.1723979371447794
0.962100938229935	0.14668711598765846	0.008870199097282302	-0.22970849838061358
0.9482877339658154	-0.11543464130542805	-0.091202990265779	-0.2812600785096351
0.9793399323497219	0.07329350485839846	0.0904077489083643	-0.1653716964541881
0.9325446357759982	0.08188587987647679	0.08969728314455684	-0.3400141208225788
0.9695348155337155	-0.1386077943326486	0.0005511705361447988	-0.20196489058567196
0.9501266828121061	-0.010535804269271302	-0.14783285991650305	-0.2743970279827583
0.927062765137502	-0.05184724360272069	-0.0890275021286688	-0.3604727405659669
0.9441041130770844	0.07300629394139768	0.12330284497785698	-0.2968735642259858
0.9730429739277396	-0.06475017087749249	0.11542120122642609	-0.18887226521817463
0.9590770619454186	0.04062887344218686	-0.14297724416309046	-0.24099375831023162
0.9480500221020366	-0.11861300430901198	-0.08674705004692122	-0.2821472312628199
0.9361079000252788	-0.009108432345501516	0.1299068798391106	-0.3267158376034699
0.9667128551260697	-0.11167072924375587	-0.08855000347748804	-0.21249659020395373
0.9435296648965743	0.1216452068073485	-0.07444991116096303	-0.2990174340219651
0.9711059860521101	-0.13597519483185921	-0.002868565473559008	-0.196101202383669
0.9421864304602144	0.01498643114240207	0.14009147252568857	-0.3040304531849362
0.9808655140431314	-0.10762174072104605	-0.02869308829935406	-0.15967814806328706
0.9425603378265908	-0.07649683949525754	0.11891296261547302	-0.3026350118962956
0.9237684572895828	0.08756046280471086	0.0054377331012090795	-0.37276726483017386
0.9912840562859939	0.04198502190647572	0.03164800312313551	-0.12079561907212108
0.9191807318695481	-0.018174940840189602	0.05256527154166018	-0.38988888918891884
0.9325638001665889	-0.04983658000827859	0.11081562950957721	-0.339942598343198
0.9847422562285264	0.08049528234760897	0.052127429955538734	-0.14520994925954694
0.947004581771834	-0.09398283850912531	-0.1119177977864975	-0.28604886769141735
0.9413503209692778	0.12983640246641723	0.051579388213845195	-0.307150856285802
0.9559749311689136	-0.12144426430428708	0.08701193747807495	-0.2525710679798712
0.929134838386261	0.11011384152533908	-0.012574884838823762	-0.3527396579245937
0.9221780335332497	0.07505146499792242	0.023219301653059864	-0.37870280709437354
0.9913504946705317	-0.019020228640504594	-0.04827719383100225	-0.12054766764545335
0.969384926610352	-0.08610583144465764	0.10891540009838815	-0.20252428366315628
0.9179393041481053	-0.0019877819831568954	0.0416641967510837	-0.39452196051926747
0.9226623941412413	0.06322300288217306	-0.05144905473776684	-0.37689514869616414
0.9385116081259756	-0.11423874818755665	-0.0719967774697855	-0.31774507684510456
0.9802080141451699	0.014214379518345617	0.11270946886337718	-0.16213197108845046
0.9677197304977855	-0.12274950176813677	-0.06985100522248415	-0.2087388801598206
0.9442685632667911	-0.06745545301122614	0.12663631682556098	-0.2962598277626861
0.927985443201082	-0.08043740665607835	-0.07002106058556243	-0.35702925915365674
0.9239098412352827	0.06552411250057619	-0.059454744476906095	-0.3722396127614473
0.9531815811548299	0.0976127651465804	0.11291470027249276	-0.2629959921557553
0.9271909048003327	0.0866165293206093	0.05673227259310615	-0.3599945168338176
0.9637093056727631	-0.0479289699728323	-0.1375602352371941	-0.22370598936673958
0.9930719311008087	-0.015888832617800656	-0.023056117963194317	-0.11412317942565972
0.9702647952832095	-0.049085259974834684	-0.12837468567858104	-0.1992405690720639
0.9637894713465978	0.1418289514538214	0.03292114878739675	-0.22340680699896576
0.9618669350132067	0.08376192908632607	0.12094613402062532	-0.23058181027457808
0.9190473408670001	0.013100164612652433	0.05271230084589826	-0.39038671118770024
0.9211540716486046	0.048644498122632746	0.05276419780574663	-0.38252428487288287
0.9656464728032345	-0.07209626413042793	0.12436636913609908	-0.21647638321306828
0.953350726255185	-0.045236783201946296	0.14227006896216673	-0.26236473404737826
0.9343457889839307	0.08857196856471465	0.08982934958403047	-0.3332921255383587
0.9480963019805403	0.07801565385094898	-0.12456859266711463	-0.2819745124048756
0.9391376952395445	-0.0916103514688896	0.10072446886092971	-0.3154084879273011
0.9268374644647188	-0.06801158193969914	-0.07615274348685996	-0.36131357412377274
0.9837804315677912	-0.005844068026703102	-0.10000304930940329	-0.14879952776138372
0.9438082814258151	-0.1343450549045244	-0.04885356014180192	-0.29797762297901
0.9365500498104883	0.060953269950417575	0.11615070328200743	-0.3250657121405124
0.9635062461335548	-0.12238092962127074	-0.07933861725279605	-0.2244638178840263
0.9773666447443118	-0.05980810999484066	-0.10648788374677064	-0.17273610605552436
0.9631512311535688	-0.057395459946955316	0.13440575379553377	-0.2257887518267822
0.9306630864044014	-0.05066546735823896	-0.10423595634027638	-0.347036158674327
0.9763531735097224	0.07291302728017329	-0.10128876603921104	-0.17651843219502156
0.9741917461361755	0.12957927647136847	-0.009382681720188926	-0.1845849889699685
0.944014302888353	-0.09609098478314579	-0.10616253203235501	-0.29720874041336903
0.9606743931447803	-0.1273286467540819	-0.0751789835938019	-0.23503243711769883
0.9880382291526565	0.07785233417652837	-0.007390092581058149	-0.13290921084632237
0.9292203673848977	0.07632876908041619	0.08076662475884822	-0.35242045935616106
0.949548498827118	-0.10858282075073361	0.10042330352369619	-0.2765548399908565
0.9849615822597003	0.043819483581913884	-0.08415256429091006	-0.14439141336778366
0.9880522422783478	0.0770534395068989	0.012828663895089368	-0.13285691314926945
0.9859299819931286	0.07163232798853521	-0.0547049634253937	-0.14077729636059305
0.9630279055932631	0.10250578878968683	0.10431300111632336	-0.22624900908371523
0.9905134623588552	0.025368007604533005	-0.054266946781303685	-0.12367151476020691
0.9465085369211093	-0.1452618424099597	0.01158017745640014	-0.28790013227715516
0.9814593041506078	0.08893991589139615	-0.06350602222126919	-0.15746209321315335
0.9283639872988363	-0.036298672794983056	-0.1017821638313345	-0.3556165133479323
0.9835517125336658	-0.0699987937272074	-0.07300781928707929	-0.14965311881739743
0.9369944132094165	0.08994986482600123	0.09673775548597793	-0.3234073253586882
0.9228079204180678	-0.032262552264478175	0.07578795288476653	-0.3763520372372111
0.9296302417750898	-0.08232553242182206	0.07671880911194343	-0.35089078730724277
0.9324472560004509	0.0694802378681092	-0.09928613578077618	-0.34037754709255097
0.9530318279175284	0.034209718754625834	-0.14525445244602325	-0.26355487884596224
0.9867523417224625	-0.04711906274253405	-0.07166630632334259	-0.13770820806862033
0.9874153873781715	0.029615737705804668	0.07645659213278053	-0.13523368799377686
0.9648009045759995	-0.1446388797994096	0.0007452706192816461	-0.21963208679837484
0.9166831912902363	0.00743042327518897	0.016377461319207958	-0.3992098375248752
0.9257658453723742	0.0065915554107356285	-0.09726575954216707	-0.365312911022764
0.9908198864042982	0.042822359731011596	-0.037803516937403775	-0.12252792465395296
0.9632804258992166	0.141809596668572	0.034896986431838826	-0.22530659047195406
0.95222200946464	0.12753836844174585	0.07709621081926663	-0.2665771624570487
0.9757053119621545	0.11698396822440718	0.04791347941851948	-0.17893628440681536
0.9740850032889985	0.025892076199114808	0.12755063215059395	-0.1849833586989778
0.9459872798526601	0.08205967760220427	-0.11984935341524226	-0.2898454901404118
0.93381946080863	-0.12447228282362868	0.00953968699900961	-0.3352564090300364
0.956053490810263	-0.1279859494914326	-0.07705316998169934	-0.2522778794069309
0.9298580047818814	-0.061504509642209104	0.0951459386381894	-0.3500407641938119
0.9508750185765003	-0.07559477133005957	-0.12787997362444317	-0.27160420088891835
0.990500898058411	-0.04429391676170205	-0.040494148424566244	-0.12371840536782636
0.971233343503875	-0.1180682686351832	0.06705359406798983	-0.19562589790295956
0.9177367801302398	-0.005433107400377366	-0.038537671467103365	-0.3952777904436945
0.9268653983807283	-0.07537725985778207	0.06904076129628439	-0.361209323329971
0.9195250327257348	-0.043093907992953345	-0.04004505464099693	-0.3886039409005403
0.9314627684324469	0.08589136778169237	-0.08141380992761663	-0.3440517047157615
0.9676317616749704	0.06655425904143383	0.12470050866024414	-0.20906718427604853
0.9621509570768951	0.12739193228307022	0.07318854420765387	-0.22952182550242284
0.9319402474870444	0.11907457707968981	-0.012651208417460817	-0.3422697286244538
0.9561873213325482	0.14917727942036482	-0.007718452640902207	-0.25177841709815907
0.9833115449761496	0.09378119851936477	0.04047665422535933	-0.15054943634437803
0.9824007150102015	-0.09695807492219313	-0.04228196549833217	-0.15394870005435218
0.942890636946422	0.042404629527197965	-0.1353356434047677	-0.3014023187993904
0.9269075695321343	0.0037361030531329123	0.10232251374590648	-0.3610519384503105
0.9541552261323476	-0.0487357419996614	0.14122262363419547	-0.25936229963112456
0.978833121332025	-0.10523782970956669	-0.053233086236940605	-0.16726314092206837
0.9907771032306547	-0.05751792799476384	0.0004171833224921231	-0.12268759363169937
0.9858583887653969	0.0884747812965047	-0.019023757932525632	-0.14104448592396548
0.9734152006473062	-0.1290413756148762	0.02571496007462406	-0.18748309618881726
0.9594272220984567	0.07466619644476	0.12835316140450437	-0.23968694282830763
0.9680857132386811	0.0679082638224634	-0.12326780845881422	-0.20737301397610514
0.963074700725621	0.12596851849045793	0.07422555916963591	-0.22607436727220884
0.9384463564538806	-0.053500718124459196	-0.1238521694191156	-0.31798859940064167
0.9779349912127443	0.006780851295311502	0.12036482878454961	-0.17061500815903213
0.9568142987916125	0.12178295006933514	-0.08634664290657085	-0.24943850536573095
0.9199056688218579	-0.05516560593051581	-0.028624128268355937	-0.38718338765061444
0.9517721517641824	0.13371583870790707	-0.06548690680071284	-0.2682560542513325
0.9653981950055983	-0.10737331893888669	0.09598564849860966	-0.21740296856823757
0.9716658679346303	0.12453705775781826	-0.052109736473868594	-0.1940116947518665
0.9249698521653166	-0.004543943660727759	-0.09368733383707212	-0.3682835981139826
0.9819802693759543	-0.06200492851229579	0.08766039956610704	-0.15551782452318336
0.9811856625755703	0.03028303962864612	-0.10602200153746347	-0.15848333747425647
0.9560863936216885	-0.1361359536783457	-0.06151116514190669	-0.2521550844429793
0.9179408983321877	0.03011143623376978	-0.02889508066161127	-0.3945160109432756
0.933649189999228	0.10904051497316636	0.05988329391447006	-0.33589186834177065
0.9832662049347284	-0.056234681836133255	0.08549339174918803	-0.15071864768257923
0.9374068800658162	-0.12433853292286684	0.04700292664754864	-0.3218679780941663
0.9328536107949187	0.08842316082325304	0.08449083452646451	-0.3388610103536981
0.9783427157802771	-0.008667139161690932	-0.11907076467217798	-0.16909335935750552
0.9874783459895574	0.07902352903255697	0.020424073537485127	-0.13499872325731038
0.9255974661732372	0.038371536952602224	0.08879140078278457	-0.3659413107488806
0.9319342387120294	0.07131856097948289	-0.09616818136188862	-0.34229215367810095
0.9923342958589083	-0.02330930235282131	-0.03270023803170595	-0.11687607162588545
0.9242566348222115	0.0001258123422437571	0.09027289714162307	-0.37094536147528995
0.9544622168187807	0.09933125592498718	-0.11162154109228245	-0.2582165947919057
0.9851236969106915	0.09405408648024807	0.003256334824543985	-0.1437863932536334
0.9854400341217019	0.040263621745301556	-0.08336884194237228	-0.1426058067098177
0.982971553716886	-0.09622035923844617	-0.03820694352460089	-0.1518183009980787
0.9167992418222606	0.02110925818500204	0.0032662197681595393	-0.3987767310431151
0.9688337489827322	-0.12409215320699424	-0.06409987008742511	-0.20458130657342838
0.9243010839260033	-0.07308052615926436	0.053379057207838594	-0.37077947516158793
0.9503730327041732	-0.11702962975667193	-0.09113257465145849	-0.27347763766912475
0.9905612643089372	0.05905509096289893	-0.007094245383253378	-0.1234931154537999
0.9621279987158446	-0.06099868029981868	0.13367598023921443	-0.22960750727232146
0.9603493583537598	0.007844167421579652	0.14783656680962895	-0.23624548347201488
0.9857916018772442	0.07166898791491844	0.05580818440071781	-0.14129373798383071
0.9654344645984024	-0.06998041191844831	0.1258325187077307	-0.21726760860512304
0.9271774076443747	0.06203010406444306	-0.08283718317614296	-0.36004488890561037
0.9298558067619116	-0.11180468971579519	0.01826500669861545	-0.35004896731601526
0.9497312705971886	-0.018141742341338245	-0.14688645148848237	-0.2758727264587634
0.9868709102413431	0.01996259652247518	0.0827370997421906	-0.1372657043319798
0.9778507050156408	0.11854482850415829	-0.023199244337351176	-0.17092956852899943
0.9604374772312525	0.024028374452101847	-0.14603368881222192	-0.23591661934410602
0.9434247207800067	-0.09309921088073014	-0.10787274680240103	-0.29940909079695077
0.9385979864806366	0.1314244447167037	0.031690050079236934	-0.3174227084368352
0.9421975277020732	-0.09803783733925406	0.10120803422336565	-0.3039890377144954
0.9285702391553594	0.06471492924478617	-0.08748175833332847	-0.3548467709402326
0.9598739821373825	-0.023191944364536705	0.1464606998328156	-0.23801961166424498
0.9603387453916475	-0.08291808464632378	0.12265170537931425	-0.23628509158583655
0.974185587102227	0.031015677405716185	-0.12617592986971016	-0.1846079747975901
0.9830000906497729	-0.10303457306382097	0.008844679950987717	-0.1517117997146529
0.987513002129666	0.06468202630008715	-0.049442442771301616	-0.13486938478163105
0.9839660955583215	0.0366913536382394	-0.09235202422578397	-0.14810662031558847
0.985398933119096	-0.09201478850583306	0.011917749983408792	-0.142759197739785
0.9382275442735706	0.12072823706281358	0.05930431003837422	-0.31880521757487357
0.9344959962159775	-0.011935709134040344	0.12595432182862631	-0.3327315445166962
0.9870916173264715	-0.08260586455777245	0.014490924214592351	-0.13644201427669012
0.9458815210877523	0.07082114848662582	0.1267010130650275	-0.29024018722439365
0.9727910547842143	0.13172462115191835	0.017246026681054613	-0.18981244026121014
0.9270157021258809	0.014775387107542224	0.10176600819840455	-0.36064838211649375
0.940202746646135	0.08519027663036503	-0.10849187140809513	-0.31143366196523264
0.968762647672388	0.09198601891359187	-0.10523949150833822	-0.20484666027611814
0.9247075822233115	0.05209873377841588	-0.07646494065493173	-0.3692624028628435
0.9309731183606842	-0.10311712972047943	0.054986872054188785	-0.34587910366150976
0.9217598596656641	-0.0016158037690798162	0.07586736081229008	-0.38026345321460053
0.9855321317770901	-0.0258056410439248	0.0884419745102198	-0.14226209358065084
0.9233474138439145	-0.07190180589499114	0.046154966824452026	-0.37433862036160204
0.9775676541057394	0.10998962672917872	0.05181316354517423	-0.17198592890587966
0.9226943316921864	0.07463137698405518	-0.03324464937941022	-0.37677595613336756
0.977445891233714	0.08313334490785694	-0.08917791734516962	-0.17244035413075404
0.9599866598113557	0.14410550933164265	0.03472587272571584	-0.23759909286009842
0.9735199594724036	0.0909756527845916	-0.09475681322712251	-0.18709213093101298
0.9819692728224443	-0.0451441934673324	0.09746685996509194	-0.15555886421959106
0.9770300675474883	-0.035797694394102755	-0.11771778261241209	-0.17399222925473862
0.9884142491015994	-0.07552813838632616	0.006242965507675433	-0.13150588529220814
0.9353196737123944	-0.09222431516732604	0.08942981120821515	-0.3296575382510167
0.9446048188408367	0.11157684514980307	-0.09079895345309552	-0.29500490487601977
0.9845165253039564	-0.09093280391572825	-0.033572851793306484	-0.14605238853888197
0.9787673511326501	0.048170301080339734	-0.10786548952129558	-0.16750859864775966
0.9817588026550746	-0.10682654070647908	0.01715190849700044	-0.15634434957769178
0.9528171587710764	-0.055022576659613166	-0.13866457645826175	-0.2643560350073382
0.9379501951396226	0.10175619401965472	0.08716244481290204	-0.3198402986342026
0.9541469849617167	-0.12172500043231602	-0.0866129193944501	-0.25939305609863333
0.9213320059700821	0.0496863002246002	0.05349182134031513	-0.3818602249447187
0.9341335665481114	-0.12376400374256773	-0.021557635374024067	-0.3340841504513427
0.9874186558666935	0.08007262456390925	0.017547693022365647	-0.13522148982854842
0.9398099607592534	0.10915987403104327	-0.08327800207563582	-0.31289955885157095
0.9752979885825408	0.03761278568520333	0.12171518616177829	-0.18045643595464425
0.9342409274871754	-0.0073140784493675205	-0.12568107599122189	-0.3336834739720075
0.9825420488002043	-0.01439181953001251	0.10423973555827201	-0.1534212351692355
0.9715621490111146	-0.07262258277003843	-0.11402660122473104	-0.19439877904413305
0.9660506657177542	0.12073270839711378	0.0771914505000845	-0.21496791472002122
0.9440994148890863	-0.07210580416991577	0.12382537574627453	-0.29689109810229797
0.9896942092880926	0.06036914128545801	-0.0282965934230868	-0.1267290088445499
0.9524599621321037	-0.14607025992125527	0.029879691955475816	-0.26568911101227755
0.9338215606325406	0.1122302728410495	-0.05468138140771901	-0.335248572380515
0.9840619617341685	-0.021108044151357787	0.09667877413698338	-0.14774884287660017
0.9443484522459896	0.07085598010755252	-0.12486839455716614	-0.2959616780333525
0.9333409386900632	0.0034834091411561005	-0.12355185527239883	-0.33704227788907304
0.9554227361849769	0.09301515330719468	-0.11695374382394544	-0.25463188771560785
0.9164851327512575	-0.006405189395727307	0.007400726298864263	-0.3999490020552169
0.9748703848904402	-0.08234639941742244	-0.09850772791010147	-0.18205227465906784
0.926555967057515	0.009585152364087423	0.10047087718312506	-0.3623641367496565
0.9803939791178554	0.09295879257874502	0.06421915604746044	-0.16143794036195996
0.9402506100215066	0.12421508128256781	-0.06016401008101191	-0.31125503341652433
0.9406617841425611	-0.12707353050034162	-0.055506134327048845	-0.30972051070599127
0.9773475794562027	-0.00978367189631954	-0.12179343185506615	-0.17280725867940885
0.9283400200280647	0.009004822331602044	-0.10759642238770088	-0.3557059604201707
0.9316973121303462	0.11750252742714667	-0.01905911241277207	-0.3431763757186062
0.9284253863691514	-0.08865642483732293	-0.0621784392545178	-0.35538736889797906
0.9491226745159926	0.07530799965374632	-0.12700688193088794	-0.2781440379550744
0.9380189028344067	-0.11354689628236597	-0.07137075854708295	-0.31958387802639776
0.977534889717806	0.05159349669518225	-0.1101926289491831	-0.17210820726632609
0.9723533771021333	-0.10244004084358663	-0.08592685716758165	-0.1914458756080757
0.9370006042123101	-0.12764242938604026	-0.03405765755350289	-0.3233842202213393
0.9782020285961075	-0.044368831323370835	-0.11127350394968168	-0.1696184110768003
0.9793982743138708	-0.0991829178325338	0.06054699129466693	-0.1651539612797707
0.97750042191743	0.02781883115835717	-0.11854749153732176	-0.17223684284855417
0.9376572999821831	0.04594594575812947	0.12525778119811962	-0.32093339824305805
0.9362402806003932	-0.10101184235058412	-0.08264436249694898	-0.3262217865712076
0.9713415131703493	-0.12422855230935653	0.05432515951354898	-0.19522220321183972
0.9337024110535252	0.06524795795826716	-0.10607807060212573	-0.3356932446631004
0.9315082099178592	0.013529582866101134	-0.11770512467675104	-0.34388211478343167
0.980755033255002	-0.05128228759241732	0.09930122751961656	-0.16009046797784587
0.9897697509991947	0.0136603485546727	0.06465578086301028	-0.12644708334062613
0.9732934183260371	-0.11658208619770621	-0.061546728449029114	-0.18793759399925758
0.928954168003027	0.1011052171101073	-0.04382332289898325	-0.3534139289742458
0.9376626594758032	0.09622309169395118	0.09243617094398077	-0.320913396340565
0.936573369962433	0.12867300941873866	0.025737847097247614	-0.32497868014861425
0.9509552527431157	-0.0028518158273588418	-0.1485587427690612	-0.27130476290260674
0.9189242065094775	0.0452559748814063	-0.027738141350476822	-0.39084625486613234
0.9750770049070353	-0.0651975933826439	0.11005112438686311	-0.1812811582592742
0.9574913076866071	0.06982579705268648	-0.131792565650469	-0.24691187377243518
0.9205179759517533	-0.05959046739653945	0.030805640905904468	-0.3848982263320079
0.929883290631624	0.1024887794800934	-0.0484833551737631	-0.3499463961178598
0.9510567244895326	0.05716877024481354	-0.13719295066766726	-0.27092606518944584
0.9791403035854064	-0.11699600166671456	0.0011985176787466696	-0.16611672114526577
0.9894964287635303	0.02748825482399218	0.06239665535187206	-0.12746713581096428
0.981672260860378	-0.04293311674945005	-0.09965775481959599	-0.1566673279524783
0.9750535579719455	0.08487663582667297	-0.09577016084892004	-0.18136866341231123
0.9579680810448257	-0.10670319510677562	0.10402704414986849	-0.24513253137586807
0.9279947036747852	-0.10478686043590846	0.02000822346906373	-0.3569946985952941
0.9441734086211008	0.028784454540842226	0.14045497934681442	-0.2966149497349785
0.9393384244088557	-0.08043756493261767	0.11028423261461966	-0.3146593564688704
0.9463293335131602	0.04487362945834311	-0.13847426986931743	-0.2885689285005104
0.976527095711766	0.0021796114701147958	-0.12433846499569247	-0.17586934570043064
0.9804366231114333	-0.049189939153247236	0.10155554924472268	-0.1612787908112897
0.9421154663677664	-0.09706326562013318	-0.10198796041908761	-0.30429529478346495
0.9242391590604114	-0.07368193592226363	0.05200093548824197	-0.3710105819062288
0.9475288167954431	0.06504281760618164	-0.13133957432734067	-0.28409239594820096
0.9495096290635919	0.1468209006303425	-0.017670614661047357	-0.276699903923214
0.9381843478072123	0.08328260361738796	-0.10552039919710358	-0.3189664289820303
0.923270936957007	0.061853710415786425	-0.05832432715028836	-0.37462403598914534
0.9752419597377711	0.05523774099295861	-0.11494292128440456	-0.1806655384500142
0.9216618627198289	-0.051918881946643985	-0.05445425336645353	-0.38062918279544433
0.98604988354451	-0.08015265623123939	-0.039858764796878006	-0.14032981767893152
0.9913594291568231	0.009389698958437397	-0.05093734937341216	-0.12051432368867449
0.9840120884643563	-0.03414823712465735	0.09310935281958706	-0.14793497245347886
0.9240740521584543	-0.04459769709577753	-0.07740630410874262	-0.3716267692530133
0.9787444622528929	-0.09099814627683778	0.0754377827860484	-0.16759402110994187
0.9785096075309403	-0.10432015486004755	0.05704331887801669	-0.1684705108646664
0.9658226904890029	0.12598246449717804	-0.06882750190795739	-0.21581872985658826
0.947808557022796	0.09060042068977495	-0.1154734222253922	-0.28304839120679914
0.9559727205497567	-0.036335602817772365	0.14491228239575196	-0.25257931812288137
0.9467064303992919	-0.07611129806946289	0.12446778602537943	-0.2871615837620906
0.9340035537339708	-0.08542433756223171	0.0916699746296214	-0.3345693648793504
0.9476614522500126	0.14308096223095354	-0.03222000088573631	-0.28359739369286263
0.9870853012834803	0.081971143007919	0.017902053587164277	-0.13646558607003623
0.9369018369576924	-0.12817729967979372	-0.031138983506218406	-0.32375282463369703
0.925925983572216	0.03192495481441071	-0.09286896215671346	-0.36471526712472163
0.9297968048399349	-0.11228312441237703	0.013487527237407225	-0.3502691654865768
0.9423141514711773	0.029746126862745494	0.137892361309018	-0.30355379188282877
0.9711146786645677	-0.10593928044837399	-0.08526541301237836	-0.19606876111232668
0.9268940276820042	-0.08534088502912918	-0.05647473471430972	-0.3611024773230242
0.9656958779216436	-0.1358017673153985	-0.0469800143535056	-0.21629200080101163
0.926963938559321	-0.10235506882905601	0.007393271959892065	-0.36084156637687603
0.9165339655266841	-0.0067963490404376985	0.01028789325990701	-0.39976675565625047
0.9825056655452475	-0.06169778963698123	0.08541804107644207	-0.15355701932527882
0.9470235451894962	-0.07379518651755734	-0.12616340332639675	-0.2859780952532172
0.9278142638344071	-0.10375129429640464	0.0216768167566896	-0.35766810924729464
0.9508975075735216	0.06633352698631935	-0.13293056769455602	-0.27152027080942304
0.930613878261788	0.09619547284026728	-0.06436339750830243	-0.3472198059627064
0.9782508117239526	-0.1196087085205489	-0.003229476423209216	-0.16943634996513063
0.982870735968442	0.05153417074669935	0.09025609204037703	-0.1521945579575768
0.9759018195333115	-0.11538678854659601	-0.050450482467788584	-0.17820290816718543
0.982689370213972	-0.09969000050778454	-0.03184074653755435	-0.15287142416801186
0.9318747828164198	-0.09204552380946383	-0.07629638864841953	-0.3425140461013258
0.9795900502756033	0.10383512092858072	0.05081008845796015	-0.16443824364691478
0.946849494568373	0.14588277478125117	-0.006231741264622854	-0.2866276610143378
0.9880902779250138	-0.023237068480282477	-0.07432617393063333	-0.1327149621834131
0.9326642193275244	-0.12160774681384227	0.006534482005906242	-0.33956782893253346
0.9474625810085097	0.14192113980260238	0.03638742230569477	-0.28433959127031605
0.9273651330914343	-0.03701495811634285	0.09744478171877746	-0.35934428799931045
0.986841977341546	0.020819344258671907	0.08269182411079044	-0.13737368338403283
0.9460959350156143	-0.08045121246213571	0.12105610303433073	-0.28943998355176204
0.919154632646168	0.03993174252464462	-0.03835242677054117	-0.389986292816611
0.9435895884879235	-0.11554922905104402	-0.08372175078465902	-0.29879379613447776
0.9777797912662152	0.0675239062657712	-0.10039790906190373	-0.17119422224481073
0.9610166505617762	-0.09161766954084567	-0.11580909359687892	-0.233755115048203
0.9312436692975172	0.10526457439739292	-0.05262792962866887	-0.3448693938192136
0.9216165140331668	-0.009361863863127276	-0.07434994969113717	-0.38079842639812367
0.9282527250542082	-0.08720333706085097	0.06311774427192851	-0.3560317496978485
0.9825780159285674	-0.06250263885425196	0.08448051342813094	-0.153287004018782
0.9306355184619025	-0.052767338067586	0.10309036906334733	-0.34713904363639325
0.9319871752474378	0.10934814206268975	0.049134297966607524	-0.3420945918383802
0.9740908550768111	0.11603108561103459	0.05893241485780882	-0.18496151952954593
0.9839435616638085	-0.059009699709270905	0.08007767424570109	-0.14819071795480365
0.931598124483016	-0.11340148819699819	0.03522507011807155	-0.343546549057926
0.9895165266504734	-0.06119232586824222	-0.02972857359590249	-0.1273921294757676
0.9373616090054101	0.0735143522338205	-0.11063936194589284	-0.32203693199171435
0.932678725677789	0.11243656094775782	-0.04689209310608803	-0.3395136904963138
0.9493900735389651	-0.14083268594255433	-0.044885264395828406	-0.2771460912154469
0.9468152971137066	0.04011789226183801	-0.1403664948454631	-0.2867552876526421
0.9713302564420836	0.10173484437516327	0.08966293064924027	-0.19526421389365473
0.9836783340662824	0.05503605268262153	0.08422071162032715	-0.1491805608243405
0.9770183572996475	0.05340012018463676	-0.1108830503931156	-0.17403593249465
0.9609252478774808	-0.14684351852142455	-0.016081108423130777	-0.23409623450994138
0.9714174429264044	-0.04071179659227303	0.12918805652224793	-0.19493882950443575
0.9748712676312129	0.12440393214412046	0.03174652757377429	-0.1820489802256539
0.9553401207029691	-0.10553877090384775	-0.1057937118261159	-0.25494021289195246
0.9870139039647001	0.033948388564185944	-0.07717129196469394	-0.13673204449124782
0.9275195370621746	0.08385964797504127	0.06293296456993457	-0.35876804453561734
0.9207629602337538	0.0682018274439896	-0.010021044981213123	-0.38398393254452634
0.9386912491710698	0.047266250189493646	-0.12683969543625298	-0.3170746473376878
0.9729388915253017	-0.11106766252001475	0.07234827469976543	-0.18926070603224712
0.9651339635598726	-0.14247520456223708	-0.022879077774362953	-0.21838909374864343
0.9874181840352941	-0.07753036056384296	-0.026627908104527923	-0.13522325072730346
0.9704759054710014	-0.12182524422867655	-0.0628621870952327	-0.19845269512522928
0.9294296084451942	0.1118301179588149	0.0020607621151826627	-0.3516395610881049
0.9815635558287227	-0.10364013621411848	0.033463027614512426	-0.157073020653654
0.9839642022334047	0.0230703685853382	-0.09666717512698167	-0.1481136863003728
0.9590281775346393	0.1300065102253964	-0.07209232826080261	-0.24117619741495785
0.935647639774916	0.1018986070878134	-0.079445388906764	-0.3284335522425277
0.9587884917405946	0.11427550224093308	0.09522345129228249	-0.2420707169761855
0.9476680947347079	-0.13095339676893608	-0.06605277119599506	-0.28357260360249137
0.9631432783606503	0.011887904461727581	0.1456699654042425	-0.22581843205401636
0.9840757585090482	0.08155162002458105	-0.055943961404986906	-0.14769735261176875
0.9678118605614869	-0.014956579152035847	0.14031396247488578	-0.2083950460811825
0.9210985928198524	0.060286165884721375	-0.038205836751301986	-0.38273133468053055
0.9292257673264952	-0.07872253449987202	0.07846183707559291	-0.3524003064997613
0.9264142772803906	-0.10027180102390652	0.00329757238822867	-0.36289293019679775
0.9217429427685327	-0.07123908838493673	-0.02581910635201544	-0.3803265879342014
0.9924292067259695	-0.016081016757626805	0.03533166862922863	-0.11652185944782265
0.9638718003909879	0.1322357936817188	-0.060757202892012294	-0.22309955082236338
0.9766125470688607	-0.04731154374766808	0.11476756877336072	-0.17555043689417738
0.9858780602916422	-0.05757953586056834	-0.06968647276479503	-0.1409710707885557
0.9355320199851869	-0.11300590171928193	-0.06210703564477999	-0.3288650511721575
0.9665367289846417	-0.10384559034138041	-0.09791965578921921	-0.21315390191230413
0.9571703279948663	0.10216070561120165	0.10876436632577774	-0.2481097862902091
0.9820521712573782	0.04857255322390337	-0.09545594803435878	-0.15524948304854969
0.9506387968042023	0.12188223328300565	-0.08474722462555959	-0.2724857925449886
0.9889232084078947	0.03284558452135754	-0.06445332022879312	-0.12960642330212882
0.9627866384596561	0.05763183506024179	0.13462390839875543	-0.22714943028453335
0.9288380240591086	0.10926109978102592	0.010675482220509964	-0.3538473840739407
0.9352342329051286	0.07040626321484776	-0.1072168740167791	-0.32997640768477243
0.9776228594167831	-0.09871759861459621	-0.07071100668681463	-0.1717798998802169
0.921613408947808	0.029430200135102724	-0.06889354429524004	-0.3808100147344447
0.990248518156251	0.005136610737894806	0.061978198804113545	-0.12466029998549669
0.963726813334219	-0.1278905379293207	-0.06971010893683313	-0.22364064988466484
0.9847927617932142	0.0770061894945832	0.05676300961127742	-0.1450214599260672
0.9603941461238952	0.1355757159102742	-0.059408163763840685	-0.236078333238312
0.9350169016731938	-0.06345820583311318	0.11088769219209954	-0.3307874988844247
0.9676653828754161	0.14130223851241103	0.0008641356711162756	-0.2089417082477735
0.991721381874572	0.0026264298605539835	0.04776885388523835	-0.11916349775609789
0.9266443955307119	-0.10121686126021559	-0.00407544047894615	-0.36203411719484996
0.9877947136470024	-0.06684622958251094	-0.04342720321448817	-0.133818023085854
0.948968916424215	0.14086324900168526	0.04395326092235039	-0.2787178709656633
0.9432524743540915	0.0661510609092164	-0.1259668612910404	-0.3000519232098885
0.940411147936615	-0.12585787388005162	-0.05726763139298931	-0.31065589776079855
0.9639663357296298	-0.050207655499104914	0.13649902808558056	-0.22274674013544127
0.9907536817381047	0.048109619687502186	-0.03192029213517066	-0.122775003831885
0.9321635436215172	-0.049558944538295804	0.10970979915755655	-0.34143637610546784
0.9420253267150628	-0.047697505319855685	-0.13233578063171	-0.30463170054713185
0.9345929089490763	0.058697792611058744	0.11234295261450594	-0.332369861272871
0.993661992892103	-0.010008570488765182	-0.0030583432164070705	-0.11192103884094412
0.9509955510407083	-0.006668984738844967	0.1484530076157077	-0.27115436760853234
0.963611248585246	0.1264591521208359	0.07247902197243253	-0.22407194339939562
0.9281419379631174	-0.10398443208927255	-0.02620288503779268	-0.3564452127506221
0.9492076801842384	-0.1414302930717122	-0.04259724709333919	-0.2778267924822496
0.9397474119193304	-0.02453163052530355	0.13498417972241253	-0.3131329943001179
0.9658621479306917	-0.10488806855435423	-0.09795213189061634	-0.21567147267946912
0.9376522542155885	-0.06778518345985526	0.11490468038715099	-0.3209522293003519
0.9878013752933075	0.07069078777072309	-0.03675112832671412	-0.13379316148338155
0.9844389935086505	0.07759116633465216	-0.05868197139798244	-0.14634174113816567
0.957922218050665	-0.14403469413275488	-0.0382769978519779	-0.2453036944002628
0.9420057441716885	-0.10674716096518254	0.09157082738723717	-0.304704783593946
0.9607174736617622	-0.031887089893959816	-0.1443622296895267	-0.2348716584395062
0.9350825179358836	0.07037973528836737	-0.10681271808740975	-0.3305426156582638
0.9332350666061664	0.023788805726844435	0.1210058084849086	-0.33743739788527916
0.9220890927639249	0.04496780290574205	0.06373592918504405	-0.3790347385643579
0.93464760994855	-0.09612889288843887	0.08281919687378389	-0.33216571436361014
0.9212589758814901	0.05877904371035522	-0.04244365867778295	-0.3821327769458255
0.9216204985780645	0.021031145596354245	0.07195297833644736	-0.3807835558741205
0.9625195345774087	0.018636781964891002	0.1454582169225659	-0.22814627554397932
0.9782974212738503	-0.05218464187743739	0.1075228272094096	-0.16926240075679394
0.9611612363095197	-0.017577033385598906	0.1465286657514236	-0.23321551369157414
0.9414089447552222	-0.09044588142135046	0.10659008434460428	-0.306932069338126
0.9249466734669447	-0.0716238948995836	-0.06039152863985274	-0.3683701021939597
0.9797083655366757	0.08596628198901704	0.07672290492930327	-0.16399668508128165
0.978901504815581	-0.11769880904494216	-0.0026805671848880823	-0.16700793028703903
0.9499408301526336	-0.14045421250636367	0.04701248163804006	-0.2750906395506313
0.974510717986359	0.11215928197473399	0.06415284683912145	-0.18339456981889973
0.9483703815353003	-0.13579745499874712	-0.05673491191946732	-0.28095163358119546
0.9288003220952094	-0.03323364697948931	-0.1044888449622376	-0.3539880897187579
0.9618443807560645	-0.03435087494893995	0.14306854464173963	-0.2306659839081603
0.980179950518439	-0.07244210259442231	-0.08762794993388288	-0.16223670596925477
0.9787762919409928	-0.10811781377398681	-0.04753478355961357	-0.16747523109676374
0.9322550794012249	0.10584517601736068	-0.05789326727912828	-0.34109475992488836
0.9288242087497556	0.1038699618919434	-0.03538584518139289	-0.35389894351036877
0.980840015713033	0.10855528026062355	0.02532003938171134	-0.15977330912672222
0.9440225007451715	-0.02667311923316854	-0.14069546040224085	-0.2971781455952089
0.9347631980157677	0.12543720946355302	-0.02087107758777237	-0.3317343338240051
0.9793080223363467	0.0504579011973481	-0.10498855776854808	-0.16549078624537433
0.9826307838420791	0.09838761519953002	0.03633249006201754	-0.15309007148454717
0.9887377075370504	-0.04519791533906582	0.05811314132405452	-0.13029872197696798
0.9303432160614341	0.11476260472030382	-0.00519230294729375	-0.34822993104611555
0.9664113722163135	0.11024854348990364	-0.09088493065112684	-0.2136217397407777
0.9890679559247766	-0.005134239278068515	0.07113458698505808	-0.1290662182148562
0.922476915676063	-0.05319680687087115	-0.060284513089156735	-0.37758736375191915
0.977989309235119	-0.036949381334626094	0.11459190841326654	-0.17041229053976298
0.9232543633598524	-0.0348005569339455	0.07746474028116994	-0.3746858894957901
0.9378217953328375	0.03669738782304783	-0.12860405972664102	-0.32031949323680686
0.9710905335135942	0.06896651007364432	-0.11725396849383213	-0.19615887204251634
0.9473629950712116	-0.11702377516593059	-0.0880244008345513	-0.28471125104803197
0.9262507486758461	-0.07602177390672515	0.06438667752671254	-0.3635032272574486
0.9776774427651471	0.10370859475593248	-0.06287253457013905	-0.1715761920508752
0.9562733766333875	-0.07979761407890437	0.12626487701530345	-0.2514572543431664
0.9182355454265904	-0.04528249362803104	0.004066488457346234	-0.39341637301666244
0.917245724995222	-0.02847797698968689	-0.01235267916302225	-0.39711043315689887
0.9766932530696527	-0.11375460213695132	-0.04917198879181083	-0.17524923799874598
0.9806425585415229	-0.10296896746775845	0.04443006187706508	-0.16051022932311643
0.9175861325543181	0.03665866156008947	0.0015857235999533117	-0.3958400148510718
0.936897861740661	-0.10201392947692345	-0.08360656058451277	-0.32376766034562904
0.9349930331815018	-0.038970631865102606	0.1216141782151805	-0.33087657730811937
0.9340101193071221	-0.06321756083448118	0.10820523304971065	-0.3345448618267691
0.9371826442321534	-0.06859607469597483	0.11333515634654985	-0.3227048376182735
0.9536507935272417	0.03988745639555788	0.14391064555974986	-0.2612448677423744
0.9566011621684262	0.038772654362172164	0.144200804597709	-0.25023394207241606
0.9580154803746233	0.08543000614519149	-0.1220851770552368	-0.2449556346688188
0.9630951664402135	0.12253764997587754	0.07973163772290696	-0.22599798818553613
0.9448542040412949	-0.026703402551964427	0.14162568323321958	-0.2940741866372537
0.9417375460871968	-0.00432291857576924	0.1401988731295106	-0.3057057124717616
0.9920435616487073	0.021478365431398944	0.03838527022375055	-0.11796110646985361
0.9327047426187589	0.02791835498261689	-0.11865413731685293	-0.3394165939507564
0.95993236186624	0.005001968353028914	0.14817278941795367	-0.23780173555001655
0.9578607380867945	-0.13238865374610564	-0.06848012547454778	-0.24553314074907504
0.982799473153681	-0.10091935499826205	0.02600520916216685	-0.15246051440295494
0.9325329109805889	0.08674270141625451	-0.08496300993928141	-0.3400578783547545
0.9309389427475658	-0.09383605310022267	-0.06947574404398435	-0.34600664878604753
0.9164629144432478	0.006419243319563058	-0.005383420727574494	-0.4000319219095676
0.9438535344595729	0.11609940109485814	-0.0834948567430353	-0.29780873635782934
0.9530987263565044	-0.05606564215275385	0.13831062043641368	-0.2633052104727566
0.9305658760348667	-0.0956839175921046	0.06485141423268252	-0.34739895271245325
0.9846985387731432	-0.050740847788596125	-0.08161381279752637	-0.14537310502421505
0.9772125768043747	0.062189174484253915	-0.1055999550727955	-0.17331109543518716
0.9373303135314235	0.05265005575887838	-0.12188859795766536	-0.3221537282906793
0.9804734723958688	0.09380424259708879	0.06249820746562689	-0.1611412674095537
0.9871228205779694	0.05840039497215054	-0.05994390764656468	-0.13632556215673844
0.9275915536907525	0.09376147887954818	0.04754960099000104	-0.3584992748187748
0.9321432458545449	-0.02913899233283797	0.11674482638289613	-0.3415121284030885
0.9911486439236842	-0.0010325069973049217	0.053938582134559994	-0.12130098488823407
0.9423010657653067	0.11795056959398312	0.07734215291433712	-0.30360262840199087
0.9319239377273074	-0.11206658265774089	-0.04205493281008692	-0.3423305974764518
0.9809504366991939	-0.09307587450287552	0.06063931322842832	-0.15936121239614764
0.9298288007783572	-0.049856027445119876	-0.10162640813678202	-0.35014975501874857
0.9609864154192038	0.11477327590593213	0.09294075825814033	-0.23386795413645703
0.9567268988806672	-0.02950776097501663	0.146357556999614	-0.24976468627395576
0.9585861036391754	-0.07687180125286064	-0.12743203109182283	-0.2428260396535294
0.9798038233459123	-0.0876280959723726	0.07434778860332852	-0.1636404316872315
0.9747312369255127	-0.12738350307004687	0.018441159871314228	-0.18257158193394704
0.9427882068485208	-0.050085491832811635	0.13254395454033768	-0.30178459312898126
0.9300577475923458	0.0842737870334967	-0.07670266401015223	-0.349295313876712
0.9538302192133566	-0.1066727614581762	-0.1045436662493263	-0.2605752419656104
0.9328283350705432	0.043097628187572415	-0.1143816802852968	-0.3389553406412652
0.9454327072753503	0.14409470168299832	0.01338800928266011	-0.2919151831754161
0.9476615498435198	-0.05862366745036888	-0.1344380059330035	-0.2835970294689353
0.9285344032681151	0.015908830793737096	-0.10751561255508513	-0.3549805122921629
0.9262213707552306	0.04194373355007884	0.09022404566011598	-0.3636128671498067
0.9417216463392603	-0.13977459326941374	0.011451523674866848	-0.3057650511388883
0.9390224698861956	0.018111153330205305	-0.13473982240825116	-0.31583851480031927
0.9569779316073672	0.006789479175461702	-0.14910351333834873	-0.24882781938354864
0.9496800398750287	-0.1435333689314276	0.035982006220649426	-0.2760639221167728
0.9833827568754249	-0.0751867609776673	-0.06870315138114025	-0.15028366991817907
0.9864171985108015	0.07653153401877315	0.04259620619052232	-0.13895897956235143
0.9772531916698013	0.05058253808237141	0.11150509987457248	-0.17315951869387275
0.9449143920155287	-0.14416434535292252	0.002422430263318426	-0.29384956205940854
0.9817799116452888	0.1080294015681816	0.0043503098896282115	-0.1562655697537162
0.9796011593982125	-0.10843198839225465	-0.03997211356758672	-0.16439678383690992
0.9756347229198308	0.013347486334325882	0.12588165130781662	-0.17919972629922498
0.9245357156945528	-0.08884524046637235	0.02261414303352169	-0.36990381748029133
0.9736491969164875	-0.006276594194817388	0.13093748293578839	-0.18660981022345105
0.9263829324360467	0.0732799058410278	0.06832658772050092	-0.3630099107484443
0.9774282938036677	-0.04715326092599067	0.11248186761030209	-0.1725060286337695
0.9658123476667759	-0.10685130407406208	0.09589015114178331	-0.2158573297946331
0.9813791638276738	0.08903740811414022	0.06386459535719376	-0.1577611809700778
0.9705351637000783	0.12666240632272716	-0.05217650079715182	-0.1982315404035477
0.979832934983185	0.03269251581118054	-0.11007258531485943	-0.16353178557783846
0.9295260185891505	-0.08796496844874303	0.06961379065791067	-0.3512797535324948
0.9450300129291682	0.12191644806360075	0.07720425535745387	-0.29341805893528844
0.9339490632370641	-0.004721066942534838	-0.12507629915368149	-0.334772726182336
0.9315876799570129	0.07173058353432768	-0.09459441052479846	-0.34358552855963076
0.9396528755164133	0.1078403542496306	-0.0845551838173777	-0.3134858089589694
0.9909276118856811	0.003949565630887244	-0.05596549375484437	-0.12212588768416194
0.9294972899322259	-0.10435239064443726	0.040896988286122975	-0.35138697033977084
0.9617494094190591	0.0789549469576393	-0.12423266302142207	-0.23102042176312695
0.9762188487033853	0.039827070814463926	0.118636317378814	-0.17701973919698882
0.9227586215101905	0.07782022014618857	0.026099098603442467	-0.3765360232661671
0.9833172798028449	0.10126803534956617	-0.013161433587266687	-0.1505280336797782
0.982368489646805	-0.09716498715951112	0.04211732784258711	-0.15406896674784054
0.9622458732657737	-0.07076345931691697	0.12867644040319873	-0.22916759346306712
0.9428535553181262	-0.120877438159966	-0.0740879125803449	-0.3015407093202173
0.9292781969832905	-0.06315806763206569	-0.09167870654223906	-0.3522046363567777
0.9288981467929561	-0.08306021038885815	0.07211106780952545	-0.3536230029765318
0.9835707212662239	-0.09353865155278739	0.03826655431541514	-0.14958217726170342
0.9855997378093316	0.032855057687596834	0.08571419450530242	-0.1420097844334276
0.9866534859198679	0.06288033845968732	-0.059124143571747285	-0.13807714294652634
0.9244535486038579	0.09124652785227015	-0.001978912733735627	-0.37021046923747547
0.9499423201376849	-0.061071090216594195	0.13493742899908556	-0.27508507885071753
0.9824074795267852	-0.10191713835176984	0.028213670872412767	-0.15392345453477352
0.9449458981755063	-0.12473490494419681	-0.07238768712084905	-0.293731979469621
0.9717478813772665	0.12822631881779742	-0.04173967380949862	-0.1937056164170442
0.9174960717982416	-0.03055398480937428	-0.017660387911125282	-0.3961761261685174
0.9673913973978282	0.035360733228812086	-0.13718061962045366	-0.2099642359706677
0.9691236000238885	-0.10458426366473235	0.09192119228690354	-0.2034995677612066
0.9371665534607542	-0.11326612697023641	-0.06864737328410356	-0.32276488919466834
0.931857001876339	0.04085693697286178	0.11230273612478602	-0.34258040547311364
0.9422761985182796	-0.06941665044128456	0.12274354392182855	-0.30369543423134016
0.9225447491923064	0.07590923451519109	0.027710487545336625	-0.3773342056228428
0.9338552062277887	-0.12101048863682787	-0.031040083012025547	-0.3351230053095978
0.9796309763249397	-0.03749466953549577	0.10921342704437775	-0.16428550555143853
0.9286406391076165	0.035996954250202835	0.1029608905794007	-0.3545840347415586
0.9329479731711142	-0.07773012724840328	0.09475161431117182	-0.33850884517141316
0.9691665887331473	0.13721517449000614	-0.023266213417466174	-0.20333913171410095
0.9283605530379934	0.08485889817614363	0.06688370860144842	-0.35562933018388454
0.9890562971714048	-0.0232075396274131	-0.06752576498360881	-0.12910972927479272
0.9583714562395208	-0.031806995076881985	-0.1454589149365528	-0.2436271146547526
0.9256454857415398	0.06291164489923476	0.07376073747265047	-0.36576209928021797
0.9746139005321622	0.10478267999581176	-0.0752054679853453	-0.18300948731550792
0.9307555335327666	-0.06453952717555142	0.09661282926287998	-0.3466911412942546
0.9484588485665257	0.11779458971774737	0.08832801205441304	-0.2806214701258675
0.9801752159724311	-0.08583633421203517	-0.07458007335756918	-0.16225437553550726
0.9650036947796556	0.14153311529710974	0.02880738418165117	-0.21887526345505315
0.9249322671426656	0.04922689594764621	0.07962956672417787	-0.3684238673281196
0.9707524629837238	-0.05398615356332099	0.12550007965203494	-0.1974205684365346
0.9876089704067694	-0.07380843144149009	0.03297828104511583	-0.13451122629556622
0.9793958137594947	-0.09557534180840743	-0.06610847017310596	-0.16516314419371722
0.931273769354172	-0.09078993162891744	-0.07502616331092683	-0.34475705887846725
0.9765125635028603	0.046128388883300106	-0.11552609590069056	-0.1759235806424128
0.9498031866605624	-0.032010065970087195	-0.14453897203796726	-0.2756043320563723
0.9820874952059138	0.0793724261335446	0.07171250714934248	-0.15511765227789082
0.9405677570118934	0.1322580220066518	-0.041180355114453684	-0.3100714247349331
0.9386132091078587	-0.08867200841391071	0.10208528860029166	-0.3173658968186176
0.9327916522478459	0.06979692795723812	0.10022261829438214	-0.3390922427993367
0.9910658845189356	-0.03264855424606063	-0.04397191733808259	-0.12160984719156007
0.9860725015978098	0.04699567524793216	0.07605033996760328	-0.14024540595484833
0.9620519212827893	0.0983144938384036	-0.10927163628417996	-0.22989143211779384
0.9552104240365191	-0.09806743762301603	0.11275760421972772	-0.2554242474407164
0.9414386288354557	-0.13460100822101548	-0.03790217226761754	-0.30682128684251847
0.9415720891555327	-0.11504673245626633	0.07982696067196762	-0.30632320614719655
0.9275142913040825	0.10132214962415526	0.02687942972563948	-0.35878762197134156
0.984519197494993	-0.07494175843265566	-0.06145970548397625	-0.14604241578616592
0.9328667064496846	-0.08513645610422906	-0.08785116881004043	-0.33881213670475324
0.980567410413567	-0.09038583040645108	-0.06681549675614927	-0.16079068595474186
0.9738721997092264	0.10295164920712102	0.08037784245073573	-0.1857775524707198
0.9601525252400726	0.13879907614075018	-0.05179178462930455	-0.23698007465290782
0.9293958991511971	-0.046536570758544976	0.10158118716607314	-0.3517653658859891
0.9732446447613297	-0.10595263339654856	-0.0786124017486974	-0.18811961942081173
0.929908468103435	-0.11344967144237963	0.0016396534015376482	-0.34985243251385545
0.9300589547093294	0.11392844648206589	0.0025652868714797702	-0.34929080885479874
0.9260152710303138	0.005259236225584173	0.09845702550128281	-0.36438204179462197
0.9464865192234486	-0.09109654404762033	0.1137140338491332	-0.2879823034434903
0.9478685621272891	0.05892956566041732	-0.1344723994301797	-0.28282444910811755
0.9221505883289864	-0.027805547532656797	0.07329214604481826	-0.3788052339911083
0.98961063018307	-0.05799988574741888	-0.03416746855830477	-0.127040930310945
0.9370909630103452	-0.08517460312013175	-0.1012247599052295	-0.32304699659616143
0.944920179992626	0.03651744590066332	-0.13948999570478998	-0.29382796103480835
0.9759415797248884	-0.11887347267946241	-0.04127611862511314	-0.17805452111210168
0.9534076848780152	0.0997941554271678	-0.11104574346052387	-0.2621521615730471
0.937387036767304	-0.0818270001490479	-0.10470535756535798	-0.3219420342924039
0.989656629582515	-0.0641126810405137	0.019326431981214594	-0.12686925821509906
0.9243457931786505	0.0890611070101816	-0.017299169359384595	-0.37061261795914024
0.9878438709360402	0.024694887318025754	0.0754748439892198	-0.13363456558560255
0.975302792761129	-0.09361619422865597	-0.08638527638861215	-0.1804385065160647
0.931541151147983	0.1015162910660124	-0.06127931935089502	-0.34375917643894577
0.9302741510998793	0.108225487734179	-0.03786265982799867	-0.348487684991661
0.9438014290339765	-0.09113387599677533	0.11012526550579495	-0.29800319645350515
0.9869397051922545	-0.04717501028361523	0.07037813670191688	-0.13700895807987407
0.9855874243129099	0.03641446675329285	-0.0843302001456983	-0.1420557390276922
0.9783755745066987	0.0978907856197983	0.0681727369798387	-0.16897072892102818
0.9902278647013842	-0.042189006675781036	-0.04592874680565494	-0.12473737972841117
0.990364426477466	0.060281036221379626	0.010581680857218346	-0.12422772424170234
0.959851661861727	0.1082279792348324	0.101382912747788	-0.23810291206703035
0.9767000728454862	-0.03410606718532536	0.11912333363952249	-0.1752237862488392
0.9216961986146578	0.06900243924198685	0.03055715601777091	-0.38050103949141945
0.937338490794657	0.11824761237229636	0.06042096664649872	-0.322123210328825
0.975861430603822	-0.01955267692038097	0.12450758842734552	-0.17835364170410356
0.9693878003718549	-0.1385972187731602	-0.008146287856516339	-0.20251355863921877
0.950789287106083	0.1351683716834767	-0.06153451631458609	-0.27192415509232293
0.9887082051660363	0.006413397475660231	0.07354244615751543	-0.13040882632453624
0.9781805168266587	-0.06416457675258803	0.10123308161814316	-0.1696986940933437
0.9309210588004826	-0.08546769498433315	-0.07946359128822468	-0.34607339258520187
0.9453713507396752	0.03006156329647655	0.14149592290921453	-0.29214416888393213
0.9292261957457147	-0.07556566732166187	0.08150863716022666	-0.35239870761746694
0.9817330879419054	-0.10489283296593316	-0.026908446180941237	-0.1564403181937415
0.9516354607526902	0.13691430571341817	0.05838798454602616	-0.2687661920511591
0.9373366983144098	-0.04375708725409107	0.12536968877005683	-0.32212989995617897
0.982381931073626	-0.022576168504724752	0.10341308690332189	-0.154018802660018
0.9474992331029525	-0.11881437122375652	0.08577362518271081	-0.2842028037916518
0.9426387327391825	0.035398594399822625	-0.13699711375961957	-0.3023424380994482
0.9236401602177553	0.010619234755277282	0.08639127861818033	-0.37324607602069626
0.9759368246227245	0.07950289140641058	-0.09755445755139674	-0.17807226739497267
0.9544933664963161	-0.14547116084931644	-0.03412869494847359	-0.25810034261270454
0.9654847280005994	0.04676310145884652	0.13612022604653132	-0.21708002303436275
0.9731864478699868	-0.12333059028612854	-0.04719054973748413	-0.18833681317614612
0.9748935813478308	0.12634792888277857	0.022520843054393946	-0.18196570430153047
0.9774226392661725	-0.1217330130444477	-0.007774742952020016	-0.17252713165499511
0.9774094761351196	-0.015426841742780154	0.121037861805734	-0.17257625712887065
0.9396680729423234	-0.11233980775668283	-0.07852314916255115	-0.313429091393329
0.9233378067232955	0.08535621250764247	0.002316120002986456	-0.3743744746238666
0.9354051216870226	0.026301164372044585	-0.1259427088598968	-0.32933864206830077
0.9448726522476611	0.12307653430644794	0.07502465965770216	-0.29400533699378645
0.9400787916171863	0.11572922472310562	0.07469491170957068	-0.31189626843112295
0.9489042702127095	0.06846498705880881	-0.1306714702085257	-0.27895913391151866
0.9662664132095542	0.12477050337825205	0.06997044736563651	-0.21416273411901798
0.9207049321745758	0.02845492328586176	-0.06231150714329792	-0.3842004962096432
0.9356271376953413	-0.11007770672910681	-0.06757139586590544	-0.32851006704516156
0.9783332414217535	0.1050451000568158	0.05678972074175536	-0.16912871814488478
0.9788838012205978	0.019115831972010007	0.11622119800097938	-0.1670740010029929
0.9317468003622318	0.10738862753685485	-0.05169417761276633	-0.34299168312283285
0.9528330928737545	0.07570176553996913	-0.1285521835492634	-0.2642965681265706
0.9868559328959877	0.0021139619710757486	0.08516852057134672	-0.13732160054580858
0.942775401853127	-0.13281597830770736	-0.04931197349058651	-0.30183238202238194
0.9351802641116121	-0.08408393426493965	-0.09669731897856357	-0.33017782196419937
0.9517358225370197	-0.14781200272686634	-0.017789470481643338	-0.26839163677290334
0.9663585232664696	0.13878318968588652	0.03423268651779373	-0.21381897470672162
0.9226467852045023	0.08141892964913822	1.8335940039335835e-05	-0.37695340204112626
0.9243966614083757	0.08818026602308938	0.022405818836920645	-0.37042277514131455
0.931454259153291	-0.011545554897148393	0.11775497695741799	-0.3440834617779072
0.9271017334543916	0.037226581451160895	-0.09623298796405684	-0.3603273088274491
0.9767709376049049	-0.03916076341665513	0.11736357197036199	-0.17495931536622256
0.9733517155515748	0.13029361026984837	0.01926667777412739	-0.1877200257916103
0.9338658751925678	-0.07358971832094545	-0.10098681844692697	-0.3350831881909784
0.9587651272632555	-0.0018609277010107408	-0.14874646950075576	-0.24215791439270729
0.9301745678627796	-0.1063946832424989	0.0418641765380059	-0.34885933469209923
0.9665218267674021	-0.01584964074350544	-0.14186630612586115	-0.2132095177441879
0.9171230974668741	0.0275978890468533	0.007949726124122269	-0.3975680853230997
0.9456810777082729	0.07299107409962709	-0.12524152468614386	-0.2909882521006513
0.9815142685059758	-0.1024723858419426	0.03740853253849577	-0.1572569634463145
0.9843944393737949	-0.09420967696552736	-0.025050443863999395	-0.14650801943313385
0.9859527092218552	-0.004349153024667159	-0.08991088314925993	-0.14069247718827027
0.9817910077589392	0.09947278128158824	0.042256303324993305	-0.1562241584938064
0.9375521653740928	0.09667463656374178	0.09164989901440522	-0.32132576594208473
0.9642775764993474	0.09182510589574812	0.11241403895125568	-0.221585173769468
0.9260440318888542	0.08358974613653404	0.052527562098163796	-0.36427470480928004
0.9337586581161742	-0.10021398732236454	0.07418127747664184	-0.3354833277675181
0.980939617781694	0.0568976344631483	-0.09545291423812428	-0.15940158914594021
0.9205117845756092	-0.04581487851897139	0.04893484312014962	-0.38492133286234637
0.9851058088854677	-0.07826451061892101	0.0524164311921438	-0.1438531522726153
0.9567121252790569	0.11653175086329734	-0.09333979252067581	-0.2498198221057762
0.9355077210324573	0.1247796805517618	0.03230261441546029	-0.3289557360983151
0.9354699414611378	-0.12860713951300548	0.007178696630687979	-0.32909673137796774
0.9593801988599516	0.01827530459362952	-0.14738269606937757	-0.2398624359435448
0.9318720656246849	-0.09569217622470716	-0.07165641754575276	-0.34252418679893415
0.988912720789424	0.010562810371483652	-0.07163857570976115	-0.12964556362711172
0.9230901621291102	-0.01246288144001918	0.0830669448287249	-0.3752986968315859
0.9228301840436923	-0.03715524382626506	-0.07365879345337152	-0.3762689482552196
0.9341936269733577	-0.055952213929809924	0.11264597735763039	-0.3338600018927993
0.9273756177739916	0.08979706101148249	0.053016548104716926	-0.3593051586313057
0.9798710128138779	-0.05652971625144716	0.09980482362572235	-0.16338967717905067
0.980974360828956	0.10772640675955754	0.026772713096593986	-0.15927192632834897
0.9357059544044783	0.11639941722385928	0.05639018552010698	-0.3282159190821767
0.9287340949701729	-0.1094052231154337	0.0009293704747337199	-0.35423525271423306
0.9748577854691991	-0.08645479179877551	-0.09496164150780217	-0.18209929633928543
0.927739284937673	0.064015178768335	0.0841139251336192	-0.35794793429940225
0.9827332204803204	0.026401661170664118	0.1010876144477686	-0.152707772746074
0.9810871698345387	0.06336720741887732	-0.09065841524640986	-0.15885091738796292
0.9806345628566053	0.09126202729290504	0.06522256166444751	-0.1605400696254706
0.9749615905351646	-0.057323632110946585	0.11465028134382314	-0.1817118905590191
0.9636796772445128	-0.05803447552761839	0.13363990766582456	-0.22381656416631834
0.9421674099052731	0.1043496014739223	-0.09462582769234637	-0.3041014388623653
0.9800924013142582	-0.005058354817263088	-0.11387020941420527	-0.16256344404741954
0.9622094079236746	0.06280610292221217	-0.13277149263127802	-0.22930368397249626
0.9871331617866251	-0.08286369371236223	-0.011295638683290882	-0.1362869682406237
0.9360312520598175	0.10815043050512683	-0.07224086357681353	-0.3270018917048678
0.9537325978606228	0.14052453000082027	-0.050572019451511914	-0.2609395698139167
0.9351314107178238	-0.11629523805288182	-0.05354284905186067	-0.33036014531193975
0.9283606731601421	0.04858247951108349	-0.09651062939187878	-0.3556288818819221
0.9719040897490803	0.08606356883814262	0.10343668989550416	-0.19312263883686787
0.9204761109059728	-0.06572187510514008	0.011722646185410461	-0.3850544688099219
0.9805792912750535	0.016379223410380936	-0.11116018540079393	-0.1607463459760366
0.9390219919264549	-0.013863438507585205	-0.13524204061684297	-0.3158402985703558
0.9233221604185814	-0.0721753947524889	0.04546348272981148	-0.3744328674280103
0.9899738955183246	0.043578711120639796	-0.04749538100493947	-0.1256852056231465
0.924204658234032	0.07694198046758922	0.04670408004616827	-0.3711393407431799
0.936485030632526	0.06982436611046972	-0.11088197169857748	-0.32530836701613397
0.9558561974486849	-0.059787273191431456	0.1369241845119437	-0.2530141882563365
0.9524023697482918	-0.031127411952058377	0.145793851722513	-0.2659040487147924
0.9766402833578657	-0.08476968925350067	0.09058826461932375	-0.17544692365439737
0.9357734553299671	0.05938684372397393	0.11506892001810362	-0.32796400219869476
0.9303532023854094	0.09553734736857883	0.06385455733504615	-0.3481926615776588
0.9676137319742689	-0.06717601237054496	-0.12439381682147624	-0.20913447203511182
0.9303475527036584	-0.0852304973891509	-0.07704790884613757	-0.34821374647700026
0.9882701921496453	0.04948280434030444	-0.05863437572381282	-0.132043513156084
0.934823844252304	0.07691995159942033	0.10144036607920445	-0.3315079989879637
0.9565684506687196	0.08660223882704271	0.12164996151795426	-0.2503560230513123
0.9911282079179257	-0.052672423401023204	0.012571941471225045	-0.1213772531000287
0.9272291920427582	-0.06760189437092101	-0.07863088400088643	-0.3598516268998039
0.9793178188440425	0.1073281322311426	-0.04519049785191391	-0.16545422518091707
0.9746762290369279	-0.1246992119288142	-0.03238779652446136	-0.18277687416896277
0.9872737076497607	-0.08030417322281093	-0.02025894277379016	-0.13576244393860798
0.9763910341122174	0.06771364596721191	-0.10472113960249757	-0.17637713450290504
0.9682011746375494	-0.13010459956422363	-0.053237611675878364	-0.20694210616921538
0.9935382003712082	0.013430060285034514	-0.008457568787540604	-0.11238303881852052
0.984485068690293	-0.040185356222713055	0.08836673733778172	-0.1461697862193077
0.9886523012214585	0.06789757529065174	-0.02992699451372401	-0.130617462686044
0.9657198088174029	0.06274429196429007	-0.12924705700423605	-0.2162026894821668
0.9738563004959514	-0.10460005452921373	-0.07827761628126317	-0.18583688914246277
0.9552944322984604	-0.14909687573489558	0.010059204388969869	-0.255110724338896
0.9425521411268898	0.1248567104922422	0.066330959803231	-0.3026656023960341
0.9573220083355461	-0.1423301027991035	0.04470824358955418	-0.24754370755228294
0.9604680821998267	0.10157814737632985	0.10761120380018988	-0.23580240004642308
0.9301166612690966	0.004793689641089165	0.11404538849997634	-0.3490754450418173
0.977978177114218	-0.07900035254752527	0.09090170029789396	-0.17045383618056142
0.9294495206855908	0.049064389161806395	0.10058901976256265	-0.35156524759525215
0.9621132105650966	0.009940889387465096	0.14660966610774556	-0.22966269740226355
0.9343978168792565	-0.12582157980984074	-0.010742549996440899	-0.3330979547895921
0.9810343574479594	0.025062793011055344	-0.10792207629619194	-0.1590480158979457
0.9792143011485317	0.03531878668005015	0.11130518809412349	-0.16584055848004586
0.9860047484051934	-0.054193130967104514	-0.07154004755163254	-0.1404982643120678
0.9759322568616443	0.021044873239451856	-0.12408682195999793	-0.17808931451140073
0.9507206956414662	-0.1475268845002949	-0.01685074393873552	-0.2721801419232385
0.9316342001889273	-0.0722700502455462	-0.09435578995517208	-0.34341191269054633
0.9363725082960344	-0.05415493639969737	0.11905813361876262	-0.32572830609290715
0.958071521882258	-0.14592774809361578	0.03005344266960477	-0.2447464849149931
0.9702005253503814	-0.06469072502818998	-0.12138208129338074	-0.19948042772677743
0.9772680607558433	-0.05569378532434993	0.10899695275109988	-0.17310402650930184
0.9306517944250218	-0.016788441110749973	0.11463873172908016	-0.3470783009150899
0.924279819384935	-0.05548781249908806	0.07135574445366993	-0.37085883550925486
0.9257186039890838	-0.07453210929742153	-0.06251129693030387	-0.36548921826542347
0.989222909071099	-0.06847741483499656	-0.015483310506157373	-0.12848792519998808
0.9368834272139266	-0.12828867203729466	0.030513549001556194	-0.32382153073278497
0.9747914358906317	0.0769638418807215	-0.10299429915982061	-0.18234691633755978
0.9671508920291313	-0.14093045306609076	0.017177157713185082	-0.21086181422613776
0.9626029432532173	0.14297484839927826	-0.03232620668728507	-0.22783499012806974
0.9897379878657266	-0.06592785281484505	0.00730590001645752	-0.12656562496853635
0.9707665076870684	0.0865838406246851	-0.10564770854349827	-0.19736815289007478
0.9711840389282266	0.026739759520116896	-0.13321046829258798	-0.19580990508432533
0.9553924440511244	-0.050639992643684115	-0.1405911974311243	-0.2547449394982148
0.9814398502982293	0.09873453837100463	0.04701202763308034	-0.1575346959786324
0.9270969747210925	0.10142812810203321	0.01884053565494526	-0.36034506866190086
0.9715309048871356	0.06730062128828067	-0.11731194622269747	-0.19451538370226082
0.9304374960875571	0.09832890886204965	0.05998614626749035	-0.34787807319848596
0.9358906153119014	0.12667775868339648	0.02806646145272594	-0.327526755193502
0.9673229234667279	0.1402643003681119	0.0204921966984458	-0.2102197841605281
0.9311654760911944	-0.09286033346635256	0.07191349230791882	-0.34516121483801726
0.9459458496800048	-0.0733791389685963	0.1253071739388734	-0.29000010964972733
0.9609001110327513	-0.1469715828646978	-0.015011747791215432	-0.2341900464916139
0.9342231647818788	0.1246171284092233	0.01757110868450782	-0.33374976529065425
0.9863289676546794	-0.07878834649286269	0.039323583287523806	-0.13928826160019403
0.9721599853209748	0.006238028921252206	-0.1339315287405066	-0.19216762356112527
0.9533271288619499	0.14920453626791838	0.004890718583070594	-0.262452800717858
0.9661988599183711	0.1401796327897991	-0.02890860204282259	-0.21441484643393205
0.9906539219869278	0.006636835148138044	-0.058270908234154865	-0.12314731229182774
0.9702891784168346	-0.11923488743076459	0.0682744508870233	-0.19914956997852726
0.9670654358713228	-0.13275395921699495	0.050631252280532515	-0.211180740948899
0.9758263839083529	0.1177453599144725	-0.04519075311641626	-0.17848443775223177
0.972769150703287	0.10293421732468888	0.08405310186951301	-0.18989418740412445
0.9299334032019552	0.08522005350865416	0.07503191831866925	-0.3497593734592863
0.9424399623549777	-0.09121487483237459	0.10782715681589239	-0.30308425927234034
0.9925581410476575	0.0017092399822918498	0.036877880127426585	-0.1160406700084437
0.989356837017684	-0.00828962658433225	-0.06872683300823491	-0.12798809929877963
0.9433900348679728	-0.12381660955298125	-0.07043686631197135	-0.2995385403829682
0.939448762262646	0.058848423396711126	-0.12337483900980586	-0.31424756999252723
0.9353601003006791	-0.10698934967870673	0.07127496116223707	-0.3295066641695621
0.9211628230436448	0.05105044761914425	0.05052784024869575	-0.3824916242219558
0.9538999359045597	-0.05056725403617423	0.14054869924625057	-0.26031505573190517
0.9269659593590005	-0.10256679614330641	-0.003601273881883447	-0.3608340246498006
0.9232424141375444	0.07111604676351298	-0.04629272665594386	-0.3747304846005551
0.9816979336196722	0.1073170952839968	0.015413260271070386	-0.15657151591042173
0.9418788171953668	0.12861683574896388	0.05646324201359859	-0.30517848151842963
0.9558651660696812	0.1321370307318793	0.06973052614967468	-0.2529807169071047
0.9691816851581673	0.13626086960992267	0.028212469126677166	-0.2032827910889138
0.9345779538836271	0.04216146071387408	0.11949740744796171	-0.3324256743369578
0.9853136711715091	0.00038989750421853514	0.09319696931206636	-0.14307739966013125
0.9846479201579101	0.02774490509117896	-0.09225179125716933	-0.14556201626807344
0.9767949844701819	0.07484391319789567	-0.09844074372091148	-0.17486957124324604
0.9210836673304591	-0.04348202111225673	-0.056464817737962594	-0.38278703736527453
0.9747466285686787	-0.09197831260607023	0.08998660440442952	-0.1825141395396398
0.9694554182277628	0.06174277474902573	-0.12423536790797951	-0.20226120536547126
0.9660550589344182	-0.08977645482791641	-0.11168552162248635	-0.21495151901222223
0.9851468648568027	-0.039650228789375436	-0.08522818981103934	-0.14369992930163938
0.9247903199542566	0.08380881641331062	-0.04015185713339168	-0.36895362144725363
0.9823294766030696	0.008748046539338292	-0.10568887781659232	-0.15421456540921896
0.9808050659928539	-0.0393493498095327	0.1044214732914405	-0.15990374325814116
0.9729211186057989	-0.06508982847693484	-0.11551227138062493	-0.18932703547083019
0.9524563321660892	-0.14641421001864852	0.028140928039325275	-0.26570265822987343
0.948115975358573	-0.14699246865458127	0.0010424410687248364	-0.2819010903585014
0.9854305920806974	0.0454671305644763	-0.08070204795037987	-0.14264104488657378
0.9808452354521736	0.11144061473301359	-0.0015256683849246347	-0.15975382879504704
0.9813218347940179	-0.10500402004109943	-0.032022941607102264	-0.15797513583643044
0.9275728145940114	0.08911357189811175	-0.055637815488926615	-0.3585692100799005
0.9532600461354823	-0.006460399839328702	-0.1491328235190946	-0.2627031568613453
0.9761861843216597	-0.1174666635687202	-0.04339302171897737	-0.1771416443291861
0.9228086789500708	-0.060979336121636106	0.05537993765676877	-0.37634920635723673
0.9934113415343423	-0.007963199823728501	-0.018273158732890205	-0.11285648244309354
0.9496008413318886	0.11226958538181532	-0.09632866554674263	-0.276359495103657
0.9758096507638658	0.039934111753176155	-0.1196737291353929	-0.17854688669762753
0.9429347207560692	-0.12351753241140769	-0.069809182577046	-0.30123779578199544
0.9768916628926981	0.04237665524828075	0.1159033644288985	-0.17450876245841962
0.9197210110598448	0.010618435617199544	0.05962720443590635	-0.387872539800459
0.928952651302449	-0.11014506152966433	0.003103369581560385	-0.3534195893778629
0.9629647969090297	-0.14303421715784725	-0.030737087374061473	-0.22648453389967316
0.9666733185134241	-0.04313297683467347	0.13588491489029172	-0.21264414285110655
0.9286865489269889	0.0643929598104144	0.08824103807344559	-0.3544126969630948
0.9312282209261458	-0.07327596531021527	-0.09203241313575727	-0.3449270479260663
0.9701602888136802	0.1358447171062154	-0.02197392479691019	-0.19963059252606685
0.9800902834771585	-0.07108875872167456	0.08910657355968749	-0.16257134792307787
0.9411803982565794	0.13696458438748105	-0.02624012556638476	-0.30778501648295276
0.9657957699048558	0.12487692349440481	0.07087442686085045	-0.21591919884439437
0.9801530542041303	0.09159207190700325	-0.06750965658956685	-0.162337084380791
0.9814572180488905	-0.06870642389103279	-0.08499643388728562	-0.15746987865075185
0.9351441205102677	0.015565937245263728	0.12710896092886517	-0.33031271172078513
0.9239008706925129	0.08025355345742527	0.037138844863486176	-0.3722730912828358
0.9210266666653468	-0.048818194692461916	0.051359924383549166	-0.38299976674353875
0.953497317840115	0.14828701675157197	0.01747413392422853	-0.26181764680445757
0.9278754197179135	-0.07869720276830908	-0.07134909523370973	-0.3574398723828671
0.9668892151017292	0.13782361518107752	0.03541732119184183	-0.211838405814371
0.9428542684883789	0.09190306662993247	-0.10795582664622785	-0.30153804773259946
0.9617805545087601	-0.043551368197811	0.14058698324731655	-0.23090418670595644
0.9195446802769897	-0.008453290234314651	0.05839592347881078	-0.38853061524101296
0.9732034932207041	-0.01790627451404131	0.13079575157968537	-0.18827319906123618
0.9328340494293245	-0.09109609056054202	-0.08152222038809046	-0.3389340143639608
0.9493315470575674	0.10126178886229585	0.10763173178360874	-0.27736451501761117
0.9585031501913214	-0.12089004356010888	0.08684685224581175	-0.2431356261355837
0.9710343183557734	-0.10450694362025531	-0.08723529563713063	-0.196368669867659
0.9714826993264284	0.0789567356509448	0.1099133437195144	-0.19469528930402755
0.9189036989561347	-0.025272914255931006	-0.046439681657049564	-0.3909227900971463
0.9734941110022702	-0.00657301345303201	0.13124953272956674	-0.18718859873484833
0.9818275322123882	-0.0403621169042082	0.1001108406202961	-0.156087847377816
0.9840673681771988	-0.09356940495117322	0.032131334545615724	-0.14772866575652283
0.9904885014294754	-0.04686817361388412	0.03765911900461227	-0.12376467021685658
0.9238785603386233	0.03264633872777516	0.08205709878365185	-0.3723563546570867
0.947285250071018	-0.13787180775919203	0.049155081100873826	-0.2850013993387884
0.9529259627399193	-0.0008215713968253505	-0.14920404241935442	-0.2639499730675517
0.9758006585364793	-0.04268204411266395	-0.11874486163214751	-0.17858044614710739
0.977712080470726	-0.10856855720457653	-0.05383222916315308	-0.1714469223737971
0.9254197541951263	-0.08306180638422023	-0.04795962334676503	-0.3666045408803041
0.983682507008623	-0.0035588572233139423	0.10052793908487098	-0.1491649871915079
0.9409714144819179	0.11442405328511905	0.07916818794519859	-0.30856495454794686
0.9213848125065485	0.056700541673161645	0.0465651920501234	-0.38166314826765435
0.9882182212914374	-0.07655591372236006	-0.008785808717371571	-0.13223747103942857
0.9741419199395919	-0.09599540508271111	-0.08770462183596735	-0.18477094286716686
0.9358365663092347	0.08574379451727465	-0.0972212609814488	-0.32772846881755274
0.9573948810172249	-0.027287075568807037	0.14665313641985478	-0.24727174300177393
0.9795099762871875	-0.014744498891819644	-0.11491083201412995	-0.1647370838400473
0.927256503111831	0.10180367940459314	0.020286478575106393	-0.3597497006024152
0.9668755286146088	-0.06396412823082478	0.12713437313656034	-0.21188948447968156
0.9818505504871099	0.08894447581465535	0.061006317871542474	-0.156001942007052
0.9898645144982245	0.0455701202609986	-0.04681940003780908	-0.12609342114754374
0.9291140088478169	0.10511262683180617	0.03490530268349915	-0.35281739482036517
0.9519048360027877	-0.037896879381557995	0.14403168492097515	-0.2677608699314935
0.9791791418593326	0.10273018819942027	0.055750215890884205	-0.16597177473369454
0.9366304213950146	-0.10924108601080203	-0.07291803020849527	-0.32476576130357515
0.9722896909846095	0.021724691805708088	-0.13205381155810092	-0.19168355543441123
0.936469992903706	0.11277874310195124	0.06665476024764094	-0.32536448858412054
0.9323551456172005	0.055621537585704706	-0.10737372798516667	-0.3407213077227462
0.9788578144351556	0.11010478648174965	0.04204969542060469	-0.1671709850065886
0.9797278641536828	-0.02949269578148993	-0.11132135062457658	-0.1639239152519339
0.9833927913661705	0.08509878150620609	0.055882809914285896	-0.1502462206888881
0.9714952019004702	0.0050206266778448985	-0.13521751808188193	-0.19464862906247782
0.9655822013691882	-2.7137562497177303e-05	-0.14382308488184925	-0.2167162474704042
0.9173053225935304	-0.01116882202296509	0.030101637374265765	-0.39688801189200296
0.9396308126487724	0.13691742094332893	-0.004750987566448383	-0.3135681487019662
0.9708311338478334	0.11049746515701102	-0.08011354132952879	-0.19712696477460212
0.9804085764918208	-0.05963885838812122	0.09590415962362923	-0.16138346222066408
0.983482879643378	-0.07859744785826576	-0.06411596167398474	-0.14991000666118356
0.9920286789222598	0.037682273609072864	0.023048142610127744	-0.11801664956111135
0.9537690423373428	-0.13919348165346976	-0.05414141768447968	-0.26080355717514236
0.9627742314848857	0.12944768504963283	0.06849214985796455	-0.22719573374474433
0.9405910134509062	-0.010887611469533764	0.13812868699674807	-0.309984630522934
0.9641367204499471	0.0372170154152862	-0.14043520150857414	-0.22211085570238312
0.9903756779192551	-0.05548061693824248	0.025609009694440056	-0.12418573328928725
0.9871582844872514	-0.07361881095851237	-0.039372602798649944	-0.13619320904546306
0.9355577537066764	0.11894882414242464	0.04993799871271352	-0.32876901161609073
0.9365042809866534	-0.05506546115244375	0.1189484355616672	-0.32523652371646683
0.9317423708855601	0.11917005892191437	0.00012796648873093092	-0.3430082141548223
0.9773257460238528	-0.1118477311374462	-0.04933511967418235	-0.1728887421582418
0.9187009264255035	-0.020091449473192666	-0.04660550960820965	-0.3916795474838415
0.9234864037582997	0.07579515913004836	-0.04106867531840099	-0.3738199029393766
0.963907250342181	0.07236536571426071	0.12622072768738185	-0.22296724980338445
0.9580537480631269	-0.0523952676270119	0.1394791598658089	-0.24481281771103483
0.9295779001749558	-0.10573465499234058	-0.03799526801268681	-0.3510861288182926
0.9356188003323179	0.11886555185703122	0.05048893386641945	-0.32854118250756614
0.9402009339135159	-0.10501041420570245	-0.08944203205015742	-0.31144042717546794
0.9854942885060876	-0.07234520576059418	0.057345192485714055	-0.14240332659075702
0.9350620132034464	0.1240984556749477	0.030815398579665306	-0.33061914036151485
0.9549676515265487	0.13247497546362103	0.0691516412800707	-0.256330286782607
0.9380994633866336	-0.044606913869316575	0.12664061042358893	-0.319283221952401
0.9416790236562547	0.06251928654860123	-0.12546867062863482	-0.3059241211574201
0.9847482322104708	0.07971413132022562	-0.053264657170515636	-0.14518764659130534
0.9697908204923514	-0.09765318785974508	0.0977998647064926	-0.20100946707305323
0.9592172463905273	-0.11445466427704777	-0.09474335249208835	-0.24047058283865502
0.9524204849276283	0.14905613212567453	-0.002911271185124943	-0.26583644194512024
0.9182967995430947	0.034337023102175936	0.03090848874041903	-0.39318776954169515
0.935878713348131	0.03080405035478185	0.12601297709232887	-0.32757117392700336
0.9425378906437804	0.13501151604741757	-0.04189930649351202	-0.30271878592303075
0.9423607692169066	-0.03057415774012795	0.13777550993306886	-0.30337981208723275
0.9823087941342953	-0.0965563521111175	-0.04404950233354797	-0.15429175343351054
0.9321083192049965	-0.07795619252998562	-0.09152776415538938	-0.34164247643374135
0.9345639996291122	-0.05600824560855969	-0.11362988704917833	-0.33247775232378907
0.9667321555722639	0.1390951923183854	0.03093983165924625	-0.21242455995814855
0.9511047179770286	0.0994665337876063	-0.11046407828868984	-0.2707469510556788
0.9386085818750751	0.03747950539771593	0.12991205762933555	-0.3173831658864646
0.9679089971714842	-0.12270327250650602	-0.06941575965601814	-0.20803252731739774
0.9348408680410071	0.12723838815486282	-0.005245037005852698	-0.33144446534358657
0.9788443383776939	-0.022331602953041214	-0.11576746005065747	-0.1672212783377212
0.924709694776392	0.01987253143607425	0.09037789162749055	-0.3692545187074137
0.9414988039434975	-0.11301905388263855	-0.08249335050002203	-0.30659671028195545
0.9379442653466217	-0.11655893139890142	0.06604995971260123	-0.31986242892296046
0.9440091825978353	-0.11210411141545769	-0.08907826220928634	-0.2972278495977305
0.9220245215974516	0.07616008991784075	-0.014844170711874258	-0.3792757214383404
0.9828922004222512	0.05182540593493093	-0.08999023994806442	-0.15211445152540382
0.9469795557392636	0.1339082839353132	0.05848842660809751	-0.28614226611648186
0.9673978866705069	-0.14118484093880102	-0.011548096510071812	-0.20994001767532702
0.927746185860557	-0.05303847024049337	-0.09146391950523165	-0.35792217970457973
0.9764034609482807	-0.09959644702217328	-0.07499528887224438	-0.17633075691933955
0.9259240740655517	-0.09819450247408143	0.0001562974866525721	-0.3647223935006101
0.9859393777688047	0.01699252956925054	0.08846706595969973	-0.14074223084839357
0.9711658004713013	0.104287874339544	0.08713694608141563	-0.19587797193222195
0.9654118488718861	0.13588858722625458	0.047669245358612486	-0.21735201164553158
0.9245354434526094	-0.09129755856823445	0.008329690986006432	-0.3699048335010564
0.9281009954798145	0.07562975146035425	-0.07580594035936108	-0.3565980121784967
0.9490668995451582	-0.11425113573398248	0.0934813074066137	-0.2783521929800189
0.9314445780270394	-0.05923584123449145	0.1023905240669215	-0.34411959223295274
0.9271452379521883	0.10142236840092081	-0.01991033109204197	-0.3601649478313141
0.9226411803239082	-0.05830674210388845	0.05677973628059546	-0.3769743197402738
0.9178223464705999	-0.007457198103241367	-0.039425262248404556	-0.39495845251405304
0.9543178054329564	0.06515952364550306	-0.13445196326495598	-0.2587555454209935
0.922036849262095	-0.05631927031637091	-0.0534884327490382	-0.3792297139675528
0.9445773199274778	0.09482166667404587	-0.1081391817801619	-0.2951075322178277
0.9326185354816963	-0.11916271754725098	0.024510929378951204	-0.33973832336624926
0.9436011600366192	-0.0640199499132691	0.12753967814174283	-0.2987506105268232
0.9391786729614005	0.01625997487498238	-0.135251496332275	-0.3152555569873563
0.9747848662279072	0.1007585667140931	0.07989265066013179	-0.18237143465263633
0.9814696717460315	0.07597347584850161	0.07850596973741455	-0.1574234008202797
0.934905635476247	-0.027256343929346546	0.1245523298577812	-0.3312027499845951
0.9731182319118414	-0.12480672223913726	-0.04355999517456566	-0.18859139859783153
0.9187910027236108	-0.03599835681719852	0.03711565692228145	-0.391343378162747
0.9764734467499145	0.0038192524541019214	-0.12443684706593454	-0.17606956635183366
0.9277611020601945	-0.04215893304735953	0.09702330482633478	-0.3578665116896769
0.9923318252153045	-0.036766001923785076	0.01623694048395508	-0.11688529219334212
0.9717458111976714	-0.094494885687886	-0.09620777495739034	-0.1937133424324738
0.9909491339221469	-0.03137715224773624	0.04626195013110799	-0.1220455663505895
0.9261271719700263	-0.07553041381217714	0.06413671016159618	-0.3639644218022003
0.931974997400827	0.05648628936878976	0.1056981373452297	-0.3421400401806587
0.9806477092396393	0.06991668380070117	-0.08766050691096682	-0.16049100665605204
0.928397032779481	0.052429926345221006	0.09462899715904782	-0.3554931859352057
0.9823737298573909	0.09348273322835714	0.049715317036614345	-0.15404941001569167
0.9734076644295824	-0.0068645886138820715	-0.13141513602276883	-0.18751122173625964
0.9692587263055971	0.13874561278979822	0.00894968865440731	-0.2029952696124323
0.934292573832097	-0.031978547839855966	-0.1218962421052361	-0.333490727188735
0.9212596270899212	-0.06033722454682646	-0.04020593281211418	-0.3821303466028745
0.9463088085773976	0.05325294689447793	0.1354530223842543	-0.2886455286035982
0.9246695650583152	-0.08009399245266496	0.04595239013629328	-0.3694042848541695
0.9465713220499224	0.14008975597790427	0.040323336058495286	-0.28766581498646443
0.9520161626653711	0.14071732987380503	0.04889069285254112	-0.26734539317049516
0.9786214524888217	0.11831923298814953	0.007665995148517877	-0.1680530997992824
0.9792145822988861	0.051453095303768084	-0.10482670452222753	-0.16583950921263843
0.9259252772024964	-0.09406900031157416	0.02818253371640581	-0.3647179033324039
0.9420210414993113	-0.1380406824670401	-0.027035354456251888	-0.3046476931900375
0.9251143036624963	-0.05239143053890436	-0.07862981312659917	-0.3677444977872788
0.9241738953091161	-0.08672501082313497	0.023489150150255777	-0.3712541495419555
0.9465771964940999	0.05425003905060545	-0.1353127346551089	-0.28764389126232803
0.9699496509671756	0.054358360583422964	-0.12679112000806483	-0.20041670367121897
0.9619392779556747	0.048843531174277026	-0.1387213008004615	-0.230311822737719
0.9327200400794989	0.10357619658330162	0.06434614227022233	-0.33935950305004775
0.9657398192162142	-0.14342295259896995	0.008071040185610116	-0.21612800965712353
0.9324475601606572	0.0744985237129238	-0.09557936860146342	-0.34037641195120727
0.9719098617052498	-0.027809029052820934	-0.13164286812306647	-0.19310109760318386
0.9863055858436048	-0.08664742012630931	0.016370073626304032	-0.13937552370709744
0.9269548428856849	-0.057473452646876616	-0.08497285688722352	-0.3608755118930152
0.9582666343828956	-0.12371167535961107	0.08291888011685569	-0.2440183151494219
0.963425446529278	-0.08277271091548162	0.12016912042581279	-0.2247653661124193
0.9794600440233767	0.11577463628409022	-0.007383549916672269	-0.16492343358552608
0.9318385565772185	-0.09210131778882162	-0.07606409889811097	-0.3426492442665924
0.922160791703457	-0.01709216081089988	0.07656875976151142	-0.37876715447917564
0.9354484277386504	0.009837724448015332	-0.12838203384683836	-0.3291770216833505
0.974167264061583	-0.013704219845114274	0.12924774287242885	-0.18467635731622256
0.9632517523754089	-0.11118976715754453	0.09471855929595568	-0.22541360151963633
0.9354388929166029	0.12042978532539916	0.04549510297491194	-0.32921260612367315
0.9849795533664081	0.011251997761836892	0.09412308772736419	-0.14432434428448204
0.925481866633939	0.07402281708050248	-0.061440676991807434	-0.3663727341028733
0.955283180011641	-0.1090024597031915	-0.1022232851928733	-0.2551527184450072
0.9343698845540716	0.12047768431341212	0.03760771957615462	-0.3332021996463558
0.9278091915019334	0.09325466263477764	-0.05033541368698469	-0.3576870394497994
0.9800459967765619	-0.08291873867973791	0.07842905609328438	-0.16273662813980416
0.9818631018075498	-0.006537918738403002	-0.10761092770190524	-0.15595509984146827
0.9832543022513942	0.03503384312170163	-0.0961982532863021	-0.1507630691015286
0.9297229529306904	0.08699414831781647	-0.07187212927967673	-0.35054478456411275
0.9921042486265057	-0.03652830541503904	-0.023095499817809798	-0.11773461958535261
0.9257553709138774	0.04523914569087093	0.08630369276477057	-0.3653520022340557
0.9288831437566897	-0.0013347375548525275	0.1099340355236725	-0.3536789950701463
0.9922515513079673	-0.038348531237573	-0.015295533046895283	-0.11718487849404677
0.9821726429523869	0.0344350786422674	-0.1009362324006764	-0.154799876561903
0.9701518836910428	0.03955477415575197	-0.13181746391673016	-0.19966196087079383
0.9434657478808864	0.09720631749401663	-0.10425533798935323	-0.29925597557198036
0.9271511757823725	-0.07962359937959954	-0.06593900397188183	-0.36014278754738016
0.9581873908718161	-0.08140933626836394	0.12474007376740444	-0.24431405595894057
0.9711814328631445	-0.09700458657655028	-0.09513888132519527	-0.1958196310516193
0.9859289856535995	-0.09010195211280074	0.0025257393753268763	-0.1407810147503369
0.9810234344819622	-0.08377325026725244	-0.07256599278515315	-0.15908878096201684
0.9257846304484801	0.09058907590712928	0.03625094975104846	-0.3652428041643125
0.9265486034374038	-0.06903230876009386	-0.07358356411009642	-0.36239161815403936
0.9829334577048319	-0.10228870190238853	-0.016936721681253233	-0.15196047725063055
0.9249996130824306	-0.006675630902467169	-0.09370240521355214	-0.36817252885923313
0.9750426715402458	0.03873765581489428	0.12199119405536472	-0.18140929212852752
0.9882108793251775	-0.05761269260625854	-0.0512448960050985	-0.13226487163053827
0.9570980576863696	0.11197050976038585	0.09865868197453703	-0.24837950275339787
0.9815346713450862	0.04637899986636777	-0.09865529612207571	-0.15718081901413578
0.9433048903307554	0.06367085824607702	0.12731104652257688	-0.29985630412185055
0.9808449951986058	-0.04650543282200442	0.10128557554523696	-0.15975472543356906
0.9821118396774288	-0.03246398956497067	-0.10182885549838065	-0.15502679747331372
0.971668162720981	0.08112507427435545	-0.10790036717954027	-0.194003130492613
0.9581703508229868	-0.025040480484203403	0.14684044804178117	-0.24437765028693498
0.972335170898757	-0.12525343062546984	-0.04688655991411059	-0.19151382208408918
0.9286403098848341	0.1090089667491475	-0.0036757301690780314	-0.3545852634177095
0.9363481294509085	0.10471880340143487	-0.07828118219079165	-0.32581928918154673
0.9881837013695638	-0.07727528154668276	0.0008158011309501306	-0.1323663011417346
0.9800901216599115	-0.07776053065719322	-0.08334874788318027	-0.16257195183326556
0.9614025556735942	-0.12823344480181176	-0.07273993365663389	-0.23231489756399742
0.9916939268109245	0.03435166556110615	-0.033745355817626554	-0.11926596144855547
0.9936013610015884	0.0018904703432391396	0.013256701089762126	-0.11214732013690387
0.9600123322340036	-0.13533630079454992	-0.06043673261976716	-0.23750328207442298
0.9346777882649013	-0.08704624970476635	0.09241823259207882	-0.33205308735370015
0.9365389576183135	0.12798544060450628	0.02863347144088868	-0.32510710876527565
0.9351768066102356	0.11241220688363263	0.0614973242710694	-0.33019072553500395
0.9733598529183201	0.037570676719673984	-0.12622057572331263	-0.1876896567254775
0.917281944283022	0.0007015034588980134	0.03168571904107864	-0.39697526093461516
0.9279306985906802	-0.08775400820893459	0.06023313011629691	-0.35723356882111673
0.9773689650386109	0.07151579366231851	-0.09899811426226815	-0.1727274465993118
0.9334730511757949	-0.008002869856156385	0.12368764834265687	-0.3365492273800081
0.9438006739710662	-0.013959987270318004	0.14225969898941146	-0.2980060143866494
0.9434198634435661	0.13423058445733244	0.04779594338287059	-0.2994272186233364
0.931197794369374	0.10522108404867622	-0.0524039562561274	-0.3450406013818377
0.9427482469379581	-0.09257196189110234	0.1072016797688977	-0.3019337255454676
0.9303655422572684	-0.0930060270809203	0.06755572265060418	-0.3481466085489224
0.9270117228694882	-0.10126792204835111	0.017779371702283518	-0.36066323290352775
0.9500475653137391	0.018697170304425775	0.14698360658691598	-0.2746922985064317
0.943632929952903	-0.13119058113300866	0.056256799363899684	-0.2986320435850996
0.9511048380591449	0.06365418986399217	0.13432818877278765	-0.27074650290311936
0.9392325276016424	0.08675696052291748	0.10514802716097765	-0.31505456873374993
0.9834585803228667	-0.09465088884174101	0.03674536899179717	-0.15000069295992116
0.9771334186981429	0.11238364707735236	0.04940622441661678	-0.17360651750947553
0.9733488357683588	-0.10769244574015224	-0.07583889371055676	-0.18773077328888732
0.9402200373486487	0.08478991988015744	-0.10884031595512429	-0.3113691321849531
0.9759108666654095	-0.027777517544970813	-0.12280938904346742	-0.17816914381053295
0.9542118512648107	-0.14796782812983955	0.020640702029702116	-0.25915097175978735
0.9885173003521948	0.02897129365151961	-0.06929226238083434	-0.13112129278920262
0.9921189160102212	0.0395038020108549	-0.017057312975700085	-0.11767988016411235
0.9436503411180607	-0.12197931195092801	-0.07418078807591251	-0.2985670642321125
0.96905386322037	0.12088055159603098	-0.0693140280675855	-0.20375982905509504
0.9269101017829314	0.033764243971248296	0.09667451023019118	-0.36104248796167776
0.9762288037617359	-0.0741755307542465	-0.10075950302412177	-0.1769825864134318
0.9440083040892662	-0.11875040882059301	0.08000199136770773	-0.29723112823634534
0.935039246027188	0.1184114959354836	-0.048115678952319746	-0.33070410862005617
0.9294560887427412	0.07919873679589995	-0.07910784179345393	-0.35154073527225976
0.9689154649215589	0.09334081359106194	0.10373761067005133	-0.20427633853793944
0.9430612775741586	0.1213733625107557	0.07378387405357753	-0.30076547930684183
0.9818476037705908	-0.0887655423979242	-0.061285595557575546	-0.15601293930281687
0.9601950649253562	0.09787957235985378	0.11117864750071037	-0.23682131438609108
0.945909829862034	0.13004099711214878	-0.06454365208646062	-0.29013453744047424
0.9733853202123489	-0.07324753459435474	-0.10938043157156213	-0.18759461149023016
0.9726790777380891	0.11509963363235305	0.06678249906126749	-0.190230344286631
0.9181557915429562	0.04125152642586797	-0.0166590999469332	-0.3937140185624858
0.9426317279653902	0.11347722877960426	-0.08450790286299324	-0.30236858027113656
0.9851562002021335	0.05560273875158244	0.07573598060174368	-0.1436650893185586
0.9854117063120792	-0.03129553463554878	-0.08727988590582385	-0.1427115275345967
0.9842984149323005	0.06339421151212256	-0.07461949157640815	-0.1468663875275591
0.9382427840935597	-0.10030292679515442	-0.08966211896504739	-0.31874834179237604
0.9600865580349726	0.07004084340036289	-0.13058246164882978	-0.2372262676139744
0.9296765098375718	-0.09113483712326279	-0.06627845841608271	-0.3507181125472922
0.9278165064385328	-0.10586467268446266	-0.005358360800997525	-0.35765973973475673
0.9362084257230803	-0.08897009981329877	0.0953932474654894	-0.32634067059180827
0.9715162379691019	0.1309050720146362	0.03409588460822389	-0.19457012138555282
0.9829934809596286	0.08669209344071106	0.05642997237666245	-0.1517364674140935
0.9242514955481873	-0.08634070907270644	0.0262633561872114	-0.3709645415070622
0.9305913367822664	-0.10231850866972894	0.053950584515437494	-0.347303931909559
0.9448630081836729	-0.12291788730244904	0.07526476938331407	-0.2940413291305823
0.9846928680868526	0.09484085751150802	0.01567399205477275	-0.14539426831356514
0.9445306009743514	-0.11005402413644658	-0.0925130325688792	-0.2952818897245721
0.9764493295500603	-0.06216953886792067	-0.10793266470472597	-0.1761595729670261
0.9294875427755425	-0.10987648348267609	-0.021947601887814094	-0.35142334722374274
0.9251710953697804	-0.04903159452508295	0.08108127408526136	-0.36753254825024584
0.9789356853776771	0.11669978010910001	-0.01473188477917274	-0.16688036669266515
0.9818096026402636	0.02183848571801166	-0.10577653416896654	-0.15615476145194296
0.9394653298396329	-0.13628545523935084	-0.010885318451235852	-0.3141857389534536
0.9781417550919633	0.032047047011955425	-0.11560678411960292	-0.16984335485661667
0.9697309623741268	0.13826485719337409	0.0031663367403146	-0.2012328606115127
0.9375878947519315	0.09743350557889416	0.09094547596259828	-0.32119242208866794
0.9805073553470877	-0.07503012344208632	-0.0839644936477131	-0.16101481451409477
0.9235686732458812	-0.009828244402276889	-0.08609557525470037	-0.3735128690318099
0.9541077023062423	-0.03969762821881902	0.14401998159985147	-0.25953966096471975
0.9382197097903285	-0.01607090381324882	0.1335293664710931	-0.31883445626438406
0.9306948785515771	0.10030330050623937	-0.058262621440859835	-0.34691750876578614
0.9743079928073538	0.08801471372246465	-0.0952139648076971	-0.18415115048692057
0.9777375922558602	-0.032988224540740615	-0.1165314070798617	-0.17135171109548472
0.9401104969807695	-0.11438412954642216	0.0768312371708682	-0.311777942403358
0.9711674713576943	-0.07337631826536549	0.1143849705685324	-0.19587173609930963
0.925996925457255	-0.040710002846696375	0.08971185336954723	-0.36445050840537135
0.9750388239892628	-0.043527233632657356	0.12037495738033871	-0.18142365138428077
0.9238139893679188	0.051794641864243	0.07110733247350583	-0.3725973368004499
0.9843273325215104	-0.062353988083917566	-0.07532353809622327	-0.14675846561539563
0.981504888166706	0.0647965743768969	-0.08779973919669176	-0.15729197134906156
0.9661656115417524	0.14246217504645406	-0.014198127087148016	-0.21453893106474192
0.9416401802793269	-0.09512030819841528	0.10289612272209205	-0.30606908661365195
0.975479857145828	0.05241256197883094	-0.11563715953038797	-0.17977769323615697
0.9858860178449397	-0.09033620132667412	0.0019131080150399	-0.14094137279534574
0.9301449348169248	-0.1128436310078196	-0.01779621917904861	-0.34896992672481236
0.9346427569396601	-0.12332432624287679	-0.029798207577405183	-0.33218382603935664
0.9364505575636174	-0.12226146778455296	-0.04693859047718008	-0.32543702226079374
0.9841860723628519	0.006192665022203999	0.09821589225055953	-0.1472856557045941
0.963691209931209	-0.14142207529541329	-0.034992265701955697	-0.22377352359362024
0.9799064142687636	0.11418249370390665	-0.009630547214948399	-0.1632575571507554
0.9712054562493967	0.05677154114990278	0.12339664066792957	-0.19572997455355648
0.9334501242113463	-0.11216287745836509	0.052605811097508635	-0.33663479197619334
0.9508534397007619	0.133879094880902	-0.06435471454771229	-0.2716847343495442
0.9427368461819456	-0.12479141397080928	0.06696769328918567	-0.30197627374615066
0.9698362144057376	-0.002575216171076679	-0.13810994867921358	-0.20084005468194124
0.9639977158282708	-0.12952059345076397	-0.06609741659737223	-0.2226296280129665
0.9772881797063526	0.12200183399008133	-0.009184317645279442	-0.173028941563806
0.9357865996857994	-0.029129164323842115	-0.1262011065830425	-0.32791494679489597
0.9324424624895273	-0.04492026308355408	-0.11253519792466829	-0.34039543671886424
0.9540099303880183	-0.06887597494691236	0.13255480868468492	-0.25990455073108526
0.9750096743567667	-0.0999270094777768	0.08010431431321766	-0.18153243929377832
0.9271969797308678	-0.09941267854187523	-0.02903706275782697	-0.3599718448844081
0.9416304708294034	0.13848467346065815	-0.021297487914471017	-0.30610532277408004
0.9835446939130676	0.10041199615926359	-0.01238424251115818	-0.14967931266606907
0.9371922092519602	-0.1178429216738375	-0.06056760282319109	-0.32266914047837914
0.9271952184931395	-0.043800674629176334	0.09384064333898057	-0.3599784179130945
0.9254475707662576	-0.016413039231507408	0.09462886591429406	-0.36650072802354977
0.9301110249069693	-0.11396841163170675	0.006027436148856102	-0.34909648023164663
0.9490465247303113	-0.001771240268589075	0.14759835965081028	-0.27842823282422274
0.9450930654026332	0.09646891566981146	-0.10740914633380962	-0.29318274390077464
0.9596051965358934	0.1092451027815545	0.10045649466392992	-0.23902273318534514
0.9236692508929685	0.08719344880903698	-0.0009041330705217981	-0.37313750814277424
0.9207829948448683	0.019363958045493346	-0.06631341184824097	-0.38390916235793754
0.9359621375140016	-0.06474868631151631	0.11262099258330194	-0.327259830701395
0.9741058361504139	-0.12520384455849098	-0.035379837439689255	-0.18490560940170847
0.9917996754732313	-0.026833620098586575	-0.0385094028551131	-0.11887130206799393
0.9696499398204962	0.0914216705195011	-0.10394526945286021	-0.20153524089822117
0.9837206527586063	-0.02044240570024786	0.09832620469513075	-0.14902262531447769
0.9313814061693207	-0.04705566017935259	-0.10832281419170256	-0.3443553528155673
0.9256615517868775	0.07855487060852157	-0.05693653185110509	-0.3657021399827411
0.974128430033533	-0.060241149199607796	0.11526446672398849	-0.18482128788196803
0.9802942912334264	-0.10038850564009003	-0.052562160200985995	-0.16180998061154817
0.937382154562238	-0.048100347334102775	0.12386543965189481	-0.3219602549297631
0.9733449679419001	0.11601373168514915	0.06238689153535962	-0.18774520821374613
0.981375528651997	-0.10957982246846878	0.001209661504879958	-0.1577747476303981
0.9684016494502857	-0.04088354205888338	0.13420449710574806	-0.20619392398244563
0.9760301168058271	0.07193376219949688	-0.10298004934880503	-0.17772409622768467
0.9778694157896594	0.11611586611669425	-0.0330977476327581	-0.17085973896971304
0.9886949076051906	-0.036602030033697504	0.06421263881890467	-0.1304584534972292
0.9708336765389356	-0.04064798553721799	0.1302858959836142	-0.19711747532222032
0.9793997880178702	0.09074602898740977	0.07257581193105991	-0.1651483120595376
0.9795805579625878	0.09412608341586831	0.06716117139378203	-0.16447366944137007
0.937226792566844	-0.07501378352014132	0.10930129174127466	-0.3225400737901385
0.934293097898947	0.08679403519743006	0.09136980934416396	-0.33348877134462396
0.9878770949484148	-0.07818969799569367	-0.01265478561624099	-0.13351057188338916
0.9431369671473312	0.13793306022312454	-0.03430885632334182	-0.30048300197415834
0.930629524520275	0.07624427928747876	-0.08714614771212467	-0.34716141333108474
0.9482466418958524	0.14112059862375642	0.041469997612717094	-0.2814134362025255
0.9720104491416942	-0.10519551800670476	-0.08358465314206996	-0.19272570017977048
0.9778371307121423	-0.11938194554722134	0.01866168088575176	-0.1709802285193328
0.9327332277995449	0.11097750126121535	0.05060879288038266	-0.33931028580880007
0.930851882951451	0.039738942733822336	-0.10949903528750604	-0.34633156036844454
0.9618833063995142	0.14232915668656015	-0.03719028944573681	-0.23052071142908848
0.9815280754403908	-0.06062029267004396	-0.090632600987944	-0.15720543526558095
0.9470500988451787	0.1453139313792667	-0.015911362740172193	-0.28587899566108316
0.9525348587979156	-0.04301527820323016	0.14277526620199749	-0.26540959285015003
0.9883825007889349	0.04081842775843915	0.0641008025558648	-0.13162437160812637
0.9773251683770516	0.10458530899013523	-0.0632942793695048	-0.17289089796545293
0.9869472740666225	0.0828109132039226	-0.017712023456517616	-0.13698071065617684
0.9501569255383748	-0.11655407744624924	-0.0915705363672634	-0.274284160591764
0.9436613632680158	-0.09141951536064838	0.10967211767811877	-0.29852592900847147
0.9752103770524937	0.12681216954820912	0.014168769482651777	-0.18078340663610887
0.927698645309423	0.08272573309188967	-0.06554655276618761	-0.35809960345683145
0.9402814921225922	0.019260237889666652	-0.13671794397731982	-0.3111397798462285
0.967202981008964	-0.024824216223575127	0.13971897458794572	-0.21066741550688772
0.9825918776151923	0.06742728194685044	-0.08053393857390889	-0.1532352715000195
0.981903715796479	0.09268228513740243	-0.05477543333510339	-0.15580352637128647
0.9431618073259468	-0.08955211166825089	0.11041690933111548	-0.30039029716549587
0.983128385072277	-0.10176334780360248	-0.01521117025198267	-0.15123299841153992
0.9350894058802722	-0.12153955289006671	0.039931348943316555	-0.3305169094998456
0.9643137391181366	-0.1349511635312542	0.05335727836597143	-0.22145021303881202
0.9732716531847497	-0.12905147202115663	-0.027146436592170475	-0.18801882261237596
0.9743579862810925	0.06917030654361847	0.10954003560495199	-0.18396457230288088
0.9504598723622676	0.09947389749641465	-0.11008230625560347	-0.2731535476530044
0.9787675993823453	-0.08198608091030132	-0.08504968372303283	-0.16750767216728432
0.9771417208528786	0.11011752305986552	0.05421920944375473	-0.173575533446189
0.9336271990798343	-0.07342324037476179	-0.10035333995865522	-0.33597393957025284
0.9270225262842737	-0.03973795126271142	-0.09487489067941304	-0.36062291401065294
0.921105058760801	0.017537383284454207	-0.06923227088808824	-0.3827072034603919
0.9266970813597624	-0.08136273603154937	-0.06071453441057108	-0.36183749100399454
0.9656414474239361	0.1080882803182355	-0.09478066162234841	-0.21649513818393715
0.9484644425068612	0.11471292192992284	0.09230088789740334	-0.28060059325632086
0.9329812020643423	-0.09619673092861099	-0.07607871040673589	-0.3383848332536066
0.9365351609645586	0.0864460550019022	-0.0986160554769551	-0.325121278069988
0.9444890492950807	-0.12873395093134643	-0.06391405720382619	-0.29543696270275016
0.9691234560873194	0.06994353965999155	0.12039657557710166	-0.20350010493979526
0.9282016651118684	0.05097881136760245	0.09459649549781667	-0.35622230799689214
0.9233831799643858	-0.007907504093894145	0.08527302033675624	-0.3742051393828135
0.978689849441213	-0.012655580515988842	0.11768559871004482	-0.16779783889787542
0.9327841332318201	-0.03372895728657162	0.1173607155103377	-0.33912030414916816
0.9704869247882552	0.12991208839669013	0.043713004995488705	-0.19841157047337327
0.9814793172476214	0.04179881295785366	-0.10089803926333628	-0.15738740331828144
0.9651922230026068	0.07816983227954523	0.12122117757303931	-0.2181716665483389
0.9466329363074961	-0.05648630885988594	0.13444702642446202	-0.2874358674467288
0.9815460589909193	-0.030521091316893383	0.10461044657728498	-0.15713831974130826
0.9753920262618747	-0.11790918292720282	-0.047642783702338334	-0.18010548255754444
0.9792423555432843	0.046736338647164734	-0.1069193580002373	-0.1657358580534534
0.977773070970236	0.0662960213765826	-0.10123541676425327	-0.17121930273084693
0.9716032459688883	-0.021243069905572252	-0.13343383294525685	-0.19424540310968536
0.9511540963697676	-0.08632923248786602	0.1210330163771754	-0.2705626683851808
0.9477600604323949	-0.0772989354523079	0.1247271384384922	-0.28322938294616984
0.9376536237869355	0.12250800089032221	-0.052824416425328743	-0.32094711799050024
0.9417925800776651	0.12073856865224605	0.0715436014286934	-0.30550032282319095
0.9518417512921009	0.005147189826788294	0.14882461924014093	-0.2679963052769578
0.9500255036745145	-0.13854634907950528	-0.05249144900872875	-0.27477463366491595
0.9760553737321525	0.05895636379918972	0.11084988004002823	-0.17762983609539543
0.9226833561536419	0.07686264208138172	0.027505804657151033	-0.3768169174008561
0.9776084648262178	-0.10725841322765556	-0.057013409906871	-0.17183362122356086
0.938454879492395	-0.07755932437114096	-0.11041045885558864	-0.3179567909878711
0.9673562683587642	0.08837155079198344	-0.11078026660801472	-0.2100953393292758
0.9207437340523655	-0.06518765573597135	0.02197216598319554	-0.3840556856303028
0.9812666262059972	0.07709361421894857	-0.07842893697334255	-0.15818117709193752
0.9887273092901079	-0.07335505175048057	-0.00703369338372967	-0.13033752876286694
0.9482556655349949	-0.11335164379384315	-0.09374448549606526	-0.28137975952277655
0.9390551952448032	-0.08889891908862839	0.10293438950490191	-0.31571638209929986
0.9256890996482181	-0.06605866467358296	0.07122551188630308	-0.3655993299645782
0.9779240571354405	0.11229631029007073	0.04393939101905084	-0.17065581469106353
0.9486277135695269	0.12740007364329245	0.07402417232414768	-0.2799912573550469
0.9293036997521975	0.10859947819619627	0.024894096429277344	-0.3521094587274832
0.9295238232546972	0.07824229154200912	-0.08037651626655727	-0.3512879466322143
0.9382906260740036	-0.10971899640535279	-0.07801108754307279	-0.31856979309062483
0.9339091082389552	-0.08352049873736964	0.09308847808557683	-0.33492184026529453
0.9308923073194746	0.1146735329530153	-0.021175923081957294	-0.3461806945731168
0.9294112798389988	-0.06849953756173069	0.0883402176541766	-0.35170796437765767
0.933774339701512	0.049378746690564065	-0.11453131984421672	-0.33542480329429414
0.9638114778741012	-0.027425326072179644	0.14297333673962795	-0.22332467752022508
0.986706880930144	-0.01018078093458283	-0.08541414270295578	-0.13787787005530536
0.9320368846158646	-0.10671607336735109	0.054928230914514486	-0.3419090739497991
0.9833146619990384	0.0007519106723598047	-0.10212776242786822	-0.1505378034565884
0.9805689532198156	-0.015012801696764291	0.11138828778175111	-0.16078492812343595
0.940306955658793	0.1291286820314298	-0.04898751843957539	-0.3110447486353867
0.9685808944691152	0.09567806601339489	-0.10225577854838332	-0.20552497246517046
0.9854187067812076	0.07606169707168736	-0.05296665728097007	-0.1426854014281327
0.9799235519404806	0.05935289050461775	-0.09795364287891442	-0.1631935984891837
0.9487047645541057	0.13940162673171438	0.0478779369840001	-0.2797036991658257
0.972058782648965	-0.04147009432162921	-0.12770377920986858	-0.1925453170749279
0.9428484350959884	-0.13300526697049364	-0.04907243026948298	-0.30155981824938166
0.9247407010965568	0.09258493855307154	0.004382930793873904	-0.3691388015452027
0.9228136559275799	-0.02608211516175735	-0.07816607385848602	-0.3763306320243046
0.9648029147872849	0.08933234999737025	-0.11375459861726898	-0.219624584587724
0.9813573766394975	0.045798862682842605	-0.09962886757653976	-0.15784249186330573
0.9346464918440144	-0.11215924373983724	-0.05932457647435989	-0.3321698871865453
0.9619687449465815	-0.14460683771324567	0.02668528228899856	-0.23020185043050848
0.9507195026092154	0.14345379800617114	0.038327298080730904	-0.2721845943802134
0.9289043518151877	-0.09419043854214457	-0.05685081983118335	-0.3535998455183015
0.9607166619442733	0.14378947283292245	0.03437970318433004	-0.234874687810416
0.981907457444924	0.07854000207448601	0.07361267113230949	-0.15578956234918556
0.9486883122948132	-0.14561105456452564	0.02279025710760739	-0.27976509983340436
0.9693651953131344	-0.0614219877511073	-0.12454934600975029	-0.2025979218668716
0.9637408888943814	-0.11831439445371406	-0.0849326562643524	-0.2235881191789938
0.9274050163152433	0.05846152596633021	-0.08649173543334016	-0.3591954417816857
0.9348184928206649	-0.09207982957714062	-0.087891382063127	-0.3315279708027342
0.956725462102175	0.14738934445414656	-0.023826334734412515	-0.24977004840428765
0.9344193492110857	0.094259211336046	0.0841127950822053	-0.3330175950332003
0.969820125551923	0.021364066857245543	0.13649780548658297	-0.20090009910181333
0.9328799694856188	-0.10205667536289752	-0.06752238431567024	-0.33876263838078424
0.9322599507123187	-0.11432416088995277	-0.03857638070262283	-0.3410765799443864
0.9505375373394126	-0.14090725381642713	-0.04657186100719265	-0.2728636980123308
0.9296529865410904	-0.09504002845787657	-0.0603981477147596	-0.35080590268492234
0.9733323219501264	0.0616260738340582	-0.11644926442218566	-0.1877924036975575
0.9444675548387717	0.14128700205546785	0.026241504879590385	-0.2955171811057767
0.9251052320658489	0.09199903040048389	0.021344103299742984	-0.36777835344687215
0.968978825135823	-0.12002351946476458	-0.07100789127999718	-0.2040398749991273
0.9354765442237115	0.07117466015086749	-0.10737487066505609	-0.32907208953257205
0.9394160820886583	-0.044154637003949705	0.12930424895466033	-0.31436953406224927
0.9577903259616234	-0.1331486831558528	-0.06703345590594072	-0.24579592237768272
0.9843737001170714	-0.03486492824822515	-0.09113490065539494	-0.14658541939293712
0.9816642715854035	0.028068232533968385	-0.10484959309948208	-0.15669714433259863
0.924070008714605	0.08618457132855117	0.023434309439882693	-0.37164185959089613
0.920639761688307	-0.0417249421190834	0.05370742783212139	-0.3844437157755526
0.981327474912789	-0.10858530551017474	0.016003903477052585	-0.1579540866266156
0.9545543632154649	0.08813908819618008	0.12066125939138675	-0.25787269975774607
0.9587519825230576	-0.07103505312565496	0.1307074608530748	-0.24220697123097812
0.9337002170088486	-0.04306415757850435	-0.11685003639479119	-0.3357014329493077
0.9196593333467056	-0.036763913145976934	0.0474489281058452	-0.38810272415958935
0.9710717994357064	-0.1022406631875345	-0.08978123226395783	-0.1962287885730265
0.9774579271813276	-0.05100951579407279	0.11069708105874772	-0.1723954353627427
0.9279482892632677	0.09471074839360877	0.04871266617120894	-0.3571679195372811
0.931778077932025	-0.03855128933331244	-0.11287239582907391	-0.34287495364322695
0.9384374809303961	0.12799126502423597	0.04260884847634473	-0.31802172330522943
0.9335880570708318	-0.12399946542037442	-0.0077977392180564944	-0.3361200195365604
0.9794505401108136	0.08202806458675313	0.08207677215064677	-0.16495890267008254
0.979702614044227	-0.0009602142250604295	-0.11523850273550476	-0.16401814994331987
0.9493700279766143	0.140563367612043	0.04568436284338669	-0.27722090227260615
0.9520644315439067	-0.11318835041318767	0.09687334017724472	-0.26716525126337587
0.9241414347481123	-0.04384754902551315	0.07823293442634321	-0.37137529400486385
0.9661610799536859	0.14210189830990283	0.01748165427133655	-0.2145558431816452
0.9698944615529477	0.004055473095730039	-0.1379812650945762	-0.20062267336915737
0.9794222276268879	0.06555375307542567	-0.09585663482916423	-0.1650645662985814
0.9522026364663837	0.09373122914290834	0.11585620147641106	-0.2666494634708361
0.9842488005609086	-0.09622982514617973	-0.019234363255260838	-0.14705155088237976
0.9766472472029878	-0.06652007358973522	0.10470305713832184	-0.175420934230586
0.936071726814435	0.11425510203136578	-0.06232193599292802	-0.326850837864212
0.9888627765710288	0.07267547906360586	0.003513764390088405	-0.1298319579877067
0.9567152379617406	-0.1290637423993396	-0.07506240308302156	-0.24980820541585272
0.9771936977373765	0.03584587515330097	-0.11724498876728565	-0.17338155307242395
0.9364659701502124	-0.033479086656358646	0.12664445261352508	-0.3253795017045451
0.9267055615989184	0.060902866810449846	-0.08126607766208505	-0.3618058423206039
0.9780162209741804	0.048176566489330976	-0.11025952180307927	-0.17031185456226577
0.9481140499439049	0.05384970235826737	0.13677602757441723	-0.2819082761038682
0.9210007431767125	-0.034292252628648406	-0.06179589824613238	-0.3830965145202312
0.9769040720436812	0.1233029964960731	0.0042021796413152755	-0.17446245087647194
0.9294979014267042	-0.0246647300378797	0.10933482165418432	-0.3513846882113093
0.9364247641429815	0.09559627072630511	-0.0894320676792246	-0.325533284617108
0.9170900315856911	-0.028053092048695754	0.0006145499951518722	-0.3976914888716714
0.9309924047840996	-0.08802775983018052	0.07695250167810637	-0.34580712574942724
0.9482977253770917	0.13865505655561547	-0.049192902839849534	-0.28122279005511297
0.9900341089653488	-0.04463439267168608	-0.045824671671401244	-0.12546048597955334
0.9786246706548933	0.004331894633495488	-0.1184786096065657	-0.16804108943999618
0.9750920381672805	-0.051231845048226324	0.11716780781175934	-0.18122505336823566
0.9495588476793899	0.011664488305778174	-0.14744733276357264	-0.27651621754837774
0.9806291581067283	-0.10858775737389989	-0.028205715972904662	-0.1605602404266135
0.9288411087304923	-0.10962624310752996	0.006037987619692015	-0.3538358719236121
0.9561407773652958	-0.13213542922895324	-0.06967905459219079	-0.25195212154873114
0.949523976695392	-0.016952165981599446	-0.14691369727559914	-0.27664635783236774
0.9787159649590531	-0.055890314185558496	0.10424930273633148	-0.16770037445843017
0.9898987480960324	0.03085735258926739	0.057279533040045016	-0.12596565962119913
0.9877817041297274	-0.07930997779468485	-0.008773393614570774	-0.1338665752653062
0.9864647553224304	-0.06391876354468441	0.0595094512192506	-0.13878149512510615
0.9923472248739054	0.03948945445292439	0.00623127378480591	-0.11682781988502433
0.9251990458512731	0.08496477279718345	0.04223984610384539	-0.3674282356332189
0.9830810085766728	-0.022617406996044934	0.1005746138079902	-0.15140980990021902
0.9774202915803718	0.09611657276941048	-0.0751168659900765	-0.17253589333768338
0.9372686080347191	0.1324042349967922	0.008075949256648202	-0.32238401633948655
0.9428242671527072	0.124196003869462	0.06830097216618958	-0.30165001424162163
0.9608385321243498	0.1040448429224805	0.1049348087926848	-0.23441986210644294
0.9294631428940411	0.018493438294737933	0.11042589883106725	-0.35151440882120444
0.9250673725372305	-0.00039826590617575777	0.0942620332168059	-0.3679196471312269
0.9852891823680097	0.02779199579280565	-0.08908158482693405	-0.1431687931190081
0.9277999280093265	0.02223657986231515	0.1035764303730841	-0.35772161127486407
0.9928556637750767	-0.0029349660542581533	-0.03193811217137483	-0.11493030007330854
0.9671295035269283	0.0339473232448291	-0.13788302414134224	-0.2109416372030573
0.9367556875387318	-0.12021656618195073	-0.053548076936650334	-0.32429826169075415
0.9352349561860288	-0.08927617067803728	0.09210154105924193	-0.32997370836370493
0.9799078866819635	-0.11117172379774273	0.02775149886614292	-0.16325206202988352
0.9629824095446584	-0.036394689467613824	-0.14168567779867727	-0.2264188026486514
0.964184505424579	0.12435850481833223	-0.07502771791992177	-0.22193251974921854
0.9580378503061131	0.11925673097657875	-0.08932491347457841	-0.2448721489479366
0.9338796748040908	-0.10671332743130864	-0.06507524271711196	-0.3350316873396495
0.9279835350935886	0.07528571887564417	-0.07552246199184928	-0.3570363803077685
0.9739100697497515	0.035380387257543534	-0.1256447301987684	-0.18563621955539583
0.9922503453811214	0.03872397798582024	0.014365063598099654	-0.1171893790743054
0.980376688262273	-0.07563992105210311	0.08400656765137246	-0.16150247071350005
0.9428429252193917	-0.14132360329386665	0.011141412709969992	-0.3015803813887838
0.936393457981009	0.097073949205333	-0.08772650144780791	-0.3256501208041788
0.9282023540754841	0.05227581150818439	-0.09388891611837534	-0.356219736749674
0.923407487390394	0.08538389854276525	-0.008160926946052654	-0.37411442283394963
0.9803497214814966	0.08229637845309651	0.07762837007943306	-0.16160311210947398
0.9396590487172236	-0.11385088775940068	-0.0762885258818638	-0.3134627702599001
0.9622092429804667	0.07626956336620304	-0.1255223670716143	-0.22930429954892825
0.9861124159841214	0.0556020068169988	-0.06974027829120266	-0.14009644343718058
0.942562628183672	0.1348973330415309	0.04237481180333998	-0.30262646416730077
0.9262979768022902	0.09977572105418185	-0.003221319807924481	-0.3633269694900132
0.9815134789738755	0.050387416615210665	0.09675597934946881	-0.1572599100202269
0.9817698501595932	0.10815375520248155	-0.0002476207325367817	-0.1563031197295321
0.9887639400237765	-0.04853607596075005	0.05511684360477355	-0.1302008210036972
0.9620824851862626	0.1333472429387128	0.061791314414846	-0.22977736607715338
0.9816055188666376	-0.08986918204056966	0.061248468954820307	-0.1569164124641158
0.9863301730301313	0.02341999934178328	0.08487830549721784	-0.13928376307776566
0.9314079193885085	-0.08065660775769083	0.08637897624876524	-0.3442564041344862
0.960454909795242	-0.14076825394767886	-0.04565858643424107	-0.23585156012959146
0.9744478932240033	-0.05755618744554448	0.11584026145600207	-0.18362903502398475
0.9715589780099609	-0.08042337402170066	-0.10867265784830826	-0.19441061338154964
0.9460168076152784	0.011293952769801507	0.14483821136682784	-0.2897352910300862
0.9586753401483539	0.13669787416794524	0.058757349955416135	-0.24249300446738495
0.9762503573368975	0.1115373568361172	0.05657108875925637	-0.17690214737584387
0.9784779474237636	-0.0891612335037745	0.0787974737522384	-0.16858866799322308
0.9911947021130271	0.044138041836214524	0.03020990734077703	-0.12112909338550173
0.9314114365112978	-0.08943049719169079	0.07727540115043371	-0.3442432780535405
0.9398664260620964	-0.08828234171395491	0.10527595393364005	-0.31268882747249616
0.9752915269069455	0.02858377375979143	-0.12416189447411527	-0.1804805512562676
0.9402195879496494	0.08312267077931608	-0.11011796907763186	-0.3113708093648513
0.9326991061505138	-0.1192683887449283	-0.02509032655785614	-0.3394376295366225
0.9606317531800235	0.14493746940306426	0.029405601138145582	-0.2351915716326042
0.9808477050233085	-0.06305924247317526	-0.09188563735793137	-0.15974461223009864
0.9323660376437266	0.06715255614440957	-0.10060216314972396	-0.340680658126353
0.9518816884229993	-0.14787017178424197	-0.017706213320239028	-0.2678472578753365
0.9552191422770699	-0.12953806578331584	0.07450740859932692	-0.25539171052402804
0.9855191717265129	0.07473327252441636	0.0539873391190814	-0.14231046114787382
0.9890206863416101	0.05888841563004747	-0.04082375414470721	-0.12924263070088587
0.9400243397449828	-0.1376478951155377	0.001099433946705905	-0.3120994855847536
0.9886570129264811	0.06828970150591246	0.02893957896994228	-0.13059987836350945
0.9358908578127358	-0.08422888460359049	0.09869455270004117	-0.32752585016806707
0.9247532372814022	0.04913774007145119	0.07866394639156167	-0.3690920158664267
0.9814507634161764	0.05614414537206361	0.0937970366186517	-0.15749396766798496
0.9376993830820866	0.12947004773288634	-0.032556291803036694	-0.3207763419760781
0.9430865637704876	-0.12226182376046182	-0.07236479347959635	-0.30067110993741175
0.9384546183561451	-0.05959246235643993	-0.12105588393538712	-0.3179577655616235
0.9756741370561945	0.11536591604803975	-0.05187329871148563	-0.17905263073977917
0.9770469098864213	-0.06351915377429172	-0.10532438590387173	-0.17392937279012277
0.9644355386299086	-0.13791751977595573	0.04476350939671933	-0.22099565107254163
0.9912424451630011	0.012008266276649335	-0.05162453753510946	-0.12095091389729037
0.9782878824044685	0.10821057195589195	0.05080825081925498	-0.16929800030197384
0.958072925351232	0.05668766798595973	0.1377842515544454	-0.24474124709747508
0.9358199791257047	-0.12726246370704836	0.024468415349764534	-0.3277903730292413
0.9551274513728764	-0.08562679235964163	-0.12247356274626098	-0.25573390563707055
0.9322742885454703	-0.05429199098450996	0.10779747711111455	-0.3410230704225941
0.9387245869746557	-0.12801372260922755	-0.04417226499317605	-0.3169502289608928
0.9240767904215268	-0.08534772474866884	-0.026438440062307774	-0.37161654991610193
0.9400343361834884	-0.0793399167319555	-0.11250698307674492	-0.3120621783683559
0.9503249379767558	0.08670775848161004	0.12031646719494143	-0.27365712963542266
0.9253722965456863	-0.08668053888404956	0.040543980373286305	-0.3667816552392223
0.9402924605359197	-0.01889581145463133	-0.13678649605283832	-0.3110988451704113
0.9173363766622471	0.00343148044111196	0.03246666811744693	-0.3967721165297704
0.9199678833147539	0.06183640233521025	-0.010204010608485456	-0.38695120000215943
0.9325410863373754	-0.058135752970351826	-0.10662432116995811	-0.34002736750785745
0.9798964070293962	-0.06872971388457763	-0.0917280329392865	-0.16329490467651808
0.9255528637059796	-0.010449107203902512	0.09595735413475143	-0.3661077694228294
0.9850481319287488	-0.06560356146843198	-0.06797532649884265	-0.14406840560551631
0.9806485837325895	0.047690961101852745	-0.10147714914182482	-0.1604877430039312
0.955941243505656	0.07517006015912292	0.12911286654629112	-0.252696792050737
0.9859480912349383	-0.07522750127364712	0.0494768780494129	-0.14070971175007246
0.9248672873813716	-0.0815963739723033	0.04525081610265133	-0.3686663750987325
0.9421490081371863	-0.04162464149182796	-0.13454804609713855	-0.3041701151958145
0.9625811354965454	-0.0971009161914741	0.10983211915825446	-0.22791637778396784
0.9321300389510905	-0.07031074642882476	-0.09760014178356284	-0.341561417237791
0.9657963752150117	-0.14254072611773494	-0.01730254687737605	-0.2159169397961383
0.9664345415040227	-0.13748442916635628	-0.03879428897174405	-0.2135352707818716
0.9272614035426427	-0.08118263517279446	0.06472233390507838	-0.3597314119456467
0.9854669082379528	0.08846393138127942	0.02685674787638929	-0.14250551114256083
0.9623493919825716	0.14607208319537326	0.014343326097400667	-0.22878125635244284
0.9181788168653232	0.015229419023849528	-0.04210290094117955	-0.3936280868895517
0.9354184887225369	-0.12824823981978745	0.010656236027176871	-0.3292887556126151
0.9783892990144458	0.11918030271993613	-0.004078567487344552	-0.16891950836080688
0.9302304543061154	-0.033256495891428706	0.10958080293300353	-0.3486507636461158
0.9275222156694726	-0.07717211594247111	-0.07099061256726762	-0.3587580478370878
0.9667114016021264	0.13741437651717475	-0.037805407449142195	-0.21250201482915992
0.932330131484397	0.05822987952904927	0.10590171576148072	-0.34081466173727604
0.9662880226276103	0.1169117812699165	0.08238903381209373	-0.21408208667291073
0.9659265499216958	-0.0484497332543606	0.13501094597254137	-0.21543112117693292
0.9296686408260545	-0.07472697315843332	0.08431075229211307	-0.3507474800980801
0.9827393140841516	-0.056577469745515564	-0.08780496424729359	-0.15268503110697465
0.973862941193157	0.08829661595341917	0.09627326081803725	-0.18581210572309392
0.9298331483798823	0.09850625387662383	-0.05579736200514518	-0.35013352954896604
0.9278239235046655	-0.08437365846606422	-0.06421186183202567	-0.35763205886710614
0.9266181755985525	-0.05346748301240828	0.08590937238206467	-0.36213197131383956
0.9348265466575165	0.12122710444470178	0.03889023237844238	-0.3314979134744079
0.9753433907726992	-0.05193147470036904	0.1162109817700214	-0.18028699267419845
0.9192117614044095	-0.012154945982448127	0.05457963806097124	-0.38977308538828076
0.9634413690648979	0.0036601585351422536	0.1458580510762287	-0.22470594240050057
0.9818671333507649	0.10166126261393169	0.035841591950473733	-0.1559400539173566
0.9361249836109606	0.12661982164535082	0.03059172991193564	-0.32665208079372976
0.9860519628443282	-0.004736467319670593	0.08938015770673105	-0.14032205762636574
0.9319291684954777	0.013024330505320147	0.11900218057235626	-0.34231107598387744
0.9297768226653712	0.023078827895394234	-0.11064217819612827	-0.35034373997729396
0.9478212434787597	-0.07917563793261102	-0.12359820978556685	-0.2830010447085748
0.9768980532990257	0.054632983764546526	0.11063654745615062	-0.17448491313732462
0.9884508050080352	-0.025763474770431307	-0.07101630283868755	-0.13136945679207274
0.9858021042530246	0.07196644148982961	0.05533711908869052	-0.14125454258381834
0.9653010942547263	0.011391112372051801	-0.1436742524005503	-0.21776535350394519
0.9721357373260477	0.014239684950940183	0.1333647462032984	-0.19225811831017509
0.9461608014654149	-0.08892716083025005	0.11504900366588065	-0.2891978986653993
0.9781057840178774	0.12006151125071725	-0.0013870962905412204	-0.16997760073270812
0.9262179336682255	-0.02456060787495558	-0.09640264606050526	-0.3636256945331397
0.9506107109450035	0.10934660091326262	-0.10038404369185316	-0.27259061039849236
0.9242417906503047	0.08970580233205927	-0.009403032439141456	-0.3710007606790427
0.9400556132562514	0.11691630834945765	-0.07275143482718711	-0.3119827712517682
0.9730052588495268	0.061839293064256534	-0.11709289657443112	-0.18901301980627627
0.9341883379081237	0.02736246955050051	0.12275081734036668	-0.333879740952977
0.9911441464202219	-0.01349884722438003	0.05227868467529211	-0.12131776979966288
0.9712939945975427	-0.1246341484600127	0.05360338546857599	-0.19539954493985714
0.9791431770109092	0.035971370169207775	-0.11132608444156619	-0.16610599737529747
0.934194888838223	0.039552624982602355	-0.11939909196698636	-0.3338552925490097
0.9731250359572231	-0.028446741212119	-0.12907869249718293	-0.18856600555477016
0.9815098752650746	0.05626224264706067	0.0934773517029126	-0.15727335924456756
0.9271988159995873	0.07473995433125225	0.07170425013800528	-0.35996499183625075
0.944849733694495	-0.07526057361036367	0.1229039741549812	-0.29409087019863883
0.9522132551126204	0.11503565545271477	-0.09474128508906982	-0.26660983414357264
0.9687757630509832	0.09440467818561109	-0.10304937847812738	-0.2047977130168402
0.9863134912317802	0.01608983891939534	0.08665737531974335	-0.13934602039677307
0.9193974462002571	0.02656371967617012	-0.05117988150707123	-0.3890801002959843
0.930390608773518	-0.10298685498652436	-0.051245398829704476	-0.34805305903671
0.9320576093221098	-0.058599088081399256	0.1048133069458265	-0.34183172829312014
0.952369403211103	-0.1377643974271916	0.05694806874660378	-0.26602708150653087
0.971667583634823	0.00022335985738425324	0.13499631042019172	-0.19400529167157646
0.9775994088934687	-0.057221580169537135	-0.10717591603561907	-0.17186741842469008
0.9256787453269937	0.008924541432583259	0.0966854996573692	-0.3656379728174655
0.9455741237819537	0.04083821019530698	0.138979115538195	-0.29138740958774323
0.9413755857028383	0.062199232484584616	0.12513803088189931	-0.30705656701651485
0.9504600862452498	0.14152015476838534	0.044556096410848296	-0.27315274943084794
0.9875872103666588	0.07689326274828306	-0.02537329837604452	-0.1345924358708338
0.9899113342116458	-0.06494636367806703	-0.001415753455700542	-0.12591868759825994
0.941922072520422	-0.11929332356562483	0.07427321985568165	-0.3050170504476257
0.9741809466336097	-0.01686570093955312	0.12884305350189862	-0.184625293262241
0.961532689027004	0.03384638106401113	0.143403336848979	-0.2318292332773132
0.9544316644527598	0.06192474798863826	-0.13598093762320054	-0.25833061777418725
0.9280065682351637	0.022524569502708324	0.10432090458451143	-0.3569504194531521
0.9812956979900237	0.09956672687827106	0.04645694708160705	-0.15807267971688443
0.9230034839463555	0.018008075749575334	0.08153681718917626	-0.3756221842135343
0.9861575472276445	0.07336942229883367	0.05030279871924232	-0.13992801134334357
0.9789820378630847	0.10440120224562711	0.053881434751481674	-0.16670737686206694
0.9291327030299238	0.0773299017785186	-0.07938273091825501	-0.3527476271829365
0.9878120433938202	0.05991459161368459	-0.05241803741359562	-0.1337533475902477
0.9581608310284352	-0.14809697047336304	0.016040801872269188	-0.24441317864387932
0.9797606314945836	0.057230164500769704	-0.09981403010905429	-0.16380162587086344
0.9814325276903201	-0.06399714106368183	0.08870607655723774	-0.1575620243233939
0.9769481065866387	-0.04434559074912269	0.11500449498623418	-0.17429811172486698
0.9654703878635117	-0.04069213004324745	0.13807282866988738	-0.21713354115456152
0.9296473314530763	0.10063842888617992	0.050479266824712404	-0.3508270077607121
0.9275982282268672	-0.10415366136513025	-0.014480033596906583	-0.35847436511087766
0.9621287041946173	-0.1007544185406471	-0.10695094841006995	-0.22960487438969854
0.9284446768324814	0.10826778494376055	0.004421814971112815	-0.3553153759087296
0.9303067017265103	0.08961177678226023	0.0716948939403909	-0.3483662043992559
0.9821226999200973	0.10661067743340813	-0.006958660540113244	-0.15498626649589203
0.9915322988406171	0.04900311680442493	-0.00968391050144554	-0.11986916524566701
0.9822670757333747	-0.08521445141143082	-0.0635285354307126	-0.15444744862535664
0.9399154762915545	-0.09378558889267788	-0.10051519665137312	-0.3125057695240354
0.9544668577422267	0.14871348541602647	0.014506939985274685	-0.25819927462981124
0.9254486194661683	-0.007577993430831008	-0.09574712480645396	-0.3664968142222012
0.9708509283969581	0.11483529136104603	0.07369810179802987	-0.1970530905115555
0.9774624315373368	0.06268268690700561	-0.10451643593550179	-0.17237862487726094
0.9769835372827489	-0.11615476464794294	-0.040957098014673246	-0.17416588256683577
0.954573760487178	0.14942277441867832	-0.0008782881075393018	-0.25780030815418437
0.9424654049644116	-0.07854609326321653	0.1174178522639307	-0.30298930616125636
0.9317653886150276	-0.11855833422836819	0.01270711244364479	-0.342922310818975
0.972020303748364	0.11594849194065537	0.0678487696683156	-0.19268892228698986
0.986891108344371	0.024703580840077326	-0.0813295049125172	-0.1371903239852631
0.9550712986112365	-0.04174705594371945	-0.14348845858848322	-0.2559434705964957
0.9701742754921081	-0.00987786691927018	0.13723253168930474	-0.19957839353154483
0.9611742803226176	0.12477816801383965	0.07878857612942274	-0.2331668327719575
0.9742590725828482	-0.014209633215787956	-0.12899001622825518	-0.18433372325029354
0.9516305573649424	0.10368584156012685	0.10678682291143947	-0.26878449174336344
0.9857927186968253	-0.04469569124968084	0.07907128663154085	-0.14128956995641134
0.9792465780070064	-0.11043818637338523	-0.03763502410339277	-0.16572009960430928
0.9277368713169998	0.10030135831760337	0.03332810756196772	-0.3579569420543847
0.9724561984190473	0.03497496418005287	-0.1288446825673144	-0.1910621412292516
0.9882456122392189	-0.03429543793515842	0.06880922485122708	-0.1321352466306409
0.931105957375605	0.10804796657217437	0.04558157883924175	-0.3453833417085981
0.9784123510830808	0.11685294640577643	-0.02345031455103685	-0.16883347686944178
0.9701075066270854	-0.13654693669492138	-0.017756649585725655	-0.19982757832817313
0.9414418044344025	0.1363424642241755	-0.031081050421484162	-0.3068094353459045
0.9773164307676545	-0.1135570499814874	-0.045330466795639776	-0.17292350716765936
0.9694084439425601	0.13011743451789448	-0.048334036913738734	-0.20243651578449706
0.9734361627428747	-0.11228893793460729	0.06850290659911301	-0.18740486458312278
0.9589617603025479	-0.09573992285418462	0.11375688076954338	-0.2414240698996214
0.9571469678749603	0.04767303317219311	-0.1414044877196332	-0.2481969674445693
0.9544443472031262	0.14503770320095363	0.03591374914057443	-0.25828328510544046
0.9375888805068292	-0.08039414891582403	-0.10630928092512239	-0.3211887432013058
0.9683792627639423	0.10188623729982586	-0.0964904272282508	-0.20627747223329268
0.9803248651447769	0.06626559051693634	0.09179582551536457	-0.16169587722100198
0.984618110700522	-0.030936410435868696	-0.09137512771732342	-0.14567326667759203
0.9315567914902051	0.009170519857127975	-0.11826919221236414	-0.34370080588712537
0.9906169792710304	-0.029196438865542733	-0.05124774774351252	-0.12328518438452638
0.9823974930908961	-0.0675727232993009	0.08139525766548758	-0.15396072442089817
0.9330437741513508	-0.09171090529020062	0.08168302275437397	-0.3381513110457556
0.9466375173753377	-0.12314033104663287	-0.07813014677078002	-0.2874187706687909
0.956779096351943	-0.08324348256282804	0.12393206632780956	-0.2495698826591277
0.9753826566557232	-0.12707453354500528	0.005491279256914325	-0.18014045040374863
0.9484194117652196	0.09143768979002519	0.11536348337840867	-0.28076865027203013
0.9829525265499852	-0.08473005087882887	0.059622027172723344	-0.15188931135167655
0.9641670533438794	0.14003801229818905	-0.038578374156463764	-0.2219976518010873
0.9765506889780471	0.024300290655530014	0.12189825371343604	-0.17578129443195334
0.9833024680851912	-0.10211005711693767	0.003802461275541246	-0.15058331176260936
0.9610255516815303	0.12869788668523227	0.07239349754739387	-0.2337218956170366
0.9596039041282776	-0.12431458807780749	-0.0810682280470725	-0.23902755651623142
0.927088708725219	-0.006751888595861143	0.10290838663547311	-0.3603759177784762
0.9627671312077126	0.14639852209177245	-0.004120791900508937	-0.22722223233990238
0.9311877988712628	0.033733415536095136	-0.11257255140219644	-0.3450779050886358
0.9250399929931536	-0.07919970737389627	0.050875840128050874	-0.3680218289808098
0.9275890836417274	-0.09762747967277359	0.03897470267240068	-0.35850849316723377
0.9422045498300626	0.0791451648258178	-0.11658999387094252	-0.3039628307760614
0.9322395509812854	0.06021329949460162	-0.10449212752659899	-0.3411527127770636
0.9380118340518605	0.03595438502014407	0.1291911903576246	-0.3196102590820078
0.9760474868846318	0.05624458774134314	-0.11227213992828503	-0.17765927021105385
0.9922154291804886	0.04174079181063252	0.0015294368864480663	-0.11731968810907481
0.9915627074192431	0.016785759355696112	0.04669275011183429	-0.11975567888524852
0.9839649835057669	0.04692416066934832	0.08760270558835323	-0.14811077055222283
0.948015443752457	-0.02879354740282926	0.14407550836776473	-0.2822762794202926
0.9493478500448075	-0.1338573351846644	-0.06263822505427874	-0.277303671440916
0.9493451219282687	-0.08646948892846562	0.11984946365926288	-0.27731385291044797
0.9681619254470595	-0.12450025575810186	-0.06539487686662561	-0.20708858614227998
0.9795309638213825	0.05718208919341142	0.10068164299579191	-0.16465875729610585
0.9310038432697335	-0.04579911905800331	-0.1076161641968797	-0.34576443673988
0.9273966594490187	-0.027848080637989048	0.1005790670275467	-0.35922663003102795
0.9376927447901301	-0.07784658711131107	0.10843831863062843	-0.3208011164189353
0.9750306092877463	0.019187739777227254	-0.12657596657726045	-0.18145430906770915
0.9664897231588633	-0.048371806920154435	-0.13434426026913265	-0.21332933004236113
0.9737732164432871	-0.10731739725564644	0.0748198324768371	-0.18614696304830478
0.9873113797683665	-0.07892609765831322	0.024364408021708334	-0.13562184967794289
0.9365801140452735	0.12642137980269547	0.035221306971284796	-0.3249535108888032
0.9541251533561587	0.09598078057657225	0.11448077717280303	-0.25947453275978666
0.9310098505468914	0.028720959077599865	0.11339410118707403	-0.34574201727631143
0.9187540647896442	0.0435870942881913	0.027084650921138938	-0.3914812324090372
0.9773489013546636	0.08452200101630106	-0.08822988575518212	-0.17280232528718997
0.9808418692690564	-0.09939091888779188	-0.0504516883647236	-0.15976639156146832
0.9316823956234003	0.11298011013343127	-0.037351998164737124	-0.34323204488039993
0.9283507128148192	-0.07799796084711737	-0.07471900608126357	-0.35566605439672855
0.9733824784020798	0.08071834518339185	-0.1039970285323228	-0.18760521727054008
0.9594614266651779	-0.05692674978844085	-0.1371293646297295	-0.23955928964745307
0.9504566427380106	-0.11825837911450944	0.08959732472417724	-0.27316560077482105
0.9562820089049491	0.021608383113835276	-0.14779461206789934	-0.25142503826711365
0.9805755194410294	-0.10782214749695489	0.031656305703120814	-0.1607604226522524
0.9304388818210754	-0.09074852311698851	-0.07094108189540795	-0.34787290157058975
0.9800604438128943	0.11371667634760187	0.009185832236707742	-0.1626827110661929
0.9283251859181871	0.0937657398938242	-0.05342487182733597	-0.35576132207191896
0.9389692241444159	-0.06057728162168151	-0.12160451441801008	-0.316037230613928
0.9273123456664156	0.04721753658056367	0.09269507100734883	-0.3595412933514809
0.9871353616518651	-0.028127159480895187	-0.07874478224480752	-0.13627875823177837
0.9493373421127329	-0.14127845085437912	-0.04335819305279238	-0.27734288757730075
0.9900295079825442	-0.03867005186805064	-0.05100547015556481	-0.12547765708114503
0.9758530655339454	-0.12339259466262449	0.02576632666653719	-0.17838486056989217
0.9795970870218558	-0.05108971908960773	0.10367298503643466	-0.16441198215238056
0.9254212500048311	0.09449914517666631	-0.016450692060165795	-0.3665989584424877
0.9317815124524199	0.025814676976765816	-0.11645759448249826	-0.3428621358386135
0.936343646699205	0.11330537196156049	-0.06521776343699257	-0.3258360190386618
0.9382896003168034	0.011851990202230399	-0.13410072370193374	-0.318573621268612
0.9907994199488573	0.0510533100681888	-0.026043290621430487	-0.1226043065055091
0.9771973311010618	-0.08079958863011552	-0.09219729664581083	-0.17336799317454799
0.9420811416872653	-0.02434943958052959	0.13862403505183077	-0.3044233962350487
0.9883780457514222	0.02795219932544246	0.07069767228104487	-0.1316409980344735
0.9343217951670804	-0.0577755704176683	0.1120777744481535	-0.3333816716819119
0.9351640034665774	0.07129435680204214	-0.10643274618778098	-0.3302385075176328
0.9290907096194654	-0.07192780847282154	-0.08411518482733901	-0.35290434872435034
0.9227554366728148	-0.07174339282490153	-0.039836688151952356	-0.3765479092410669
0.943676399635466	0.1251386182171384	0.06878190180067413	-0.29846981252118604
0.9434567136288184	-0.0283095680917528	-0.1396913676992602	-0.29928969185970655
0.9886307183226339	-0.017955326937457064	-0.07214526250553481	-0.13069801116103225
0.9495972581942773	0.12907648233896013	0.07226580807122113	-0.27637286755527296
0.9371626684994959	-0.08790880672493029	0.09905372839975582	-0.32277938806746936
0.9591267272957054	-0.006648679560712592	-0.14846894716798195	-0.24080840469958592
0.9457684983517233	-0.1331509144488354	-0.05751857836304225	-0.290661993817664
0.9757324048722634	0.08389137996460283	-0.09448011220312122	-0.17883517228976364
0.9681238891433763	0.0458532282480391	-0.13300045188924256	-0.20723053956015758
0.9364818790682693	-0.1193952164319399	-0.05397486691354498	-0.32532012881406314
0.9836555587068033	0.09932609887203633	0.016609052305254064	-0.1492655596230768
0.9848147032842469	-0.024627511053927926	0.09233637433153143	-0.14493957316673944
0.9748133267852381	-0.10328483257649215	0.07648928971243599	-0.18226521840666554
0.9805109556287531	0.09979400319808174	-0.0521342408982055	-0.16100137807999754
0.9887175637097424	-0.06380669878859581	-0.03699906298698395	-0.13037389976394023
0.9302300052734153	-0.0038292674075839604	0.11445064639159683	-0.34865243945896685
0.965458034901537	-0.05968332044421929	0.13100262117778913	-0.21717964303627474
0.9390997683686693	0.12358768571327645	0.05697267506268043	-0.31555003293637973
0.987910712645568	0.051217144291631184	-0.06014682607237157	-0.13338510892958017
0.9884391133248738	-0.05623492281892355	0.05056038256614498	-0.131413090747657
0.983948034145882	0.09768003763355682	-0.018690485320660317	-0.14817402642446936
0.9443884777118701	0.12870295180528463	0.063726258024214	-0.29581230096108996
0.9918773227729468	-0.03350052369366881	0.03155178243586897	-0.11858151840038517
0.9882509724695695	0.02913054636100505	-0.07111251309429961	-0.1321152419786323
0.9826565676462264	-0.09452541014760402	-0.04520951542472842	-0.15299384501745697
0.9855064236623927	0.025628806545649207	-0.08862529172971634	-0.1423580375708685
0.9218908923975936	-0.03047755934661444	-0.07042500539365093	-0.37977443240158526
0.9308513964441969	0.09062083910180295	0.07318971171095023	-0.3463333760382352
0.9311816517969401	-0.013156894209810064	-0.11676058147635462	-0.34510084628232574
0.948761301873095	0.07191122133338944	0.1287035333997388	-0.2794926990188335
0.9850308462133239	-0.08957090651912138	0.03028179347237405	-0.14413291677372714
0.9556968987187533	0.09257120953854438	-0.1172886892625547	-0.25360869921002266
0.9208363028495268	-0.056170631127868124	-0.040888080048367664	-0.38371021417610146
0.9239997666444414	0.06792864102468323	0.057424218497335464	-0.37190400656557565
0.9274953066856269	0.020390643952026593	-0.10274859458724313	-0.3588584735319803
0.9370769772072411	0.13119451948271207	0.01678239450923423	-0.32309919232393036
0.9706470812213417	-0.08692545219103397	0.10563089913545289	-0.1978138585279355
0.9361296485939159	-0.014727318781665132	0.1294379345863016	-0.3266346708403244
0.9808478004077653	-0.07930196506146786	0.0782979141971588	-0.15974425625045985
0.9203077359125686	-0.0026614319107206106	-0.06538596963295495	-0.38568285284003045
0.9649727426769166	-0.07286486270999874	-0.1247451670539528	-0.2189907782750763
0.9397344633621659	-0.12871085271851093	-0.04743538982673688	-0.31318131897334045
0.9347689290723263	0.04387354041379439	-0.11936785019234397	-0.3317129452297473
0.9850872068721777	-0.0942705010149764	0.0015998851350004437	-0.14392257593133692
0.9922060701041918	0.028404227618371986	0.03079299029018099	-0.11735461665732602
0.959480515698733	0.08337951194871138	-0.12284328086289396	-0.23948804840435794
0.9270219528406572	-0.04387659561891566	0.09303071342916006	-0.36062505413136486
0.9816794671998177	0.045467682732622305	-0.09849816287377142	-0.15664043352755275
0.9433414406027165	0.020983524007064363	0.14083537096210208	-0.2997198966498611
0.9774581975174796	0.07258533528421124	-0.09791324187762504	-0.1723944264544881
0.9374866198793932	0.13286763753480826	0.007583923545888417	-0.32157038505851093
0.9276024422635688	-0.016728449191433768	0.10383290835445108	-0.35845863811180245
0.9773776401523079	-0.06899516124725025	-0.10074238846388764	-0.17269507063423328
0.9345468189567423	0.08115510350769589	-0.09722137663287546	-0.3325418714659817
0.9594114883658604	0.07410838150193615	0.12868395927382734	-0.23974566191774943
0.9507621842394463	0.11876816004594183	-0.08914946417803243	-0.2720253043676424
0.9790878095475052	-0.0014115498825695814	-0.11715450185709303	-0.16631263156180745
0.9863325848338161	-0.07550150000805655	-0.045277988388234255	-0.13927476210387563
0.9794673988406872	0.10689440171965715	0.04501683695062573	-0.16489598503364306
0.9353995992546307	0.07502006702396372	-0.10450867110506523	-0.3293592520665685
0.9602192497920934	-0.029336029463380927	-0.14517850113401864	-0.23673105523465374
0.9528797916650886	-0.022940810191659944	0.1474219792760712	-0.26412228586465986
0.9488245218830941	-0.024159102306828585	-0.1454786140742376	-0.27925675872946204
0.9581957366404653	-0.1190612979619003	0.08950529548830502	-0.24428290912631356
0.9808701937795357	-0.07983872901572794	-0.07763959423060429	-0.1596606830492599
0.9849930627518089	0.03192720258492534	0.08918718617307456	-0.14427392657178706
0.97567178328884	0.04861019202325735	-0.11678454581394515	-0.17906141511913531
0.9480523758355204	-0.02669193346745037	-0.1445065053181091	-0.2821384470098706
0.9370826253340575	0.10575507639166051	-0.07945155673530843	-0.32307811322768426
0.9683929004797104	-0.03553373265357945	-0.13573188154085739	-0.2062265755851469
0.9708562297287786	0.08621446917067957	-0.10575028585522019	-0.19703330567185373
0.9301668333393481	0.11396509624536898	-0.00886807003561426	-0.34888820032651796
0.9494715818758084	-0.14436875765517818	-0.03193650820992024	-0.27684189796110714
0.9781929843149898	0.007526609066625084	-0.11958251784348939	-0.16965216479344952
0.9296268079558968	0.020269872431806692	-0.11067877826125913	-0.35090360249493496
0.9866698084037617	-0.08300717465450799	0.023324222032780822	-0.13801622660732896
0.9700773891696856	-0.10377714012195516	-0.09057686969345627	-0.19993997820938425
0.9778187821258721	-0.10015917829720457	0.06768240814243462	-0.17104870637553993
0.9748400415190883	-0.0352260900969138	0.12353841589665007	-0.18216551766262573
0.963604829096897	-0.12537757353508325	-0.07434530540540557	-0.22409590125607276
0.9379181276472627	-0.011843699700306742	0.13339762469166283	-0.3199599761449612
0.9327799865089488	-0.06397701031293776	0.10399693116298962	-0.33913577992960847
0.9853304152804828	-0.012598084189828475	0.09226048219225261	-0.14301490979471432
0.9555258974896677	-0.06079305065162584	0.13650269575594629	-0.2542468844851268
0.977161461681013	-0.02662391450274628	-0.11976539430120471	-0.17350185967260795
0.9863999101545424	0.002294157295466337	-0.0876494174204723	-0.13902350058628915
0.9383319093706557	0.015627901078182523	-0.1337924688458343	-0.3184157217300154
0.943702511929188	-0.11566063927665365	-0.0837980919858626	-0.2983723601143132
0.9344793959871878	0.0776679054249354	0.09982205678761971	-0.3327934974139567
0.9359452475214844	0.12984264263931872	0.002669051325393877	-0.3273228650116084
0.9321671019247239	-0.08079997356874254	-0.08925316603981738	-0.34142309633711176
0.9215505569915362	-0.05339091144061739	0.05195198213762324	-0.38104458142860587
0.9226364439668131	-0.07747296977885001	0.024838802716661786	-0.3769919960655952
0.9277427982072018	-0.10433816883934074	0.01701498365948433	-0.3579348225990199
0.9421660482122952	0.12514146049161876	0.0646682030628136	-0.30410652076974304
0.9603449124419834	0.004370680011340333	-0.14798235645678964	-0.23626207584065037
0.9495463907084488	-0.08881824209968292	-0.11826259142089532	-0.27656270759683826
0.9252553655972804	0.06854385978104174	0.06599358548368991	-0.3672180474796504
0.9826571966185854	0.07004208341793614	-0.07792651748748224	-0.15299149766065673
0.9506419144573751	-0.12463015836038203	-0.08065424790326728	-0.27247415730494706
0.9327170569773577	-0.0930542842039254	0.07878682086196692	-0.3393706361388028
0.937301805493173	-0.13268864912526238	-0.0027316204081722917	-0.32226012173785423
0.9320945477870962	-0.046612392560861235	-0.11078057879665802	-0.3416938720650372
0.9618555712305135	0.07718429440656764	-0.125255393950298	-0.23062422048895595
0.9816108984974307	0.0075379803904179025	-0.10847471013112041	-0.1568963354086701
0.9370257122064547	0.008347909434512496	-0.13189529708721787	-0.32329051591151553
0.9825868195477966	0.02289519429788097	-0.1025286209183577	-0.15325414846452834
0.9288799630980141	0.032066888613644456	-0.10514989542056205	-0.35369086544992473
0.9692601472770522	-0.028113314944627064	0.13615976620817422	-0.20298996647476564
0.9331748343104265	0.07766833652703256	0.09558558987363353	-0.3376621878732368
0.9815565376370605	-0.06475085137982778	0.08760095874622474	-0.15709921290151452
0.9226569137123561	0.07238388209577497	0.03740885201863902	-0.37691560193521073
0.9807785098111008	0.021021171243544436	0.10968460382053108	-0.16000285227769834
0.9866282076283388	-0.06866334307781272	0.05252396182903591	-0.1381714828148416
0.9429950361104774	0.08245386897444644	0.11555552051031645	-0.30101269581486756
0.9490690792388634	0.14756984559771028	-0.003950789613119787	-0.27834405825236647
0.9359544489470093	0.04030008974872398	-0.1234803376292904	-0.3272885248240477
0.9588201566661404	-0.09919122286527296	0.11083309957843576	-0.2419525418652305
0.9804420552153851	-0.037541819658078554	-0.10639397792618126	-0.1612585179233498
0.9582152043511004	-0.08303553173513176	-0.1236530393802104	-0.2442102546411164
0.9303289004750772	-0.1148312800887147	0.00078543839580094	-0.3482833575417398
0.9542263101828563	0.14275568545558984	0.044064752991769866	-0.2590970103430186
0.9611226546273288	-0.07671932790870052	-0.12609809707164174	-0.2333595024897518
0.9780777479795653	0.12010101746170959	0.0034203286318839725	-0.17008223265213185
0.9511513717961346	0.008086062706711798	-0.1484453555923079	-0.2705728366324077
0.9182878232110055	-0.03900204871143768	0.024563123142439483	-0.3932212696691175
0.9437986389834729	-0.10765677973230506	-0.09403209900570321	-0.29801360906373997
0.9653753429998276	-0.012463484336691304	-0.14350598702744552	-0.2174882534148288
0.9343660538635207	-0.06428885230173753	-0.10859920655926202	-0.33321649597811986
0.9164183342277517	0.00259932882801255	0.003464509765259932	-0.40019829753881137
0.9546920018299001	-0.040272398939205166	0.14390152029164982	-0.2573590254555905
0.9721813174241063	-0.1219154342252067	-0.05569837477873196	-0.19208801106840656
0.946566219039804	-0.12782718823401568	0.07007156650213224	-0.28768485967949814
0.9924211698518018	-0.036364481524445075	-0.013910843468988071	-0.1165518534705505
0.9886695249432834	0.007647409423486153	-0.07368822169890044	-0.1305531828810982
0.9611171027134885	0.07998576964526008	-0.12405588766789201	-0.23338022251428286
0.9257096071876585	0.09681524745814267	0.0090342411039637	-0.36552279478544836
0.9651764189676988	0.05732963021160759	0.13237514131364767	-0.21823064800958003
0.9357638043382217	0.10912620406810764	0.06966750197438745	-0.32800002019023206
0.9278104574346943	-0.08554904080163682	-0.06254980641899045	-0.3576823149244174
0.9627712672140871	-0.08162844958706904	0.12159504449061241	-0.2272067965539723
0.9324106219041491	-0.10874580066161706	-0.05324299667542681	-0.34051426740123825
0.9894677723019415	-0.04812512199392309	0.048604048280805015	-0.12757408318157845
0.9329554967449721	-0.1223759437547249	0.006995711698414755	-0.33848076681152095
0.9305106729338715	-0.08691060319716942	-0.07594219520795181	-0.34760497349010266
0.9828132256819742	-0.05565675109989007	-0.08804503681682382	-0.15240918926863228
0.9475070048051832	0.13218791252644604	-0.06326202146050318	-0.28417379940406534
0.9290176981196288	0.08839509301342273	0.06617061211992793	-0.35317683135127736
0.9296277808820743	0.08510245395204616	-0.07361366283122953	-0.3508999714850086
0.9806386139552288	-0.104377692504653	0.04104809768853824	-0.16052495071958117
0.9808145659896462	-0.07496213588267535	0.08261716266384785	-0.15986828878744008
0.9195264551534373	0.05294035079490126	-0.025681130882586438	-0.38859863232808434
0.9568290075037467	0.13695566282498367	0.0594071631427367	-0.2493836117047322
0.9224768798714265	0.08038455602023312	-0.0015527655818056811	-0.3775874973766422
0.9751582054012433	0.0913671260957073	-0.08924934173826007	-0.18097811388929022
0.950852315390596	-0.14851736679515642	0.0027552153303784244	-0.27168893033220676
0.9851624431798015	-0.03589532903617557	0.08679586399723022	-0.1436417902087111
0.9447625713475545	-0.09743224031860473	-0.10606490656608882	-0.2944161645059278
0.965953763068567	-0.13941994780516795	-0.033594437273036966	-0.21532956033017597
0.9336313943194947	0.10076765369141347	-0.07287202330513678	-0.3359582827226903
0.9334165321381952	-0.10746731879297726	-0.0614568794427702	-0.3367601592999252
0.9274506278834339	0.10112526083708209	-0.02664409787274589	-0.3590252170917857
0.9756922650031475	-0.12320869683006494	-0.028435880326418722	-0.1789849763207137
0.9636515526825578	-0.0289723307209913	-0.14281260116915362	-0.22392152646047503
0.9879042970671847	-0.07387161211029493	0.02810888743971289	-0.13340905219406635
0.9793792191302635	0.11254657457636459	-0.029159696224287844	-0.16522507619314092
0.9306299229071227	0.10225726995173832	0.05432663014398933	-0.34715992653112826
0.955918122482785	0.1264589182097729	0.07955752091156142	-0.25278308088281476
0.9847810265803445	0.049450394425593014	0.08195766945486838	-0.14506525633673462
0.979792010066834	-0.09929735083800716	0.057922631326801075	-0.16368451944495593
0.9402306265401555	-0.08053311931558113	-0.11204756941953292	-0.31132961278423815
0.9610515942985861	0.026259707086299156	-0.14529197814273304	-0.23362470324702198
0.971410083479882	-0.02157804861890289	-0.1337347419918351	-0.1949662953327732
0.9313719957306256	-0.11156622901204012	-0.03865726561155511	-0.34439047305089937
0.9398580159564088	0.1352686961500418	-0.02398660420057907	-0.3127202144142189
0.9170185428209973	-0.018947519026597935	-0.018632879560054088	-0.39795828857367954
0.9430246962331036	-0.002202971723457993	0.1419773008722242	-0.300902002730268
0.9805802636604143	0.11235666135309019	0.00032573871628347253	-0.1607427169844654
0.9549306344184313	-0.029201459804947906	0.1465561300940772	-0.25646843651085066
0.9800229597377558	0.10315217147725404	0.04902476601810843	-0.1628226035390845
0.9654509146683675	-0.04194453044212861	0.13771945184304496	-0.21720621610822488
0.9637910844285178	0.12500353077088525	-0.07465220214757269	-0.2234007868952835
0.9817508025388999	0.044546456952881786	-0.09863104204254589	-0.1563742064177227
0.9352027189859716	0.02446799347719809	0.12583771359798876	-0.33009401923221215
0.9820504777982425	-0.040710391069701	0.09907148283684362	-0.1552558031240846
0.9518640834461141	-0.026121477918998496	-0.14661200704380575	-0.26791296054353825
0.9646523251917395	0.10579653297185275	-0.09884760770181676	-0.22018659260939086
0.9771460904576272	-0.022588798092408387	-0.1206335741957844	-0.17355922585925843
0.9359312635994959	0.08995370520500927	0.09362998953033079	-0.3273750537189591
0.9220392341052768	0.04582203561796198	-0.06273409237499264	-0.3792208136116299
0.9378226844135571	0.12292159132158784	0.052691962655308	-0.3203161751423892
0.9309491273028156	0.03449558264667685	0.11157722719577273	-0.34596863950840256
0.9351412691874188	-0.09262918242703505	0.08841449930079906	-0.33032335300252613
0.9284373568100509	-0.1006585663761502	-0.04004368721761023	-0.355342694604353
0.965243936646223	-0.06366031771730776	0.12937081104303472	-0.2179786686029187
0.9596995511546391	0.1377550397982859	0.055105958600274924	-0.23867059695425724
0.9300358268000494	0.07473254732615954	0.08593039562403959	-0.3493771233873044
0.9660680378246312	-0.0953175949926007	-0.10697554906324397	-0.21490308113452153
0.947873472324164	-0.032135632473840874	-0.14326157131459297	-0.28280612400390526
0.9316832511597647	0.05169530466836235	0.10718148233434817	-0.34322885197522035
0.9612589743146146	0.03482544121051283	0.14334887840514235	-0.23285075049072934
0.9359314009081733	0.03645757418290081	-0.12461608163913648	-0.3273745412759984
0.9614263760900423	-0.07141867156463852	0.12895651322569135	-0.2322259985595558
0.9291416810618627	0.08238277154498935	-0.07417253209074627	-0.35271412071158864
0.9296043102259105	0.08002112940407859	-0.0789947742381595	-0.3509875651662991
0.924284875275807	-0.05909795058348964	0.06842967700609784	-0.37083996666764246
0.9821874663098579	0.015663512258562905	-0.10543508947891865	-0.15474455503868262
0.92776716381055	-0.031433444868532875	-0.10103355608178674	-0.35784388892936714
0.9750764687464893	0.026838137564712233	0.12506802407387235	-0.18128315923767274
0.9292093270836901	-0.08734974012547217	0.06863545697717384	-0.3524616623211989
0.9788421261843135	-0.022019342422709476	0.11583403388202315	-0.167229534355813
0.9609227130433075	-0.11883736130481705	-0.0877481900256858	-0.23410569463986536
0.9398318448445095	0.11567673281691829	0.07402679846379506	-0.31281788633351776
0.9326644870091338	0.0811154857560179	0.09083832150063359	-0.3395668299311667
0.9823712555285079	-0.028240495062598656	-0.10205451903306606	-0.15405864433679767
0.9453267863993008	-0.09646801951954241	0.1077300716107654	-0.29231048526641534
0.9332223141474207	0.003446634582905398	-0.12324006707791622	-0.3374849907092391
0.9803107428682059	-0.043309536009462746	-0.10465432451629134	-0.1617485822746836
0.9721693340256894	0.12705882668601373	-0.04275339956593622	-0.1921327337201455
0.9844304976219294	-0.05369813692794262	-0.08116599718336058	-0.14637344821906406
0.9760335734621005	0.11609037710876505	0.047960595294736535	-0.177711195810848
0.9846946513932517	-0.0669917761290272	-0.0689274071542923	-0.14538761292347824
0.9684079972907984	0.13994517120354252	0.009753699334190707	-0.20617023351913383
0.9781380700072905	0.06392302486802189	0.10152992578939929	-0.16985710777984603
0.9411769898767081	-0.13339626304331775	-0.040643129760232904	-0.307797736729804
0.9581825327886458	-0.026268772563791162	0.14662185393588106	-0.2443321865721593
0.953164837839809	0.09541404413465537	-0.11477451234189417	-0.2630584790581001
0.9583153402221343	-0.1488866610384798	-0.0028655557579734814	-0.24383654248275793
0.9279949605092946	0.10497177780828891	-0.019019691894770888	-0.35699374007585605
0.9801308244814776	0.09320714149394568	-0.0653890209580161	-0.16242004683516947
0.9550359643371352	0.13196599543845203	0.07011920681452513	-0.2560753399026905
0.9777256954581617	-0.11773700730135231	-0.028527790683294668	-0.171396110548943
0.938041068845787	0.022046333974612926	0.13233263137897858	-0.3195011533457254
0.9228241800917971	-0.039526197058596	0.07237422402969035	-0.3762913553087388
0.9503130074335849	-0.07716919335022213	0.12663928116805848	-0.27370165502869803
0.9396146129840718	0.007337074435597522	-0.13677588779253702	-0.313628606673694
0.9655462960081708	0.07078497205144597	-0.1252429953916992	-0.2168502481019855
0.939976169165603	-0.053559393981273004	0.1267195963327327	-0.31227926063442885
0.9433932212116098	0.13859495371888908	-0.032931074113907645	-0.2995266487866242
0.9904802126557479	0.008174214051327676	-0.05963873663802891	-0.12379560434153974
0.9399190482757689	-0.05597086160638565	0.12557038303805396	-0.3124924386974634
0.9654712388507307	0.14358344548716503	-0.010172788725267091	-0.21713036522702317
0.9335088672717661	-0.12320105192955941	-0.014396756310178331	-0.33641555989011496
0.9507056506305541	0.1190507656984019	0.08873039551861304	-0.27223629066836286
0.9843621655124535	-0.07438331038141945	-0.06323245110994569	-0.1466284671234166
0.9518023094352552	-0.07850411497998107	0.12652481492440246	-0.2681435042906506
0.9561017314254976	-0.0871003540649529	-0.1213659138795302	-0.25209784297988735
0.9391783328910073	0.11755735330350989	0.06882921821324645	-0.31525682614734185
0.9928718257171151	0.03166282900758621	-0.0028089123375230236	-0.11486998288447225
0.9418848283026412	0.12051782489830842	0.07216793339268608	-0.3051560477606721
0.9275910018427614	0.03558090208354947	-0.09892282841276703	-0.35850133434351567
0.9412826396663564	0.11976640119007895	0.07173648013865358	-0.30740344634702754
0.946613518548152	-0.10245898397572935	0.10374950658265786	-0.2875083355111704
0.931864992252745	-0.03614063554588323	0.1139323808421038	-0.3425505849823947
0.9839742529486706	0.09178527237587052	-0.03799446349282169	-0.14807617652034843
0.9605653744403552	-0.09416057264912522	0.11408892927364461	-0.2354393004615888
0.9313728563277857	0.11661863723600777	-0.018496221988764723	-0.344387261258573
0.9825668914310922	-0.10137108758742401	0.027867024397602906	-0.1533285212085683
0.9318687259442816	-0.04032216971500341	0.11253196520947778	-0.34253665065588035
0.9507932449588625	-0.1256041046234444	0.07925339762216858	-0.27190938418466093
0.9683390797331217	-0.009681383617579538	0.14004788675184515	-0.20642743734591706
0.969057672215244	0.13352296732930394	-0.039831771456156385	-0.20374561369269947
0.9291575509380919	-0.07472490558870531	0.08195706248281229	-0.35265489352719104
0.9727853450025616	0.09940771260410454	-0.08814718821594372	-0.18983374945643824
0.9583886412236273	-0.12450359192609013	-0.08165257513774836	-0.2435629794209399
0.9416798434916672	0.13061382485452605	0.05090584696484042	-0.3059210614900067
0.9847234537362367	0.0673014252966364	0.0684392009254612	-0.14528012111608116
0.9694741907151165	0.09395415639530666	0.1020350465242674	-0.20219114548888303
0.9916313338626844	-0.013347609701030763	0.046999934207630135	-0.11949956151158297
0.9679208988061675	0.13021030310675627	0.05399404407813187	-0.20798810981206645
0.9920348001628551	-0.03305740857960875	0.029182615327212093	-0.11799380478020446
0.9827549866206142	-0.07011522421922334	-0.07734100315565706	-0.15262654040461265
0.9282949055174522	0.043750491057309465	0.09852879844345236	-0.3558743300659353
0.9176288538931148	0.03658516441566362	0.007462808725134504	-0.39568057664411516
0.9568945749617248	-0.03683444354071277	0.14465752449433344	-0.2491389106202346
0.9538721744954254	-0.128608194751014	-0.0759600360236357	-0.26041866272128383
0.9387369991390286	-0.12366853096095683	0.05523454693550291	-0.3169039061328209
0.935236544566111	0.11240590054608676	0.06179630325780211	-0.3299677804485365
0.9877368974459793	-0.080029268464041	0.0024655871090679335	-0.13403379608557306
0.9586828788991906	0.14474818626321106	0.034436715200367674	-0.24246486946623716
0.939133291404881	-0.04337217033155421	0.12905283259548533	-0.3154249232620134
0.9628916965774356	0.14234746886608535	0.03402769275779213	-0.2267573480512327
0.9616983379067696	-0.06319508269275805	0.13298176988703	-0.23121102324181095
0.9814080553203056	0.10105125365635673	0.042098601953240916	-0.15765335645166953
0.925664486179977	-0.06611909054990772	-0.07101745850733895	-0.36569118867860423
0.9256384774650167	-0.07097048640400402	-0.06599660557868442	-0.36578825452427566
0.9173154459552243	0.010624241883050908	0.030485935414863472	-0.3968502309918177
0.9526318262711899	-0.03711856117311952	0.14444559494791542	-0.2650477053132084
0.9714230286447278	-0.08795446854628954	0.10299655654420793	-0.19491798331985624
0.9620880339875707	0.08013262364741781	-0.12319600538246651	-0.22975665766875053
0.9535846918194856	-0.06136164848752576	0.13613649867923577	-0.26149156267418705
0.9722073230714299	-0.05395787529203134	0.12264151506194237	-0.19199095667131122
0.9807516827219719	-0.009753837815327467	-0.11134647607643249	-0.1601029723373469
0.9864228625722476	-0.01832126757108302	-0.08561859429109013	-0.13893784099725684
0.9792902541020294	0.1164556599791236	-0.0044186780450685866	-0.16555709819860737
0.9476871495779288	0.017504018537168847	-0.14563509553221202	-0.2835014899594609
0.9442481433837516	-0.08061798305739262	0.11866397266339737	-0.29633603580367385
0.9324064332689386	-0.04867744171673429	-0.1108518711821122	-0.34052989960065855
0.9572666800752705	0.07856572368185455	-0.12683757701900958	-0.24775019543072616
0.9828710286406732	-0.04242465234110808	-0.09487802134238486	-0.15219346568993952
0.9314974325897689	-0.0612296539764	0.10139471945412608	-0.34392233631943464
0.9594419482848144	0.0016812759414763026	0.14847502634982057	-0.23963198395261873
0.9295191100758907	-0.08608727194549774	0.07188619943202605	-0.3513055364549852
0.9223679611395006	-0.025572853033634175	0.07552429261939164	-0.37799398761808545
0.943620786661446	-0.14068037725477375	-0.02409720497673684	-0.2986773629657885
0.9886880240313136	0.06661112233239438	-0.032137794794936156	-0.13048414334467578
0.9222465964937114	0.06667916184076021	0.04234416544095569	-0.3784469266424131
0.9496738837244328	-0.05412318219104778	0.13771790342875787	-0.27608689718357554
0.9401906807242709	-0.10087818989470065	-0.09405370136163807	-0.3114786925986694
0.9571800191048887	0.040763183477851114	0.14354181852725043	-0.24807361857522425
0.9600283733802555	0.059867203309355514	-0.135580472829735	-0.23744341570159916
0.9226549533002579	0.07582586262986428	-0.029789081432655136	-0.37692291829276486
0.9406866476674643	-0.12949558506196576	-0.049701107837319194	-0.30962771876779716
0.9356044181311608	-0.07835694998556318	-0.10261569428064182	-0.328594857613009
0.9585087899145349	0.14104402726011672	0.04756872711387463	-0.24311457840200973
0.9308800329921714	-0.06896638908662	0.09398515831111426	-0.346226502986241
0.9537522066799952	-0.14627028192761318	-0.030173831750775558	-0.2608663887037427
0.9234517897170527	-0.039907278282057805	0.07619897348198137	-0.37394908429996565
0.9575827846363113	-0.14898978295378984	-0.006344678270180468	-0.24657047714841737
0.9301784853555999	-0.10989331546439592	-0.03160395269758069	-0.34884471440985576
0.9724950967342846	-0.12275492100925128	0.052299392721849754	-0.19091697074045696
0.9762679165353567	0.12070295124129224	-0.03256630320423175	-0.1768366155550541
0.9862363701030884	0.06548333938185799	-0.059599875616808795	-0.13963384036738793
0.9881232133364463	-0.054430243843014856	0.05540048083273505	-0.1325920455545792
0.9913808112188061	0.03483857980871625	0.03802480444422916	-0.12043452474698355
0.9338563712223665	0.09633390646869061	0.07954584711689291	-0.33511865749064296
0.9386938602077066	0.0048451442908375025	-0.13527826428235337	-0.31706490281629907
0.9224847416203772	0.043851326795167775	0.06744479780842251	-0.3775581569301214
0.9859369193074281	-0.04957524503397809	0.07523116341763475	-0.14075140595115912
0.9495203866486847	-0.14664624263461265	-0.01911267201306808	-0.27665975606908116
0.923489121865536	-0.04851516643252671	-0.07127681691257036	-0.3738097588250703
0.9806423064546858	0.1063160938687813	0.03568920342544221	-0.16051117012400082
0.9459304318556239	-0.004425256954090358	-0.14512958006452903	-0.29005764975365944
0.9542841837150038	0.08903756892546481	0.1199775969280486	-0.2588810233806307
0.977754083413677	-0.09368320515725126	-0.07668173658504857	-0.17129016525663693
0.9922506023884039	-0.019765706430905642	0.03626200695104979	-0.1171884199100697
0.9197951148222816	0.035272007158687106	-0.0500218745389485	-0.387595980794013
0.9808460503829111	-0.041077561638438724	-0.10360185950502211	-0.15975078743213028
0.9711907658821317	0.058280166386054336	-0.12272013142887714	-0.19578479975057128
0.9312617605721112	-0.09591364326199062	-0.06829181838025761	-0.3448018762632555
0.9755931971964961	-0.08936482307784195	0.08979828898220649	-0.17935470240853135
0.9486376022733035	-0.06456761753481656	0.13245105887700853	-0.2799543522101316
0.9294299267707036	-0.08312078843788673	-0.07484250349449961	-0.3516383730811306
0.9589255064316493	0.12164060768527471	-0.08552488449640472	-0.2415593711877861
0.979482516282969	0.025333828923842904	-0.11313759277333053	-0.16483956597096677
0.9751476067784607	-0.11570031595561284	0.054158891949324175	-0.1810176684880052
0.940003085697571	-0.09760805810364119	-0.09701164093145845	-0.31217880676956106
0.9540521323036866	0.10316326704417875	-0.10804322587192958	-0.2597470510376346
0.9251371820376094	-0.020840755503694165	-0.09226934932753197	-0.36765911452896166
0.9746762386590373	0.11543308382401442	0.05721940534888401	-0.18277683825876134
0.9268459235100787	-0.013393355295666518	0.10125495200044608	-0.3612820045367062
0.9469912381362225	-0.13008163540622025	0.06658765552660359	-0.2860986668174768
0.9374393580511848	0.05671177097254074	-0.12029231855566563	-0.3217467686026429
0.9392056796393957	0.13198456811727044	0.03391516095672314	-0.31515476669293424
0.9270766363899684	0.04602466940271566	-0.09223536609499604	-0.3604209723469972
0.9424374101466015	0.07503787627318101	-0.11964615762082603	-0.3030937842436717
0.9321432331074437	-0.1176734102885914	-0.02512757734538521	-0.34151217597591793
0.9240518755138352	0.0254053903893605	-0.08552613703662974	-0.37170953361747316
0.9675858365639023	0.06294308704346362	-0.12662951346579698	-0.2092385791238979
0.9719585879063416	-0.13411963794798987	0.009517851558436322	-0.1929192489450495
0.9284358403804984	0.1056372301167321	0.02398360319485195	-0.355348353996489
0.9632968324583873	-0.07752685130661072	-0.123747030423425	-0.22524536035955178
0.9365828491527034	0.03951382836726809	-0.1251522019880672	-0.32494330332891075
0.9738340891886079	-0.06364206836482753	0.1141520398679925	-0.18591978286997096
0.9755411580032499	-0.12597765766756083	0.01453498596731478	-0.17954891532171055
0.9344238326428441	0.11956103890137866	0.040837292370722936	-0.3330008626380853
0.920576719717818	-0.06434706230954708	0.02049468462210813	-0.38467899161242675
0.943185133324591	0.14158526765735266	-0.013167318986293999	-0.30030324335341846
0.9866500211166133	-0.002306994619335267	-0.08629916067422247	-0.1380900737683108
0.9842645853422084	-0.09343847118676671	-0.02975973040778758	-0.1469926412765823
0.9574201461149364	-0.0849101105433672	-0.12263867244443966	-0.2471774523734564
0.9292016858310073	-0.002561911494697828	0.1110330435385739	-0.35249017986444464
0.9810645470662854	0.05383685833222978	0.09671350857657371	-0.15893534670849196
0.982347922186695	0.06690277599751651	0.08219290500252627	-0.15414572555395384
0.9876366887328412	0.0430598724182253	-0.06822145634812984	-0.13440778009436574
0.943672449996103	-0.05826944097921149	-0.1303608496461174	-0.29848455277596014
0.9434738678243708	0.022936984396267665	-0.14069453783478159	-0.2992256715303422
0.9824144247695898	-0.010955442045102806	-0.10515429215228501	-0.1538975345357554
0.9733771464608343	0.04198009131718307	-0.12478548952843074	-0.18762511634617152
0.9617878648552403	-0.14713967255877228	-0.0031424385085533635	-0.23087690412147183
0.9667752771813724	-0.09933520920302737	0.10208933296304881	-0.2122636279220515
0.9612485524347482	0.012592526420663518	0.1469866039833395	-0.23288964547590116
0.9925160390251658	0.02090045933329865	0.03119543354544762	-0.11619779689548396
0.9770232802792068	-0.022970526780943048	0.12089563107576697	-0.17401755968480997
0.9608491556215292	0.14492437123784896	0.028839932931758613	-0.23438021467521547
0.9423071209503108	0.12478841521232806	-0.06575945964617436	-0.3035800301439064
0.9638281864144363	-0.11286855464366853	-0.09192308053945401	-0.22326232039877392
0.9818167227068532	-0.038395380269431	0.1009242606423073	-0.15612818900167763
0.9217210110480726	-0.03417517476628842	0.0674674391554231	-0.3804084382292561
0.934988758887629	0.12711344332791696	-0.012178973902747844	-0.33089252919001905
0.9813329881405884	-0.06774175569790353	-0.0863343907805421	-0.1579335109803549
0.9768351740658773	-0.030196117538407043	0.11980945283353217	-0.17471958163017515
0.9753793813477359	-0.09620553489138566	-0.08321401048843671	-0.18015267401956764
0.9815626229593313	0.10814439746610176	-0.012906547642527999	-0.1570765021696196
0.9512172815620027	-0.023053931360871208	0.1468931221337123	-0.27032685803747303
0.969654439039526	-0.12689945489433646	-0.055291153683383075	-0.20151844958420756
0.9679488976676747	-0.0677576917144426	0.12356467395989909	-0.20788361663836738
0.9570510752512391	0.12508438049522286	-0.08141023796387743	-0.24855484358836796
0.9641798642893812	0.0384908421440273	-0.14004967898034046	-0.22194984070158158
0.9588038702117518	0.09508956903605859	-0.11437947132062831	-0.242013323740484
0.9395633895851383	-0.12497370125286837	-0.0558512288560826	-0.3138197750010503
0.9526964069703584	0.03938228169899375	-0.1438610810008661	-0.26480668686272335
0.957202446620381	0.04921018631121583	-0.14086459577678223	-0.24798991794791905
0.9381198352352039	-0.11168791455479017	0.07459056444205428	-0.3192071931784924
0.978086637786876	-0.06552917330819943	0.10067658701215162	-0.17004905543957866
0.9694420138560418	-0.09832965125839083	0.09789600196101421	-0.20231123116177777
0.9725080097460744	-0.10561209893513715	-0.08150683926216308	-0.19086877872437874
0.9731687050993999	0.13190390757818332	0.006951894048752551	-0.18840303009744347
0.9872902903871036	-0.007274649449746023	0.08240340403823489	-0.13570055632031586
0.9664795661453518	-0.11087459033937053	0.0899916430281654	-0.2133672365328389
0.929922735452771	0.10423084025950698	0.044946273168261705	-0.3497991860412437
0.9823573738628183	-0.07179607960048584	-0.07790559501698703	-0.15411045141844476
0.9775257689998996	-0.010377850200376508	-0.12125476577329955	-0.17214224624895402
0.927800561725365	-0.10319711359508787	-0.023946070565610596	-0.3577192462144112
0.9395491024885191	-0.0806373066232597	-0.11058385470316573	-0.3138730951715256
0.9780494770101027	-0.0885596390666069	-0.08131754757749475	-0.1701877413465453
0.9222979980052872	-0.0777925009340768	0.015421214198749984	-0.37825509358962645
0.928870686284761	0.00014909745903980004	-0.10989770600746003	-0.35372548698831796
0.950376153121675	-0.09068381303872887	0.11737957568651952	-0.2734659921124673
0.9254848490725844	0.09274738179663557	-0.02559087327481292	-0.36636160349031827
0.9769366106097048	-0.05284219349691543	-0.11139017830496335	-0.17434101529486676
0.9744561413408389	0.07274686426079893	0.10693364285150961	-0.18359825263288743
0.9843917951187935	-0.01877415594592319	-0.09567044103946257	-0.14651788792714734
0.9610860489443875	-0.132912197652971	-0.06424576015817782	-0.23349611675833415
0.9633229013008813	0.1440862595276145	0.0235899166624891	-0.22514807011486945
0.9481063333057285	-0.10023191751443629	-0.10751478597500527	-0.2819370749896063
0.9710471883649375	-0.06757445734819739	0.11814930234492287	-0.19632063833956448
0.9674638793967039	-0.14145105406428732	0.005812158677021315	-0.2096937294682298
0.9640601522184947	-0.08075718363689241	0.12085548007036043	-0.2223966122324093
0.9409281713266934	-0.1384776400434859	0.01289055771892689	-0.3087263402003243
0.9743434269889932	-0.011251503950301674	0.12909427300485465	-0.18401890832071766
0.9387344772301492	-0.12980081340310082	-0.0386688370368961	-0.3169133180248909
0.9476731632231898	0.1220158465936479	0.08139419544571781	-0.2835536877459594
0.9290991871364007	0.10889442647307893	-0.019938774821562255	-0.35287271020042577
0.924337700292472	-0.03493324370457632	0.08368622065487646	-0.37064282102153834
0.9480759796300847	-0.041941415701648305	0.1408561355575841	-0.282050356449305
0.9780992359780178	0.11803483152300544	-0.022112667938225115	-0.17000203835015415
0.959624990749623	0.13472121127962855	0.062237565679232464	-0.2389488601740103
0.9301734751816059	-0.09534650307495487	0.0630925490488504	-0.3488634126337561
0.9807343662670608	0.06061887566622306	-0.09397763145526501	-0.16016759822688187
0.9836185764705647	-0.06396666827512205	-0.07798289486630827	-0.14940357920769676
0.9880102192840133	0.06846353971508547	-0.03815617819853862	-0.13301374509921193
0.95743284886519	-0.07104941202999679	0.13115281846261176	-0.2471300450641141
0.9430279711393429	0.03718873891032577	0.13704226818488457	-0.3008897806137929
0.9887242805597892	-0.05724767698796896	-0.04643471192103911	-0.13034883213829876
0.9831357986658912	0.0510107412249956	0.08932442940530046	-0.15120533050350485
0.9910815092188546	0.051794252680084064	-0.017321137625797945	-0.12155153501760935
0.9249191858188359	-0.018833937667484122	0.09163875308861899	-0.3684726874932821
0.9656502281832035	0.10876960332989193	0.09398326162229699	-0.21646236794422238
0.9173009755886926	0.0003180469772078873	0.03202884890405208	-0.3969042351349181
0.9216496015451363	0.06034011459060054	0.04480704166784915	-0.3806749421223576
0.9401200272306101	0.05055132401241286	0.12820136369475071	-0.31174237502674423
0.9795219762387011	0.04210334063756619	-0.10789093236783996	-0.16469229941131047
0.9359556989707795	-0.07381595680414385	0.10688035031529564	-0.32728385967182666
0.9798744615582476	0.08176402903860852	-0.08042824322238881	-0.16337680628984053
0.950266901427735	-0.01438851921978375	0.1475769945770634	-0.27387372498506424
0.9468457396033882	0.0825807750482006	-0.12041640790517635	-0.28664167473444135
0.9316093144046553	0.1185877279638748	-0.006745140233604913	-0.3435047877018355
0.9424598095616787	0.03139375594850813	0.13772714010153103	-0.3030101884885439
0.9292255174210808	0.10722308400869661	-0.029266271851095562	-0.3524012391594647
0.9677093809206462	-0.014773944228492663	-0.14047148439335466	-0.20877750530754136
0.9915302736785507	-0.02608051491621558	0.04262738958314023	-0.11987672325339194
0.9932612162659922	-0.016741761998577843	0.01698554587941705	-0.11341675757207606
0.9881429842672244	0.009671298167626984	-0.07693386478764146	-0.13251825943640214
0.9472157367271915	0.14630467584448476	-0.0018843274909013455	-0.28526082666975333
0.9229343269311832	0.07182523744431886	0.041801641850208196	-0.37588028170785703
0.9341194253565634	0.10131775869417071	0.07421674718940328	-0.334136926096679
0.9663917344298776	0.09616299587159205	0.10570775018637124	-0.2136950289575049
0.9817461088085772	-0.01500349030761132	0.10719655726356252	-0.15639172365776402
0.9784184212002359	0.01720391108159456	0.11791660009016909	-0.16881082288381105
0.9866632039253536	0.08605550509782281	-0.005906685281985406	-0.13804087485630576
0.9552975394279591	0.09767887089008216	-0.1130923695369542	-0.25509912837374116
0.978215845776017	0.008426228962619287	0.11945644783957605	-0.16956684465936078
0.9337503158489129	-0.08312756640174013	0.0928988775957121	-0.33551446153278774
0.929059025050436	0.09406070000951859	0.05811160461128416	-0.35302259714578366
0.9511227810243904	-0.12747911330394243	-0.0764664523711423	-0.27067953884518464
0.9340891309518684	-0.12198423884790166	-0.029568353564370688	-0.3342499863541861
0.9337816832890147	-0.12456902475969227	-0.0065507513306057655	-0.33539739665262447
0.9379095036305437	-0.07412631676148679	0.11151712333442493	-0.3199921614135217
0.9537343414960874	0.059326047818418506	0.13705897565370098	-0.2609330624777729
0.9475956853844496	-0.14368135209300953	-0.029177540389905318	-0.2838428389765984
0.9772768116726887	0.09167295275324519	-0.08107036944864206	-0.173071367643022
0.9758661250365107	-0.040237415554834156	-0.11942564231254517	-0.17833612184279668
0.9634439740307509	-0.13153429153631008	-0.06313515289360146	-0.22469622053558505
0.9219722221487551	0.031407940065495396	0.07058749649294432	-0.3794709056380835
0.9430134651517981	0.14058059013377136	0.019886191732636074	-0.300943917696324
0.9310343378461371	0.10198258719121825	0.057447854919717295	-0.3456506294313864
0.9787768820386602	0.07326112529749548	-0.09263588572422901	-0.16747302882228796
0.9255757788750021	-0.06374656671692171	-0.07261932346253988	-0.3660222488477731
0.9302861795866734	-0.09313868784411851	-0.06693600047005388	-0.34844279406780726
0.9791267560860083	0.08384603463548984	-0.08166439054927477	-0.16616728110133483
0.933985124309917	-0.12284083747500656	-0.024479144412507908	-0.33463814442627343
0.9813156064518574	-0.05048768148130548	-0.09750480176423543	-0.15799838032582011
0.9282329963072329	-0.07675018048202491	0.07537820539460319	-0.35610537838393025
0.9339290599023841	-0.04365796526727889	0.11725069502706428	-0.3348473796436825
0.9777185259699686	-0.07887333705203528	0.09197652523855318	-0.17142286744314394
0.9684856749511516	0.14003241607939756	-0.00630134000621527	-0.205880336544083
0.9645993125730923	0.10471280354342989	0.10007044653961529	-0.22038443839562435
0.9350399031782518	-0.12257873504541902	0.03621115618861979	-0.330701656098898
0.9482497180939403	-0.10172618402268048	0.10624121121885892	-0.2814019556749671
0.9415072419226685	-0.13850431095009375	-0.019960850727614103	-0.30656521931497577
0.94578533362302	0.09141708532695865	-0.11262835013193741	-0.2905991637298254
0.9605141588305578	-0.1470871747878294	-0.016006547927604156	-0.23563043971949338
0.9440861034676207	0.0943423787504917	-0.1078291229843041	-0.2969407770035291
0.9793454236245971	0.06140352100830337	-0.09884901914865483	-0.16535120273735532
0.949220711677297	0.03134247479570204	0.14435021501411713	-0.2777781582880564
0.9353315285777402	-0.125568819965368	-0.027248461758225977	-0.3296132952912299
0.9719663984434164	-0.11901438130694575	-0.06253244602731631	-0.19289009962385228
0.9800411455752275	-0.03380625708282905	0.10902929342643837	-0.16275473306966182
0.9393321280571192	0.1284636299503834	0.046118866977455035	-0.3146828547734537
0.9845807432483337	0.07194763847415481	-0.06452090273055304	-0.14581272390770805
0.9475188201910459	0.026910241157056695	-0.14406330460049835	-0.2841297037837143
0.9208912000850195	-0.02513112650947214	0.06520339091237111	-0.38350533490404803
0.929989295726249	-0.06951462539215839	0.09001043877862908	-0.34955077971885845
0.9799485907948634	0.0987732060180359	-0.05781828015732538	-0.16310015221246424
0.9214603187731252	0.07370764247252902	-0.005130925071859263	-0.3813813550445002
0.964451042797086	0.0667752312284933	0.1286924553025857	-0.2209377887329064
0.9271561367650003	-0.05965266401842634	0.08446043924155003	-0.3601242729081576
0.9874366527670723	-0.0804971469753372	0.014912232388792291	-0.13515432448195636
0.9315605422725572	0.1071894042950228	0.050840592521302894	-0.34368680777681865
0.9796081779092896	0.017684098297426933	0.1141814321735272	-0.1643705903969767
0.9223443758379674	0.07680721820239272	0.020868587405907954	-0.37808200916171925
0.9812082417152296	-0.050701618012997225	0.09782365069002247	-0.15839907097785655
0.9406039531867789	-0.06637458981865137	0.12164737146728917	-0.3099363387712208
0.9624324016910987	0.13355717853932025	0.06072185970183534	-0.2284714599026983
0.9577949723119681	0.14474452084729664	-0.035646926196925124	-0.2457785819621263
0.9204965332028687	-0.030985312761519432	0.05931094693355007	-0.3849782517602992
0.957832714658263	-0.07688177052034156	-0.12770196494217226	-0.24563772560815672
0.9593298471140603	-0.060020407190963646	0.13586619902359134	-0.2400503512174609
0.9735639787928816	-0.11935489369226265	-0.05464035111544337	-0.18692784859047434
0.9766268306483246	0.08995093051224594	0.08549632256556758	-0.17549712984990468
0.9168084823595977	0.012755897531671922	0.017438918920172297	-0.39874224488828414
0.9795957638962226	0.02290831856523637	0.11328911983890513	-0.16441692012446857
0.9843619085392695	-0.02282471620166128	0.09492353096631777	-0.14662942616039504
0.9325470596585077	-0.10825700038346271	-0.055072248192352645	-0.3400050747699017
0.9262103540187338	0.05993498708957093	0.07935967920083638	-0.36365398217014633
0.9844571157830017	0.033736493835031564	-0.09115877099353721	-0.1462741078895382
0.9344445883384238	0.11845834986504039	0.04407878765033474	-0.33292340132763554
0.9911532918395058	0.003190974865852096	0.053807515792187954	-0.12128363863023861
0.9909111656712183	-0.0537400856553715	-0.016653438687074012	-0.12218726579212966
0.9257205857604506	-0.09243875896645236	0.030323432949261434	-0.3654818221939935
0.97892106306865	0.10863480297375161	0.045219004567759985	-0.1669349378928781
0.9478571836532961	0.07418081527100534	0.12668967961583957	-0.28286691415117216
0.9513936717604776	-0.0631164206251031	0.13470436543812725	-0.26966856085480767
0.9893328274916999	0.05744423478750994	0.038946348445149576	-0.12807770406961771
0.9880686756064896	-0.06263212698689644	-0.046506365741837516	-0.13279558313370668
0.9753922462580332	0.0518226680973682	-0.11613220014057737	-0.18010466152070326
0.958538960587995	0.1291243280170615	0.07402706738788015	-0.24300197991575823
0.9269528422908109	0.03653679855440818	-0.09584866485897439	-0.36088297821473037
0.9428190801233721	-0.12216150483316791	-0.07186333271210531	-0.30166937249864056
0.9280037307125487	-0.09969528938989936	-0.0380626187397578	-0.3569610092317188
0.9264401479967671	-0.019871224576230882	-0.09845086962754981	-0.3627963793688526
0.9332048576275488	-0.1138870862478314	-0.04709913720816861	-0.33755013932832456
0.9846373228269711	-0.07371586818427883	0.062092650443129394	-0.14560156604556218
0.9781842844988903	0.10576663317584918	0.056356456657172725	-0.16968463294914954
0.936650088526478	0.11288644559037964	0.06721704957976093	-0.32469236256971445
0.9588785774132991	0.029755944418880374	0.14570821162327757	-0.24173451266861848
0.9365295889902606	-0.13080526400049358	-0.009216520276659618	-0.3251420729611666
0.9288230813223318	0.09948287299339666	0.04629688117349651	-0.3539031511267959
0.9694295263666451	-0.08640302638699246	-0.1085919748906631	-0.20235783510666527
0.9249105255963834	-0.02521262287704243	-0.09004944449289023	-0.36850500788348006
0.9310542004228433	-0.07301929612549814	-0.09155948900730429	-0.3455765012859497
0.9399473804788825	0.04452445311668103	0.13011934424412458	-0.3123867014759532
0.9745791757168916	0.1257753715403907	0.028914750283433138	-0.18313908209038127
0.9849775759625037	-0.04227885623761579	-0.08485297046774179	-0.14433172405632044
0.9446198581240205	0.10196873581656646	0.10149344412725618	-0.29494877750706816
0.9399560120118509	-0.06485381399930541	-0.12129036244110256	-0.31235448815636807
0.9533357675745943	0.06257097307463519	0.13554053623942927	-0.2624205606033573
0.9885304465944893	0.05609831718264898	0.049805676356752454	-0.13107223034503054
0.9879268561705685	0.07618228496744517	-0.02052481165922761	-0.13332486047406486
0.9899779247259474	-0.02537974180869558	0.05921643379526513	-0.1256701684155842
0.9798739187481487	0.11370891407808559	0.014991445659626849	-0.1633788320847085
0.9838757374876343	-0.03662761006121375	0.09279750732836561	-0.14844384122626683
0.9838417524285938	-0.09609229765475212	0.027357466663957417	-0.14857067519330408
0.9255254072561505	0.06446575797512401	-0.07167250480237075	-0.3662102382885868
0.9781706959882255	-0.10211567119195393	0.06280439107505278	-0.16973534596134973
0.9404748848922975	-0.025604774997633042	-0.1359854188880582	-0.3104180282038716
0.929545836583738	0.08021452402793318	-0.07851534660284834	-0.35120579176979017
0.983861707887743	-0.010540433542686082	0.09926690021333855	-0.14849620040587122
0.9810619298728361	0.08251667214529033	0.07378983156129165	-0.15894511420741803
0.9279161910430863	0.025662661290335946	0.10323982402788098	-0.3572877117258304
0.9739243220798168	0.12236403700549106	0.04535853399298566	-0.18558302913546543
0.9182059683550751	-0.022740651744609246	0.038953236440304066	-0.39352675615029664
0.9530146610878726	-0.14919930366703496	0.002770320301941097	-0.2636189463264426
0.9355338902710325	-0.11656837502167039	0.05514093874125808	-0.3288580711703572
0.946841761857616	-0.1329508611371523	0.06035549795490858	-0.28665651988376273
0.9284612571172559	-0.0072129287237380525	-0.10817864967542563	-0.3552534974435473
0.9489293032167978	-0.037671464811624526	0.1426462558853815	-0.27886570946839495
0.975056157818967	0.12460378428365203	0.02912582072743736	-0.18135896065113472
0.9487612498910332	-0.02888558291013448	0.1445732912998764	-0.27949289301852964
0.9853103299155529	-0.05830057814173661	0.07273159991336843	-0.14308986939712134
0.9253086056511705	0.01942329899874959	-0.09339975570365647	-0.367019352893535
0.9538503035607987	0.14330981121758957	0.0420891591272409	-0.26050028616051973
0.9657776592170707	0.12415141571497817	-0.07217787732287866	-0.2159867888513687
0.9406101522492235	0.081843045535214	-0.11183945477940825	-0.30991320355521806
0.9312051635706317	-0.04849608805549178	-0.10710291405358495	-0.3450130991483329
0.9839889180246434	-0.009554067937955716	0.0988138684595458	-0.14802144571172107
0.977778067169291	0.08935369740018856	-0.08158617089958768	-0.17120065666212875
0.9725084551291483	0.014634608869275562	0.13260044024163492	-0.19086711653211808
0.9742788591150602	0.12133149124893906	-0.045909377451962254	-0.18425987890677248
0.9382737607745566	-0.11662448422775833	0.06718823967659758	-0.3186327352450459
0.9716521778703964	-0.13225399623474426	0.027213241479561237	-0.194062786767146
0.9204108012536196	-0.0579397735111959	0.03212834706637302	-0.385298207750729
0.9907311033514685	-0.047890704380137844	0.03261842532841204	-0.12285926751796436
0.9656390504248566	0.06139449202860671	-0.12999200858141136	-0.2165040839062871
0.9728987634847567	0.10804067421014606	0.07693428446820585	-0.18941046591836894
0.9585094891634088	-0.10495115472288627	0.10555275906844527	-0.24311196876968522
0.9263553699899557	0.07973045931588385	-0.06048053270533185	-0.36311277519763685
0.9301986303277172	-0.0757617682584302	-0.08573491652110143	-0.34876953235039687
0.9637746356695218	0.01876176520568799	0.14439911486697973	-0.2234621744995781
0.954481927244754	-0.13477799629412276	-0.06450826324711924	-0.25814303448073483
0.9524669868853777	0.13331082002182032	-0.06676893561694354	-0.26566289427614836
0.950412288428972	-0.042107447219140115	0.1422446359464339	-0.2733311333096879
0.9287328467697115	0.06572320957970745	-0.08746338928098074	-0.3542399110617731
0.9416253670137367	0.04103707314656069	-0.13396080257312845	-0.3061243704734608
0.9509983554391244	-0.07978182198155526	-0.12537134257567936	-0.27114390145115913
0.9270473085587166	-0.031916371437661725	0.09788996556803431	-0.3605304253033047
0.9329394631840874	0.00037621725731842165	-0.12253193602070114	-0.33854060487536936
0.9882339102007585	-0.03117275302536425	0.07036143481060492	-0.13217891923272754
0.9529491997011685	-0.14902491468393012	-0.007455338697930462	-0.26386325154755574
0.9706148661206467	0.1075773457207378	0.08459310603251141	-0.1979340869204998
0.9381345612601723	-0.12269819933726521	-0.05468590132425101	-0.319152234905117
0.9666418101229034	-0.10772258814442291	-0.09344463371926258	-0.21276173376539415
0.947208241461188	0.14347799172391446	0.02865159935002419	-0.28528879938329477
0.9500823267828553	0.0375151868851778	-0.14335822238194912	-0.2745625669375443
0.9575800578999811	-0.10498038688494378	-0.10591285293850237	-0.24658065346694052
0.926920994738077	-0.09444696479882563	0.039685205721570437	-0.3610018348996301
0.9378587878350051	-0.029185643200725465	0.13058690889875904	-0.32018143533921806
0.9594147555452464	0.1256668738838237	-0.07911401686793104	-0.23973346863828354
0.9726067688940093	0.03452981816953467	-0.12866016018499116	-0.1905002045665734
0.9810197386677062	0.07980621349073143	0.07692601381790765	-0.15910257392859528
0.9631535751991479	-0.09559031738117589	-0.11054895621367683	-0.22578000372958607
0.9261816872449239	-0.08559789496002718	-0.05038294087274141	-0.363760968026494
0.9776066688637362	0.120543709148739	-0.01501060551888114	-0.1718403238467906
0.9620009379808602	0.09969948199130242	-0.10805840050257762	-0.2300817043909306
0.9483815319388827	-0.0677827552216787	0.13064275257045604	-0.2809100197085009
0.9275428119838346	-0.067395415011143	0.08043631096237586	-0.35868118134544025
0.9669994770238398	0.13841650659737703	0.03242756456605069	-0.2114269027189141
0.9769149674911308	-0.0471553309515956	-0.11397614112860577	-0.17442178851301904
0.9903578120990071	-0.04643499563972508	-0.03995665080077945	-0.12425240943817167
0.9529843956252104	0.12509478654857792	-0.08134815148147381	-0.2637318985708125
0.9682700323870744	-0.1144542908474798	-0.08145316792074099	-0.20668512554949306
0.9232017320861793	0.08141366876037527	-0.023100400412206457	-0.37488231208320555
0.9836247583726564	0.030652087079402146	0.09606377097123735	-0.1493805080350034
0.9805548031580738	0.10040764210311022	-0.050614284629589876	-0.16083773687278685
0.9792148864753273	-0.08790266646101498	0.0768697667463658	-0.16583837401070575
0.9448665937039903	0.136050966433169	-0.047590130859535784	-0.2940279477865863
0.9795686263192244	0.09100408628530272	-0.07139555187670575	-0.1645181989406204
0.9690305069955517	0.06664297363782748	-0.12241320570849086	-0.20384699567279013
0.9502198307923484	0.007957067193223293	0.1480401545440451	-0.2740493949878716
0.9382215121607842	-0.0962653942227303	0.09392681593382479	-0.31882772972626927
0.9302638091408415	0.11173792804749563	0.02555996473106303	-0.34852628170824007
0.9557938831621606	0.10728983496801979	-0.10398571381545871	-0.2532467483396824
0.9357782091307131	0.001417820877146321	-0.12949279186590346	-0.327946260772782
0.9602943691298175	-0.14114077786419033	-0.04477799738806382	-0.23645070604963664
0.9302451248965156	-0.10809599583137072	-0.037948432507194964	-0.3485960122573654
0.9206017064331291	0.04911589468790675	0.04662548284520468	-0.3845857399213712
0.9654331552012682	0.0420474691068335	-0.13770800974453445	-0.21727249534175525
0.9699101120309435	-0.13651548697129587	0.02029462998154099	-0.20056426499011445
0.9901607534649304	-0.05632402633733169	-0.028059323565412457	-0.12498784227261586
0.9636077690556749	-0.04765364948516723	0.1377502871882359	-0.2240849291805414
0.9785827773578459	-0.007307801299590567	-0.11845659950643964	-0.16819743735307358
0.9226579472421083	-0.07641454224054438	-0.028296056172381446	-0.3769117447496647
0.9780030590526319	0.10962463523206643	0.04969500833133525	-0.17036097552221036
0.932082377736932	-0.05054459890393839	0.10900431830184078	-0.34173929131058084
0.9426672877746048	-0.1017283954399513	-0.0984032390507914	-0.3022358692564399
0.9244527265713566	-0.06047678308688535	0.06834948417358445	-0.3702135371045354
0.980580420304023	0.03175928595469902	0.10777455149125395	-0.16074213238255902
0.9853919608010284	0.05875265222031538	-0.07185534595481169	-0.14278521878505973
0.955253704762654	-0.1255816469337514	-0.08099723739975498	-0.25526272157179225
0.962761321459094	0.1461487417951353	-0.00955962570465312	-0.22724391461692628
0.9836828930683885	-0.08591164804188388	-0.052320082584491334	-0.14916354639684856
0.9862804926420978	-0.019569217604419698	-0.08611727696399346	-0.13946917281004617
0.9282268488438921	0.10630068354462514	-0.016361562395584853	-0.35612832102945574
0.9651938556077899	-0.13034201007445054	-0.061770251820662564	-0.21816557358284666
0.9317428120566725	0.11864924801318406	0.011143727104064406	-0.343006567681816
0.9624144378431706	0.0026332982544893385	0.14670265410860914	-0.22853850189586525
0.9430599990370966	-0.09427122568703977	-0.10624514301340411	-0.3007702508721162
0.9541050660711927	-0.1296996041467878	-0.07413226609436643	-0.2595494995278657
0.9845210990391653	0.04062236915332246	-0.08798701176109743	-0.14603531912670176
0.9474571490094079	0.05853482455216322	-0.13430596779016704	-0.28435986376695027
0.9745217929431788	0.005326504897825456	-0.12907553492544327	-0.18335323751735694
0.943993779294477	0.08261217090842839	0.11692905183376984	-0.29728533550846786
0.9449451351819753	0.11423759418881226	0.08802451350054158	-0.29373482700024434
0.9330391324713915	0.09427591933468778	0.07868928305752602	-0.3381686340311963
0.97935039989136	-0.054167603980943876	0.10297468630386074	-0.1653326310569644
0.938592472788482	-0.12348589733159498	-0.055001486118970114	-0.31744328581609366
0.9866862411311843	-0.08533437505903911	0.011694096095311152	-0.13795489883368076
0.9459850698019815	-0.14413391075242363	-0.017957559872234373	-0.2898537381618316
0.9811809318785882	-0.058335538582933916	0.09358621253639018	-0.15850099267574833
0.9420506568761761	-0.07891852577872499	0.1164883686187538	-0.30453716709889306
0.9504198409307406	-0.08959223252570264	-0.1182406740642809	-0.273302946989363
0.9401146391155635	-0.07385732478475956	0.11633449456144879	-0.3117624837458551
0.9455425843334251	-0.14387499734863213	-0.016552143533985396	-0.29150511641209487
0.921331432703286	-0.040626216920688914	0.060655059659050915	-0.3818623644055283
0.9193625569831518	0.04550435062203495	0.03488808608184103	-0.3892103086268577
0.9517895155632128	0.13341590522000557	0.06610874999074744	-0.2681912516711384
0.9830989527175034	0.0694830362652987	0.07605196366595433	-0.15134284145494134
0.9623432182437887	-0.08087743238007011	-0.12248659060899562	-0.22880429705925348
0.9897758570885288	-0.06601621500250356	-0.0015841996769039614	-0.1264242951049958
0.9286063604674973	0.061756779930626435	0.08975382869846686	-0.35471196436809777
0.967611659980221	0.11831234698426965	0.07739122807861153	-0.20914220482217166
0.9620112905578433	0.07953856474032209	-0.1236449772595352	-0.23004306804764024
0.9287291356868438	0.10691412413502052	0.02314811862668563	-0.3542537610115867
0.9376137504832796	0.10195744790889452	-0.08592170427427957	-0.32109592718561003
0.9609262784484437	0.14771937408537616	0.000653923390504102	-0.2340923883667471
0.9332601042637915	0.06308782722646603	-0.10604036564018046	-0.3373439560749197
0.9246691448332808	0.08648674980407269	0.03234703009838574	-0.3694058531553485
0.9672356677700681	0.1315910370959551	0.05300552028222505	-0.21054542685371253
0.9735958868429655	-0.09524850953372195	-0.09022890585837444	-0.1868087661263908
0.9731628107855523	-0.11607149488563151	-0.06306790476261992	-0.18842502797619815
0.9818717833555813	0.06882301856177425	-0.08294157481968467	-0.15592269986312618
0.9365703944822669	-0.017396055026953974	-0.1300573459279724	-0.3249897847917713
0.9323552838689029	0.11136807294453376	0.04711813910317383	-0.34072079176036846
0.978997401404272	-0.020593768549686597	-0.115618982553287	-0.1666500393457715
0.9931577467551141	0.014447202828678151	-0.021860142467732185	-0.11380291104370693
0.9713230099537925	0.11763658228129034	0.06748754945377924	-0.19529125815613352
0.9261063386432375	-0.09875248289511014	-0.0069493196442374575	-0.3640421728362664
0.9903388793139378	0.011783973048424134	-0.060281149394951605	-0.1243230675539789
0.9571817850764132	0.11721981071069726	-0.09233252933704775	-0.24806702787976986
0.9297260108291973	0.010655514797185253	-0.11234927536003753	-0.350533372331521
0.9345981687512817	-0.019063641932173282	-0.12532423626568556	-0.3323502314238028
0.9704551123562563	0.12935042682010564	0.04550893889232192	-0.19853029608590567
0.9733455004544048	0.09104742210576533	0.09519131629470365	-0.18774322085002298
0.9929868701123347	-0.021003185967021602	0.020959099658514595	-0.11444063135638677
0.97588667412325	-0.03856942675897538	0.11992153114133369	-0.1782594316070361
0.9437638005778047	0.1115107777148292	0.08936225375539131	-0.29814362776374836
0.9453056457162541	0.007246984912376742	0.14440625290952644	-0.29238938336965226
0.9362386304655794	0.10982047802371805	0.07051253334653412	-0.32622794495817203
0.9316988846440005	-0.07229166237084719	-0.09457857589308023	-0.34317050701775287
0.9849050740618703	-0.09146701660797792	0.026190712036220906	-0.14460230483312916
0.9747634065653764	0.10213005739337176	0.0782124943893659	-0.18245152320351427
0.9822970852666666	-0.01735662766346775	0.1047461319387962	-0.15433545152239986
0.9527287616023422	-0.08088532810992784	0.12532687213439006	-0.26468593773229976
0.9791068703478214	0.11703357036265055	-0.004079823249710832	-0.16624149568659446
0.9202309390332082	0.013832236530985925	0.0633345241162289	-0.38596946269566645
0.9710058356964839	0.07950414507943848	0.11056375840427735	-0.196474968599262
0.9168246724041113	0.022024270765118453	0.0005056892461470248	-0.39868182281958264
0.9864830465198466	-0.0487604926658389	-0.0723343120893039	-0.13871323144701714
0.9283544855704406	-0.10095180704323103	-0.0384493818666768	-0.3556519742810648
0.9398529861056197	-0.00460608137911641	0.13729339063757426	-0.3127389860729185
0.9401860940932546	0.059319523893886776	0.12450567386562503	-0.3114958101386581
0.9173698450950887	0.01406990567060092	0.03009311146695276	-0.39664721063795577
0.9797999068372759	0.05915962646891454	-0.09853581239737222	-0.16365504829645103
0.9717435744463994	-0.12323769804065608	-0.0547613192669056	-0.19372169010186496
0.9723016445193449	0.11065008551223054	0.07523686392611012	-0.19163894423544883
0.9512680359179666	-0.040009768392464416	0.14322746131555458	-0.2701374402023103
0.9937080898559862	-0.0010720687015523503	0.007432579279297763	-0.1117490026296574
0.948901973265184	-0.14288596365720108	-0.03668331228777326	-0.2789677062363861
0.964558013284006	-0.13465034637050638	-0.05347768339143438	-0.2205385694408108
0.9836866103169025	0.10043384494310245	-0.005298149390463233	-0.14914967343652985
0.9448627130718064	-0.09417322563274039	0.10910960582992746	-0.29404243050306195
0.9763241043008515	0.05998771685486771	0.1095246471499148	-0.17662691995946356
0.977190124776635	-0.07858499812388994	0.09411732615564872	-0.1733948875434445
0.964116214792918	0.11630061936956224	-0.0871025646163402	-0.22218738385625847
0.920596713480391	0.0516351179634982	0.043760499522647094	-0.38460437387466995
0.9883163572571585	0.06808551351640729	-0.03471485948983777	-0.13187122262930795
0.9510531124618363	-0.10685017840831935	-0.10330914459289378	-0.2709395454603269
0.9822321431442724	-0.04819647549443415	-0.09488316316466398	-0.15457781882272645
0.9822488573030815	-0.09751948727148799	0.04245127211558286	-0.15451544073284512
0.965477010191084	0.03205025681816551	0.14032348832843394	-0.21710882629159722
0.9277284566355279	0.07526700378191784	0.07415613909955367	-0.3579883460731671
0.9436252458361497	0.057472034712705566	-0.13065272411676981	-0.29866072109923464
0.9798729190527083	0.1137428267378999	0.014757031568448018	-0.1633825629988841
0.9908618457062813	-0.027749266866401084	0.049477655626702546	-0.12237133040710169
0.9788830424024128	-0.10719700617064193	0.04880699802391741	-0.16707683295101333
0.9255169445100099	-0.08134971336948182	0.05164821010289122	-0.3662418216871551
0.9551827782362834	-0.10747819436274669	-0.10382694258583972	-0.25552742297181225
0.9921412226228958	-0.006538573664580049	-0.04223829852744372	-0.11759663075226551
0.9794878632042132	0.10799073842074235	0.042142877029808436	-0.16481961098921916
0.9349838557636871	0.10812264156188027	-0.06791691853299721	-0.33091082789768583
0.942560304465781	-0.09545258887934494	-0.10431131260527772	-0.30263513640053247
0.9713486733792914	0.07330934923701865	-0.11404480810675657	-0.1951954809482752
0.932289297377745	-0.0753991386022369	0.0943032456475686	-0.34096705669798266
0.9757615002612433	-0.048270195025860115	-0.11668885998169896	-0.17872658681982484
0.9577322007534037	0.08465201703254036	-0.12272223096147615	-0.2460128486079588
0.9524970678075328	-0.021789194331110553	0.1475039977040664	-0.26555063074632657
0.9252401331296908	-0.08574494099761756	0.04108104231821795	-0.3672748958226192
0.9774495495831658	0.08755776884807139	0.084823628320988	-0.17242670098472818
0.937277066321509	0.006835909829338068	0.13249101679776437	-0.3223524495834415
0.983867320925726	-0.008927196912816068	-0.09940070138169202	-0.14847525226293368
0.9625920522026448	-0.13137631009277678	-0.0650346112686235	-0.22787563608215422
0.9278846318683183	-0.09311768458645367	-0.05119102389016695	-0.3574054921695097
0.9291001890568054	0.11066847292784891	0.002969362242699468	-0.3528689709825702
0.9683606159628434	-0.011233905763009693	0.1399014166731319	-0.20634706304239223
0.9325837414082144	0.10105652200553207	-0.06756306050441493	-0.33986817661628554
0.989195756360676	-0.05612180430335291	-0.04250765537116467	-0.12858926049484984
0.9418735045379866	-0.13538933773029363	-0.03739012022310485	-0.3051983086256959
0.9733778290733679	0.12303109146590047	0.0468692231368051	-0.18762256880151396
0.9904104544047845	0.0501471902784951	-0.03438769336147352	-0.12405594567838246
0.9474431384785068	-0.1278791525446485	-0.07147132022192246	-0.2844121517801144
0.9187293562613774	-0.002830858822888197	0.050976393107163474	-0.39157344589190896
0.9252120532222787	-0.09380563351284127	-0.014673854076805128	-0.36737969146375304
0.9377009853052021	0.08625304110133339	-0.10190019462923859	-0.32077036239800594
0.9837706730206324	0.03201590560885685	-0.09496370636719403	-0.14883594715518825
0.923386503093974	-0.05435114401233791	0.06620509349433645	-0.3741927372943502
0.9797227661883393	-0.008362683881905413	0.11487418765008647	-0.16394294111761118
0.9775256033117266	-0.06438077886520018	-0.10327460650189556	-0.17214286460563416
0.9314003110042008	-0.04989635129712933	0.1071064515249649	-0.34428479901128595
0.9226079997855777	0.015252376573721891	-0.0797422604753084	-0.37709815119514545
0.9726175908826775	0.03423508191689403	-0.12871689642673273	-0.1904598163550249
0.933627074648324	-0.11282428814465	-0.052272032439608415	-0.3359744039549716
0.9783419832365027	0.10220241611606623	0.06171013875481206	-0.1690960932480906
0.9793163676010828	-0.11483998366423577	-0.019347801003885844	-0.16545964129337704
0.9799530801620265	0.10322485075369213	0.049400367139422266	-0.16308339766611762
0.9218526726151127	0.02774167954533445	0.0712816154181951	-0.3799170705716581
0.9390158646260356	0.13126998750526642	0.03532501587252887	-0.31586316596683356
0.9340305383917779	0.12495038584833351	-0.01025046679298515	-0.3344686567653896
0.974647531363935	0.08066654408707481	-0.10054128422748126	-0.18288397534263107
0.9682959409106361	0.11165369230767001	-0.08519180068033369	-0.20658843362321194
0.9545569098679658	-0.06628899065456875	-0.1339158240720709	-0.25786319552122355
0.9232117561855847	0.08218891765300028	0.020404283228296037	-0.3748449016349245
0.9222334513182266	-0.07115399790989425	0.03410805052121127	-0.37849598510519655
0.9398366226909788	0.07039145347106576	0.11793341941155581	-0.31280005516774384
0.9692470700643738	0.033950629229599794	-0.13484335095504318	-0.20303877129690268
0.9473555481192613	-0.13540421718355433	-0.055739039739946816	-0.28473904345107187
0.9449548417291223	0.13996188178605454	0.0348159462724537	-0.29369860167312595
0.9396830526115247	0.13695905521170568	-0.005934964935426498	-0.3133731865067887
0.9645510268524817	-0.08461637548083525	-0.11761217533399772	-0.22056464315822322
0.9664554340863982	0.018895892595262677	-0.14157266982377972	-0.21345729860294488
0.9507603676040598	-0.08694741224938915	-0.12038860449906745	-0.2720320841432035
0.9340383049873815	-0.12065021625633163	-0.03414785942608119	-0.3344396714359948
0.9675713208754139	-0.1349021263457562	-0.04246997898626413	-0.2092927524108439
0.9808163849799972	-0.10140351758150176	0.04648490425191212	-0.15986150022303186
0.9406281281853014	0.12319189284526319	0.06354420607438219	-0.30984611644846166
0.9503622118682885	-0.14271497035890876	0.04039796232600459	-0.27351802157842664
0.9268300256925542	-0.09968684786837143	-0.02193341594347115	-0.3613413359994369
0.9853202528730343	0.0561639236827013	0.07433369994977866	-0.14305283641563943
0.9863772826709971	0.08572475929193694	-0.018976322509823135	-0.13910794750452798
0.9712600181062425	-0.034786568552204064	0.13119954089930042	-0.19552634693165255
0.9666291341653909	0.06538026728077809	0.12675113280105968	-0.2128090410828657
0.9240877625838396	-0.06706573352897428	-0.05912332014988499	-0.3715756012488818
0.9775319841846827	0.10575124454365235	0.0601907509776313	-0.17211905086356527
0.9627837736222712	-0.14297756733474218	0.031671745455305184	-0.2271601220032091
0.9345391746444563	0.07073998755735716	-0.10502054072666595	-0.3325704004278221
0.9917587325704359	-0.04382102504430554	-0.018099641564670366	-0.11902410306143577
0.9313777062992743	-0.0023490817979791925	0.1180674850738109	-0.34436916091856196
0.9369082370224998	0.03529259471521286	-0.12711003909581498	-0.3237289392666639
0.9320754344536777	0.03939570466077079	-0.11348968358194116	-0.34176520399645716
0.9173274208843659	-0.03234221074541786	-0.0031221410019720546	-0.39680553994784395
0.9271281764754983	-0.10262894719548193	-0.011661191263391633	-0.3602286221291734
0.941559610686449	0.1282537088588047	0.05616089190453183	-0.3063697764278175
0.9430252118633313	0.13738695049859714	-0.035880613964968305	-0.30090007837206023
0.9326713024862894	-0.1214983478351315	-0.008604336126974102	-0.3395413942241443
0.9839856269388144	0.09760077509141576	0.018231565792926473	-0.14803372821124708
0.9808276063148559	-0.11060059604244549	-0.014226854444410308	-0.15981962163121047
0.9679317976722908	-0.06623397845618242	-0.12441446683815607	-0.20794743468994936
0.9239813777830691	0.0414471559177818	-0.07859329353113129	-0.37197263473051057
0.93462972812067	0.0800784682432755	-0.09836823285622055	-0.33223245025379067
0.9705386115847101	-0.12346212006313641	-0.05934025713376659	-0.1982186727229232
0.9525950470025734	-0.14901724999371255	0.005785212959500331	-0.2651849674123509
0.9612925431282893	-0.04251676112516643	0.14123677699320863	-0.2327254699725457
0.948385280179272	0.11808260697070573	-0.0878594217544136	-0.28089603108492894
0.9279588760410569	0.04345812323929301	-0.0972780308339166	-0.3571284091446833
0.9510554539736547	0.11997030061016911	0.08773339361234768	-0.2709308068192544
0.9919768674463727	0.008928928833993363	-0.04391539134716843	-0.11821001262153683
0.9790274463377767	-0.11326467525566605	-0.030683825494074966	-0.16653791012742208
0.9333295939760503	0.12345831488642099	-0.00527963233150467	-0.3370846169381666
0.9820946866834055	0.10418512680324192	-0.024131418636683787	-0.15509081331851038
0.925135682920412	-0.04114726191215712	-0.0851676731637901	-0.3676647093105087
0.9747234501905383	-0.04339685941547812	0.12119370292093343	-0.18260064242449636
0.9831165165221342	-0.08690118831039569	0.05518404844276214	-0.15127729244368487
0.9416223530529451	-0.0786879257735383	0.11591607961949857	-0.306135618728267
0.9665285111303862	-0.03882745161968953	-0.13735867175404728	-0.21318457136191504
0.9322904379210344	0.10278210337784371	0.06336203525812181	-0.34096280013247865
0.9635524696712232	0.1339872832708564	0.05751047459236632	-0.22429130929294264
0.9735896800994555	-0.08583700945858051	-0.09924198980441198	-0.1868319300085195
0.9759411236387091	0.12178560344066015	0.0316728803197238	-0.17805622324889542
0.946694409563005	0.11793266992670536	-0.08587221649211363	-0.28720644613386304
0.9548231227087084	-0.06325067068608983	-0.13538879834651327	-0.25686967567394514
0.925711130852523	0.09662222516507833	-0.010967738761891646	-0.3655171083907601
0.9771686429112365	0.08023427879931573	-0.09279174390314213	-0.1734750589565533
0.9582571791497236	0.12842943056248785	0.07541153128591654	-0.2440536025600167
0.990762515156557	0.042914506603480174	-0.03850163659722478	-0.1227420370654167
0.9222235760558809	-0.03861630953145986	0.06874114765766622	-0.3785328400860092
0.9347734982302763	-0.06942550976231956	0.10656659999154978	-0.33169589290013013
0.9365257080955564	-0.12873752440760558	-0.024888984475723484	-0.3251565566573817
0.9361068776692685	-0.08003649219033235	0.102724591915414	-0.32671965308804385
0.917551897849121	-0.01729592925912064	0.031762908908450564	-0.39596778051024967
0.9903813636371044	0.03353825403503163	0.05102071701006572	-0.12416451390139588
0.9755328658733199	0.08342575203693497	0.09553452084041575	-0.1795798619719126
0.9791199717821217	-0.06671403437001754	0.0961942723091791	-0.1661926004681336
0.9835123888888058	0.0934424188724491	-0.03913939461414627	-0.14979987665795386
0.9774357942640657	-0.09929010013440624	-0.07079598166480733	-0.17247803653448396
0.9363408003729	-0.07322034761644142	0.10829890286776392	-0.3258466416730468
0.9390954672213466	-0.06248058117540441	0.12088807383237933	-0.3155660850367187
0.9697173678520977	0.12959391981260604	0.04835862272015105	-0.20128359605842994
0.949751546972874	-0.0870553514929485	0.11970526223612643	-0.2757970539945124
0.946393768568955	0.08710987863953662	0.11669364465452464	-0.28832845359849585
0.9351762316915994	0.10745606247000013	-0.06979454242479319	-0.3301928711605646
0.9313188299248425	0.10188875296823195	0.05934994155759786	-0.3445888905393071
0.9417647874785088	0.08902680867076879	0.10844113306436846	-0.3056040462153167
0.9620606605957345	-0.007718055303808251	0.1467809299842688	-0.22985881655785906
0.922641016491707	0.009137378286658438	0.08087004559346496	-0.3769749311703722
0.9458477447320038	0.030277071994517915	-0.1419252903090796	-0.29036624230014113
0.9508857713999085	0.12308616356100421	0.08318053580319848	-0.27156407080563416
0.956335259286232	-0.02708699153897147	-0.14688264138994836	-0.25122630513864375
0.990798369047341	-0.04962037060462168	0.02869900717014599	-0.12260822852336198
0.9822655155654451	-0.0972905757420001	-0.04281574246116575	-0.15445327125133834
0.9717611914661785	0.11852226213913394	0.06426535673567584	-0.1936559424889716
0.9772871452037077	0.01035692937356238	-0.12191070147439781	-0.173032802380237
0.9544803369993198	0.08130848996074119	-0.12536078079540527	-0.25814896935749176
0.9322097947335398	0.07025816235778734	-0.09791696580391536	-0.34126376460549257
0.9339948521360083	0.0765299260503742	-0.09918868625774778	-0.3346018396850536
0.9350519031790451	0.044921781032719384	-0.11969129161731809	-0.33065687148624656
0.9278907059488352	-0.09098306953228022	0.05494029865522125	-0.35738282339241156
0.9243502828646367	0.049885177611638784	-0.07580719310174017	-0.3705958622229298
0.9926802110084799	-0.0071740691372387975	-0.03427267657738148	-0.11558509871257633
0.9309077218981003	-0.10048037131256948	-0.05927277491626726	-0.346123166582508
0.9415596673301653	-0.10170256272422545	-0.09622718542802829	-0.30636956503059043
0.9605011646152795	0.013281209933112097	0.1473654027617371	-0.23567893479111637
0.9629444918592117	-0.11147087025308494	-0.09477644794688865	-0.22656031337724392
0.9880334222698047	0.0606465427779808	0.04941989497614609	-0.13292715037735112
0.983684035373288	0.05935138836149209	-0.0812073855604731	-0.14915928325692596
0.9423301613158624	0.06699479851161684	-0.12416493191552033	-0.3034940423290424
0.9789367895432528	-0.10981106304342034	-0.042149864406315685	-0.16687624589063654
0.961921828300097	0.14183420865574178	0.03893477066594452	-0.2303769457389093
0.9390792581430698	0.0947747522488947	0.09761022709229569	-0.3156265781403915
0.9363365490624358	-0.13050921243885522	-0.007405294184878973	-0.32586250777969805
0.9809903142717472	0.014603714404807924	-0.10998250120184079	-0.15921238726929632
0.925455126327498	0.09149987926605717	-0.02929958694030734	-0.36647253028512095
0.9802831101315349	0.11038748704657327	0.02576142409435609	-0.16185170905189172
0.9346226701565172	-0.11354065278315487	-0.056507348564149185	-0.33225879093460664
0.9172915034468807	-0.031213810945751368	0.006400082411455752	-0.3969395856494168
0.9748086309628957	0.047112729545545996	-0.11958898424943754	-0.1822827434542305
0.9350777005515953	0.11861496957749737	-0.047852652649842994	-0.3305605943811872
0.9624329806755572	-0.04436646061398479	-0.1398433203546207	-0.22846929910328262
0.9837706030647815	0.07233994030499932	-0.0693550048717258	-0.1488362082339783
0.9779854497783167	-0.023811472850075573	-0.11803480705669675	-0.17042669422863868
0.945373199071165	0.13102373404095424	0.0613034305367009	-0.29213727081690277
0.9403540601273356	0.032409822145201536	0.1343292205207581	-0.310868952365522
0.9799121122822534	-0.11176523331713595	-0.025193210177108436	-0.1632362918749093
0.9486359349555552	-0.14433999432408423	0.02962947095966094	-0.2799605747246808
0.9410708933937417	0.08336281959320241	-0.11159238672586849	-0.3081936941947385
0.918875951106869	0.04614065923598962	0.02522741367837867	-0.3910263464804066
0.9618962860294635	0.08188744144422698	0.12219866714920438	-0.230472270790654
0.9702105694543094	-0.08529858868152258	0.10788009235684043	-0.19944294262060172
0.9472015942481057	0.04376008302681976	-0.13960780987955626	-0.28531360712024667
0.9367710119722055	0.03440653452394481	-0.12705900186089858	-0.32424107012643333
0.9464765872549779	-0.14565709261246765	-0.0033050905124469288	-0.2880193700544421
0.9853717677885913	0.08135985402630708	-0.04487658679025709	-0.14286058013343328
0.9593010206941445	-0.1386021279900209	0.0534337822547267	-0.24015793288118711
0.9545465337093395	-0.08800764770292077	0.12075665056389742	-0.2579019198724043
0.9325533787417499	-0.11878647840347088	-0.025427420135805647	-0.33998149163018454
0.9913553210509707	-0.001003169701637694	-0.05182878790848897	-0.12052965534843876
0.9318226511629137	0.07127234840118203	0.09579985293321187	-0.34270860408089276
0.928484289380332	0.10282379880397985	0.03464403841733846	-0.35516753986753413
0.9232332960582983	0.07015289036334373	0.04764884329699707	-0.37476451373556874
0.9777259208840938	-0.0769891312308513	0.09353266265377863	-0.17139526924791082
0.9365298380008716	-0.12022725297963609	-0.05234985087762706	-0.3251411436409147
0.9335984567705171	-0.10407914021792036	-0.06790343266375913	-0.33608120732895136
0.9365475345688556	-0.007424617695155844	0.13095713213737312	-0.3250750991500785
0.9827543562095583	-0.10132685916212106	0.02512297643935906	-0.15262889313070324
0.9695375513953938	-0.07873300156344509	0.11407172322689499	-0.20195468021088597
0.969741416837898	0.1303344744026278	-0.04621197225014166	-0.20119384402155271
0.9303289694933441	-0.07450631902810097	0.08738248810346472	-0.34828309996206097
0.9288724066081009	0.10951319783569945	0.00925924549571032	-0.3537190666542077
0.9438480949220869	0.030839459810569958	0.13963368561089534	-0.2978290369880969
0.9837991237752969	-0.09995102854011575	-0.005341555403603669	-0.1487297674932667
0.9732251463914401	-0.10573453500080435	0.07897244782177354	-0.18819238832790436
0.9818801332855283	-0.1017487361490603	-0.035446115260306284	-0.1558915375003247
0.930198551552881	0.0658855933787656	-0.09353796826615346	-0.3487698263420878
0.9649672680678675	-0.09519533877138073	-0.10867432547901826	-0.21901120979419914
0.9914939586682608	0.048822873964409624	0.012374009051963617	-0.12001225271687127
0.9187195101341188	-0.02522036240667061	-0.044270220597837966	-0.391610192139096
0.9825028793646426	-0.07725801454805624	-0.07166826014948091	-0.15356741749285535
0.9307332778435441	-0.003544623124036212	-0.11606315056936566	-0.34677420065719056
0.9403403466664219	-0.06289454081553203	-0.1230161813402069	-0.31092013169839977
0.9472186077568419	0.12680743468960415	0.07300107753450455	-0.2852501118412279
0.9403261308888157	-0.03300308291924435	0.1341388901825733	-0.310973185702695
0.9710416159960709	-0.05897929705771634	0.12267707015155346	-0.19634143470329346
0.9823263605064918	-0.0006437337572134556	-0.10606030306435896	-0.15422619483996838
0.9867052145481366	0.08521358299743241	-0.01180859159636558	-0.13788408907762173
0.9390148892444288	0.017034655462177174	-0.13486667145417375	-0.31586680614054696
0.9667529507769959	-0.043003120633991046	0.13582428389953496	-0.21234695119753477
0.9845832240291457	-0.09506662817475993	0.01730781944113939	-0.1458034655076753
0.9844750033998884	-0.09140050036108999	0.032837888256626833	-0.14620735039449084
0.9175027619011152	-0.025502152618477172	-0.024547542483263324	-0.39615115836468484
0.9780779847674874	0.08083586430318682	0.0888895578552411	-0.17008134894757584
0.9888456421974356	0.0010918045869194627	0.07287083027827641	-0.1298959043405125
0.9661245295314087	0.08955503854613814	-0.11176102083066135	-0.21469225121462196
0.9872120611163511	0.07073527565831131	0.043759614509175246	-0.1359925119334034
0.9688746310897072	0.08535654567721415	-0.11047670650543598	-0.20442873247307752
0.9512178993257806	-0.11965231062612494	0.08827496175839114	-0.27032455251166665
0.9680011827437951	-0.0492152877390325	0.13197370347946563	-0.2076884860778086
0.9360339117885664	0.09170956387350435	-0.09222866365287954	-0.3269919654620429
0.968447980629129	-0.10103816764706612	-0.0972375412105408	-0.20602101366902809
0.9399034271801426	-0.12777727446741954	0.05066115121972227	-0.3125507374200105
0.93076991150121	0.10544576537607732	0.0488980417913161	-0.3466374819855138
0.9562004720284697	-0.1349960085263158	-0.06394587827256787	-0.2517293380328253
0.960550572258407	-0.13314310688182193	0.0644812489141286	-0.23549454295668235
0.9347215465901296	0.11238201480968615	-0.059288174558803336	-0.3318897790606943
0.9816113012749705	-0.1059132083718202	0.02461010206282764	-0.156894832222427
0.9643395238101026	0.004241659967695308	-0.14503001494204784	-0.22135398325833733
0.9327985494287117	0.11974709872314473	-0.024112354454482204	-0.33906650216991663
0.9684275992192548	-0.11522734869981947	0.07996647778838353	-0.20609707812620826
0.9382986152339277	0.06588008055725994	0.11742149121684832	-0.31853997713987847
0.925668341669233	-0.031249009975891598	-0.09188089408152407	-0.36567679979681295
0.9329596614765002	0.0500427002545992	0.11190750855997883	-0.3384652238218582
0.9527020672101217	-0.05879865939399887	-0.137076966141768	-0.2647855625603435
0.9546334407428616	0.09700694393685791	-0.11365930558061832	-0.2575775784077647
0.9797233941940912	0.0568423850803636	-0.10017232482941738	-0.16394059736823785
0.9843239107709822	0.08084616714573999	-0.05503217509052266	-0.14677123576221762
0.9892177891423474	-0.026083743743145878	0.06522075143242369	-0.12850703303422062
0.9523397389288869	0.12680973413411362	-0.07835170488531631	-0.26613779011493105
0.9179077870723094	0.013049676941918425	-0.03917396105123263	-0.39463958384744435
0.9896728149646998	-0.050819604379007816	0.04341200056256671	-0.12680885354644544
0.9210264502773844	0.009021232719824555	-0.07028125870023039	-0.38300057431440837
0.9829427228242301	-0.018170241336077513	0.10203904685004174	-0.15192589935429834
0.9587202114337552	0.0006043844379291299	-0.14877339256563615	-0.2423255425504665
0.9212520286300266	-0.018082563308169423	-0.07016014017263827	-0.3821587044412599
0.9770631240009815	0.07586546301284715	-0.0967558910445766	-0.17386886089078415
0.9699983619463968	-0.13787091931701376	0.0008760797182554431	-0.2002349118218793
0.9262060298677135	0.0736150534112681	0.06683754841996997	-0.3636701201214535
0.9597645896191099	0.025718308684746557	0.1460912450184521	-0.23842787010040595
0.9384931915670928	0.13038112293671297	0.03500964678331435	-0.3178138083785557
0.9669777811828467	-0.0652817880937525	0.12631974757725153	-0.21150787269981305
0.9352348530819008	-0.0024283337176435812	-0.12824574310176523	-0.32997409315354903
0.9552984723473483	0.08244696166193025	-0.12463361622351546	-0.25509564667118106
0.954928677855635	0.13045169001069096	0.07289562635564553	-0.2564757385026147
0.9368160600107812	-0.0463689351713546	0.12329767057847217	-0.3240729485576873
0.9881929612094341	0.07011927547021797	0.032346072895732644	-0.13233174294886857
0.9821240612523359	-0.05276951809485107	-0.09288992558665586	-0.15498118593481194
0.9778975286744942	0.1015257978202404	0.06520526933390977	-0.17075482025516192
0.9607954825130799	0.1072712911602351	-0.10167048715425826	-0.23458052544294822
0.9668191087409507	-0.012171588999464626	-0.14186695791434703	-0.21210004631473023
0.9665229638564169	0.08370138693086027	-0.11563282091475408	-0.21320527407021167
0.990491001327009	-0.03426881150664951	0.0493744929365232	-0.12375534047224743
0.9726254877165564	0.11742010913186329	0.0628367912157075	-0.1904303449697696
0.9755769141233981	-0.09528347051178876	-0.08355138182012928	-0.17941547166463617
0.9657114252459688	-0.007128658956038401	-0.1435043288200324	-0.21623397739670797
0.9281601195038365	0.10609937601381497	-0.016027896030725436	-0.35637735831689876
0.9609454359218849	-0.05949047824679848	-0.13519975749099228	-0.23402089170251994
0.9421925714410232	-0.13495209660060542	-0.04050319456895713	-0.30400753473254966
0.9413634333589224	0.08688587313129828	0.10942642279534655	-0.3071019201814403
0.9239894242424326	-0.04568729859537745	0.07625557860972934	-0.371942604935345
0.9777310326979893	0.09740423839858903	0.07200446486262418	-0.17137619169873392
0.9743916214753666	-0.054018750540469194	0.11766965824641785	-0.18383904404892742
0.9600707541009036	0.11018944194851187	-0.0990865518277271	-0.2372852486988792
0.9693629298922469	-0.11146209525845299	-0.08283940885589527	-0.20260637653272406
0.930639860459634	0.0981059561845737	-0.061566273832741825	-0.347122839080253
0.9749592872916601	-0.07732189971933551	0.10224175652372418	-0.1817204863808001
0.9612558562078585	-0.14020019596663424	0.04589327271410229	-0.23286238742356635
0.9845027834351434	0.0486646596796874	0.08390313928647966	-0.14610367389148265
0.9243128209440304	0.036741800155893345	0.08277022807830466	-0.3707356720139815
0.9251705455386107	-0.08204429536475866	0.047397393244292985	-0.36753460024810647
0.9852616574084497	0.07312746197433986	0.05818172368936875	-0.1432715176665621
0.9463837020677179	0.12345910692325095	-0.07720605264794286	-0.2883660222925668
0.9243131126027433	0.056838581007603944	-0.07050187341739916	-0.3707345835288467
0.9636205488206537	0.10294762540896349	0.1031723892036088	-0.22403723444833193
0.9754352496364033	0.1022505821288018	0.07543863494389728	-0.17994417072772922
0.9764990567434256	-0.10962873748068164	-0.05885819781205207	-0.17597398855486895
0.9665327417157	-0.08683806690779675	0.11328141705939099	-0.213168782602578
0.9660216882544816	0.14209687633878976	0.018784672872708658	-0.21507606008522878
0.9279762774218411	-0.10627260139816525	-0.008476070012665662	-0.3570634663074749
0.9307412334318153	0.11603903806247196	-0.004893140291519722	-0.3467445099975582
0.9879570483120831	0.07386464866503321	-0.027191891623228378	-0.1332121818679432
0.9424353416579794	0.1412222359880051	0.0011769285584330644	-0.30310150394830465
0.9716267226127249	0.1339961967027418	-0.017008377037169096	-0.1941577870820958
0.9587873316709228	0.11010135182972824	0.10002108205636229	-0.24207504641514105
0.9306217611879817	-0.11052380036839536	-0.03444506772000905	-0.34719038648163947
0.9716905398491344	-0.13026106821069836	-0.03528074070395643	-0.19391961791341686
0.9596338849113729	-0.11364942176955414	0.09542494465098664	-0.23891566671046888
0.9221600446249517	0.06239487462980778	0.04755062869550734	-0.3787699426141145
0.9523386174098464	0.1334649677500336	0.06638304718837099	-0.26614197568097203
0.9324510653507843	-0.09270728161664654	0.07805878539942937	-0.34036333040356304
0.9620935711158931	-0.009447331016078739	-0.14665633963477678	-0.2297359928245232
0.9479835425855123	-0.07272450466443539	0.1276370773051368	-0.28239533619615087
0.9337812532164468	0.10323472680838613	0.07001908295178408	-0.3353990017052989
0.9847714990449801	-0.0909378481509496	0.030019266146781277	-0.1451008135827857
0.9320066238351754	-0.11525188158734781	-0.03319039723349471	-0.34202200872080807
0.9300444800562693	0.028956188941036957	0.11016802935979506	-0.34934482899544117
0.9427977526394977	-0.04966593396143801	0.13271493164756692	-0.3017489677520573
0.988540876653675	-0.06990562694683553	-0.02702612680675791	-0.13103330483422387
0.9448146774662961	-0.11104092484769017	0.09180810655585642	-0.2942217018233988
0.9357280662296498	0.1284447824664196	0.015601216144200347	-0.32813339662718916
0.9196335292042541	-0.010999875546322844	-0.05877661526703405	-0.38819902653026406
0.9746363399921105	0.04384559609444833	0.12124248984199804	-0.18292574211088622
0.9707323541850498	0.12799659060599303	0.04786492653182761	-0.19749561549486477
0.9294312273007792	-0.0634326437424405	0.09212904772379496	-0.35163351943681154
0.9391856397931296	0.13411777439739803	-0.023939159508286262	-0.31522955641737516
0.993282267585738	-0.01934013509024875	0.013067137677548031	-0.11333819297721795
0.9216802302077115	-0.03111256736025491	0.06863792642203777	-0.38056063439745885
0.9892105867366042	-0.049175658110755575	-0.050231494139377324	-0.12853391277839069
0.976198776752546	-0.05897498920302391	0.11043271392091399	-0.17709464873732791
0.9884769580508513	-0.0674175499240145	-0.033702791524347304	-0.13127185230751048
0.975338825708521	0.04237468644118723	0.12003756861593688	-0.18030402972565085
0.9587972400695071	-0.08007674582098365	0.1253520680517573	-0.2420380677682028
0.9351156045328035	0.03274526236048331	-0.12373257174995568	-0.3304191347975093
0.95475699533463	0.00557377383091006	-0.14932895102440452	-0.2571164663937766
0.9813763678528298	0.011590597798283527	0.10896880262328756	-0.15777161569025255
0.9760753277323778	-0.03332665067410471	-0.12099744081705717	-0.17755536675273997
0.9246400673490608	0.03929459065006043	-0.08340149896015789	-0.36951437180381375
0.9548388451310829	-0.088037238677761	0.12074905934515183	-0.2568109987948252
0.9288079689688032	0.061071584173692836	-0.09109695111408544	-0.3539595511979865
0.9571868372461104	-0.12147087420136536	-0.08666192492514051	-0.24804817292577155
0.9471848612458476	-0.14014284155110115	-0.04196819648311088	-0.28537605553483714
0.9789020315657401	-0.0378844764938399	-0.11146563094739137	-0.16700596442868243
0.9254141041767919	-0.012977978573512329	0.09500503914752881	-0.3666256270357918
0.9710484297298819	0.09543329057614115	-0.09704359923495372	-0.19631600550252143
0.9320476531600794	-0.12004930415450904	0.001001072364429926	-0.3418688851956662
0.933241444273337	-0.018749407992498815	-0.1219054205211687	-0.33741359610736466
0.9797601620790821	0.08452687658564365	0.07806206104142063	-0.16380337775336484
0.9591688513130076	-0.09329778025845718	0.11566175195367695	-0.24065119572679514
0.981082008177464	-0.08902954267430074	-0.06566657723065819	-0.15887018095441668
0.9709961193847534	-0.013423740025043547	0.13553477665391145	-0.1965112303683026
0.9812179429641269	-0.052443310764718434	0.09686201740599257	-0.15836286542407493
0.9316835993925051	0.05304487760651055	-0.10652116638746434	-0.34322755235294045
0.9749781212705186	-0.027823157990922165	0.12508693316133931	-0.1816501970147914
0.9360983872308771	0.06964594696743814	0.11001278748611878	-0.3267513398354987
0.9790725484744333	0.053285866699065626	-0.10439694376685421	-0.1663695866618898
0.9463617604070396	0.07488065283225724	-0.12486036067962444	-0.2884479096850209
0.9733905981343461	-0.11501009000621007	-0.06402401340021885	-0.1875749140171785
0.9502686544953526	0.08608732897735268	-0.12072788597223427	-0.2738671824476462
0.9550021729882345	0.044574656220469334	-0.14263508036269562	-0.2562014509336441
0.9357873831413095	-0.09768040901593485	0.08505419734629266	-0.3279120228991269
0.984434609530228	0.08746618487753344	0.04263181831876413	-0.14635810236837762
0.9396870214624864	-0.05206165873280726	0.12682434499034637	-0.31335837455335186
0.9788849722184289	0.04557847789265716	-0.10860272551407296	-0.16706963077959197
0.9438635633811494	-0.11206024316208028	0.08886126156936526	-0.2977713079129607
0.9181660540260123	0.03929870474084539	0.021121972906842285	-0.39367571845430904
0.9723784761333201	-0.0640380796665112	-0.1173181880322439	-0.19135220474846582
0.9742947926643721	-0.11711337901524767	-0.05571643286635535	-0.18420041409119542
0.9847071479373263	-0.09569942180175864	0.008333930639676045	-0.14534097518607278
0.9179469476983289	0.027884844757286035	-0.031157131740680355	-0.3944934344014833
0.9325333636227572	0.028326140060123437	0.11807177390936106	-0.34005618907118473
0.9279028821805412	0.027560946041017036	0.10269679439676374	-0.3573373810770399
0.9833249779495553	0.10188186231611122	-0.00648331903258452	-0.15049930380513082
0.9341769263889105	-0.06536467607789281	0.10740953078593399	-0.33392232932247234
0.949545107855012	-0.0623492073887472	0.13411593882201345	-0.2765674952710432
0.9352095010622221	-0.020447821292379147	-0.12656904680192527	-0.33006870817906464
0.9442624299102942	0.0028644660059767915	0.14344619008781284	-0.29628271776075354
0.9270799892631778	-0.062300543825617595	0.08214060046712424	-0.36040845925382864
0.9855432543827028	0.03575347363889078	0.08484979968302733	-0.1422205834513918
0.9610130332880586	0.1472571444906586	0.01102351739897156	-0.23376861489750178
0.9808876177174205	-0.11080214324474888	0.010563760602541123	-0.15959565602780576
0.92623069670953	0.06673748762480915	0.07384982664050656	-0.36357806221453204
0.9249844653073813	-0.05243949038482799	-0.07785369182607117	-0.36822906112533876
0.9177014687831708	-0.03662872489151686	0.011559383583822578	-0.39540957418503964
0.9717684744637773	-0.11940204567765765	-0.06258662847255972	-0.1936287619719013
0.9202904251456425	0.002029890668615742	0.0652710652593251	-0.3857474575017169
0.9744866703414066	0.10617770774652248	0.07372604135643472	-0.18348431685166483
0.9624073999214696	-0.14092814733147	0.04085830144603766	-0.22856476777723317
0.9333113879588434	0.11821958411430589	-0.035806877690301164	-0.3371525627193861
0.9807779170072695	0.09017464963369501	0.0658907380450549	-0.16000506465171582
0.943414432322351	-0.07298454249797845	0.12236693779931712	-0.2994474878436535
0.9679350602881142	0.1385153958417585	-0.026040976873632132	-0.20793525844193106
0.9281432288525256	0.0697755425583202	-0.08143565034433502	-0.35644039508576386
0.9320241727498878	0.05939267901484818	-0.10425542070913427	-0.3419565152794839
0.9508750057867331	-0.14333354245143792	-0.03903013078937046	-0.271604248620979
0.942052705416793	0.014822187405335363	0.13992416983700218	-0.3045295218412296
0.9288353681736337	-0.10949251232387233	-0.00782704676741847	-0.3538572959734723
0.9556225879323252	0.13969808691058067	-0.053026382972010656	-0.2538860308405225
0.9612303105419776	-0.14749162718680983	-0.0036343224548893716	-0.23295772514654708
0.9776215961140986	-0.057625638608630056	0.10688941377156004	-0.17178461459002106
0.9395194009885072	-0.02845799815349495	-0.13381898687134888	-0.3139839426786311
0.9226284097106874	0.040293445675123565	-0.07062352432232186	-0.37702198031765766
0.9482283987042941	-0.14701653470817697	0.004146794674137241	-0.2814815207203131
0.9639607997086873	-0.10964205146433507	0.09556611478766906	-0.2227674008468701
0.929140723287624	0.05154998590999807	-0.09813430996637208	-0.3527176951737096
0.9334366381708614	-0.08813897142683846	-0.08700972635195989	-0.33668512256447597
0.9842216647937038	0.04497366349666218	-0.08735634402792652	-0.14715282294429033
0.93392535203609	-0.0790974493463049	0.0969277838699154	-0.3348612175890798
0.9197705830974027	-0.004580077867679323	-0.060823293211064534	-0.38768753443765847
0.9366919123819745	-0.13133478745034238	-0.005970080500069343	-0.3245362738160334
0.9212200533554566	0.05459073165463693	-0.047296586940227425	-0.38227803779054126
0.9264132416651006	-0.09768652901410413	0.022842149093660332	-0.3628967951656769
0.9350529979145945	-0.0073003398401002145	-0.12763749966432245	-0.3306527858775552
0.925037286951856	-0.09157485595638724	0.021738524110485744	-0.3680319280644197
0.9748498754607364	-0.1282179997624942	-0.007547112582730484	-0.18212881689275662
0.9314689069705699	-0.052425720103509654	-0.10611977746084744	-0.3440287953796023
0.9918359192020268	0.01350423868789546	-0.044507280847362614	-0.11873603863067342
0.9875673236152634	-0.043398543749539636	-0.06849992674666787	-0.13466665423743857
0.9376351732412107	0.054284431761719244	0.12182867186312088	-0.32101597636457285
0.9626746517972805	-0.13938476734512537	-0.04519395357970859	-0.22756737019828882
0.9845641531665249	0.08822719128014664	0.039622982391724904	-0.14587463893592045
0.9725981940584355	-0.0013684103760031874	-0.13322296624122426	-0.19053220628860137
0.9238196216849415	-0.05843051015887624	-0.06580326968618953	-0.3725763167071567
0.9190441962405149	-0.019175495672557556	-0.05078501973328755	-0.39039844709351373
0.9466434564434645	0.1208360659269075	0.08165783819667904	-0.2873966057647925
0.9271848737571846	0.026386968917097235	-0.10009834894860985	-0.3600170249932688
0.9670979074749672	0.1263728438450331	0.0648491004060623	-0.21105955527429487
0.9840986519354754	-0.04232032784334011	-0.08927237084900921	-0.14761191318118266
0.9814232243417121	-0.016445182435951406	-0.10817243963446167	-0.15759674489307895
0.9553408888417771	-0.11767294412359054	0.09210762108397837	-0.2549373461588941
0.9892765935174279	0.06921823366557224	-0.009108045161172019	-0.1282875721187124
0.935149457935557	0.0862830425886427	-0.09464353818122351	-0.3302927921784239
0.9358640907620145	0.02737380082041576	-0.12676927507509478	-0.32762574616132795
0.9286820512602683	0.061217091198633444	-0.09045361993008343	-0.35442948248381173
0.9280217428328472	-0.10668688590157879	0.004514193972900704	-0.35689378708361286
0.9854544279891745	0.08766615168357951	0.0295485768490215	-0.1425520880650927
0.9767585295571508	0.10501031445820966	0.06548771466711843	-0.17500562283086368
0.965716203760017	-0.060887918740624096	-0.1301362913763807	-0.2162161437394956
0.9618634847992206	-0.10563371144703249	-0.10240237353361356	-0.23059468664847174
0.9277309819944812	-0.054182067618055336	0.0907227672490225	-0.3579789213052462
0.9660480539998134	-0.07025594866035684	0.12489941543041841	-0.21497766178407135
0.9388704396960752	0.13327667233218476	0.02543487826017496	-0.31640589919413303
0.9343039750412258	-0.1192750277404242	-0.04076595438591994	-0.33344817729699877
0.9766636472650627	0.09874737587078357	0.07500694325898069	-0.17535972836567484
0.9543784719180983	0.1140620756357548	-0.09651042217683967	-0.2585291350161274
0.9214177676348735	-0.07294933553331186	0.009736514974905701	-0.3815401580543756
0.9575851736599785	0.06671174586566278	0.13337006670667606	-0.2465615611907107
0.9342208899135745	-0.07946829484532585	0.0975784096994485	-0.3337582552147461
0.9831388685899831	0.03789845952296905	-0.09561424832353616	-0.15119387339081852
0.9933434968285078	0.021743000791881736	-0.0014625278678935018	-0.11310968233229227
0.9715437219203074	0.13078992614093485	-0.03433895251294613	-0.19446754988326131
0.928349385974687	0.10754485458867709	0.009982842189635955	-0.3556710062315154
0.9373701119285445	0.11282898736463773	0.07013946760098139	-0.322005198650564
0.9309344474884496	0.015815828153667767	-0.11566634423197993	-0.3460234253214628
0.9851131743847649	0.07790909484413126	-0.05288085675179688	-0.1438256638550155
0.9816150507154954	-0.10851489252020002	0.0066942234190712074	-0.1568808391198882
0.969102697732934	-0.029987785164937438	-0.13600317815095248	-0.20357757617304334
0.9396757473434904	0.06136142383803051	-0.12257415458472871	-0.3134004501382558
0.9525654795496358	-0.11428182073381246	-0.09579701793607209	-0.2652953146489643
0.9184546400189902	0.04117288301892567	0.02474122086111441	-0.3925987008661622
0.9338243108715566	0.04654642967794083	-0.11584844809038672	-0.3352383083487741
0.9917929480851252	0.012971792522320946	0.04518987330141208	-0.11889640902220824
0.9605949361056901	-0.08959591112147733	0.11768693660053767	-0.23532897482460238
0.9584799822187726	0.01574294086077166	-0.1480246545153548	-0.243222090186244
0.9167155216391117	-0.006678293290820472	-0.01777301250770751	-0.3990891790202459
0.9717806652897614	-0.10930837902664926	-0.07886403668311341	-0.19358326518994273
0.9692221952726015	0.09170113983567119	0.10457909962652845	-0.20313160528362492
0.9817677481532611	0.10592252677283981	0.021894962382266108	-0.15631096452396137
0.9790393708283407	0.09782196139570498	0.06475121276697263	-0.1664934073227827
0.9818509572721029	-0.07278312267701889	0.0795938597584187	-0.15600042386479057
0.9842035041279243	-0.08760593868205771	-0.044662703244988534	-0.14722059947167848
0.9283147957159436	-0.10761721713068613	-0.007514273165556275	-0.35580009883459285
0.9211868652291665	-0.06599289646755871	-0.0287834272540045	-0.38240189756406384
0.9233354131240568	0.03415261217442759	0.07824562622405946	-0.3743834076578386
0.9670885651012882	0.11254706117653232	0.08667186099134565	-0.21109442148752794
0.962176746180772	-0.08525492798318979	-0.11963030530093667	-0.2294255792564724
0.9883692666907383	-0.051890904193540026	-0.05563764140469082	-0.13167376193498836
0.9716276587167513	-0.010195988080859482	-0.13468424169658885	-0.19415429349430802
0.9698922389963038	0.13633740441705755	-0.021641893296777757	-0.20063096806347525
0.9402917231741914	0.1301165654687294	-0.046227167756039064	-0.31110159704184526
0.9193332859848861	0.05680464187635992	-0.005461715348853374	-0.3893195494795736
0.9661494149179772	-0.11463747995556665	-0.08579430831465296	-0.2145993776875822
0.9509020889797639	0.04438213477869199	-0.1417796546159362	-0.27150317276855684
0.9789081067317913	0.11637746379265243	0.01765742966271845	-0.16698329160031472
0.9787799695112628	-0.11624989411139952	0.020793685049305767	-0.16746150621766784
0.9570627864956494	0.1270785674825926	-0.07825647170051614	-0.24851113662920907
0.9347170474335368	0.1254853339807012	0.019887204169080547	-0.33190657014168967
0.9780945394758728	-0.017419457124691458	-0.11883173633466462	-0.1700195659347773
0.9917816406610774	0.041667346437898	-0.02205939257104739	-0.11893860890325719
0.9210417875074045	0.06781126870917006	-0.020929875438391112	-0.3829433349927259
0.9641905284650012	-0.015619949607964569	0.1443903580349761	-0.22191004145634685
0.9484202603930064	0.14355850583515473	0.032568520844206215	-0.28076548315001293
0.9274424958667954	-0.020553831123645123	-0.10250393784501836	-0.35905556619104856
0.9333471626269545	0.03176755647206268	-0.11946571230566824	-0.3370190498403717
0.9702115107724352	0.04197158018031237	-0.1309653570728585	-0.19943942957353025
0.9493432593145563	0.06819178732046945	0.1311122711642574	-0.2773208042794572
0.9412016469254327	-0.11735077245935388	-0.07540191480290592	-0.30770571537119895
0.9567637736643498	-0.13412225671075156	0.06557917905864868	-0.24962706770773394
0.9173330528102812	-0.02529014651419159	-0.02055534861135875	-0.39678452131418374
0.9728813015888276	-0.13230311991214913	-0.009840801431943581	-0.18947563460117303
0.982529495905992	0.09807599765398728	0.038267947361828605	-0.15346808320821784
0.9197030895552332	0.05794262512899209	0.01708457619183162	-0.38793942376621804
0.9750323726631386	-0.11509073400579099	-0.056059942796480335	-0.18144772806115234
0.9448521898417678	0.14393538478330603	0.007272955963635058	-0.2940817037322256
0.9381888917523726	-0.03589637837017186	0.12955419144914787	-0.31894947074782515
0.9737735004316144	0.11168634479498075	0.06812512729738954	-0.18614590318943858
0.9299778598169413	-0.11102892014106061	-0.02445756504072089	-0.34959345911342554
0.9390388722827387	0.001098760568818316	0.1359760483725482	-0.3157773002230543
0.9254004807553957	-0.07117806824366346	-0.06415605131446189	-0.36667647033661566
0.960192168501202	-0.13097018381696707	-0.0691979446743134	-0.23683212398819473
0.9762048330206888	-0.073136710882196	0.1015905304594193	-0.1770720464369147
0.9258254629141598	-0.0019911289369650732	0.0977355424659539	-0.36509041532779746
0.9364536236061637	-0.1250779626445498	-0.038836918200311585	-0.3254255796342327
0.9651403348658458	0.14266637713690253	0.021610824697162447	-0.2183653157110409
0.9329363128687582	0.12247463310456755	-0.003478297382750621	-0.3385523620122375
0.9345984336363373	0.11408333395158789	-0.05526971620909576	-0.3323492428593168
0.9803956480101315	-0.06920056095834853	0.08930542030523009	-0.16143171197119321
0.9782066149922637	-0.08064999467152528	0.08855957135276685	-0.1696012944133219
0.9221796006189128	-0.04122397140801888	-0.06688783067293541	-0.378696958651059
0.9700445548479681	-0.04347014010178003	-0.13076275308506793	-0.2000625175662657
0.944028812203273	0.12109363426065572	0.07645313970667547	-0.29715459091290436
0.9269452452749702	-0.07195146666761176	-0.0730651086700465	-0.36091133066383346
0.9546151398696392	0.07785846427413001	0.1275405650015763	-0.25764587819645346
0.9842059132423616	0.08193588985198555	-0.0543504609521057	-0.14721160853419712
0.9243401145897575	-0.05269744611211506	0.07381673298622422	-0.3706338107414042
0.9640453573896327	-0.14412912957415763	-0.018934820861901548	-0.22245182728541146
0.9823800215366469	0.054625500792258516	0.09067282447693967	-0.15402592914904295
0.9226244919753434	0.0012521389362659847	0.08127656538556825	-0.37703660150501195
0.9247610252166238	0.0874619152521106	0.03098383282138877	-0.36906295089649355
0.9827635145567142	-0.10251471372538631	-0.01953103357580393	-0.15259471371380395
0.9848441073141222	-0.06750335110884184	0.0674514679619812	-0.14482983583329762
0.946807965877474	-0.03463548542447397	0.14181245217711363	-0.2867826481987446
0.973575457414644	-0.12316502700000632	-0.04533429120903894	-0.18688500979085612
0.9821108834092639	0.06672574059580086	0.08349535167510803	-0.1550303663146907
0.9654272308151547	0.05493962442140541	-0.133097536080094	-0.21729460545173418
0.9309402636083655	0.0623984472565163	0.09868875132169243	-0.34600171926643336
0.939631955482621	0.12361722611910667	0.05906149804862837	-0.3135638835879781
0.9451582099572666	0.020811630486681776	-0.14293079643312107	-0.29293962111304594
0.9842702556351796	0.06886573943220724	-0.06977791936627718	-0.14697147945512
0.935865327729213	0.12337854364880858	0.039977727190420725	-0.3276211297368957
0.9773328742876121	0.1102856048002489	-0.0526898384026217	-0.1728621391157225
0.9325451198252314	0.10789618706627584	0.055764131959649924	-0.34001231432624723
0.9266403501373929	0.054985287705262634	0.0850567204278816	-0.3620492148082529
0.9801843902357312	0.09265018461278286	-0.06587208568411433	-0.1622201367187491
0.9237867608220283	0.08590524709027249	-0.018270137024767888	-0.37269895511712947
0.9634363712279872	0.14589436032680247	0.002012662399938893	-0.2247245945817792
0.920487805026482	-0.06666966740653449	0.004901050351667463	-0.385010825758032
0.9774153332817137	-0.08247343078473365	0.08990205350817666	-0.17255439796019442
0.9340754048512524	0.12249442307298153	-0.027220460116203063	-0.3343012128590747
0.9630447251229645	-0.05899215692445228	0.13380795450685598	-0.2261862377443105
0.9493038593982084	0.14029010467459865	0.04639464485677214	-0.27746784676908176
0.992040452766874	-0.04287109133140725	0.01001246919068156	-0.11797270897481063
0.9913880587074927	-0.04632774649673409	-0.022483249302226723	-0.12040747675097785
0.9219994688776687	0.03168196655590623	-0.07065569835240862	-0.37936921946143776
0.9331426160847505	0.032760648896924906	0.11863654290800399	-0.33778242792838936
0.9714350086327428	0.13541906232421647	0.0003299665067951346	-0.19487327339591032
0.9615113013904966	0.056560314005426784	-0.13607034689360195	-0.23190905302341247
0.9401140071469705	-0.10700762828822097	-0.08681995259938183	-0.31176484228475304
0.9785515049763488	-0.11876308647356199	-0.0016214688852562685	-0.16831414746969448
0.9752829353217018	-0.0892390713993316	0.09096581696121463	-0.18051261548891478
0.985691088540438	0.0606102987025649	0.06833303806672983	-0.1416688588636303
0.9672333796454768	0.1355101178131971	-0.041995530307876755	-0.21055396625094103
0.9850528813965528	-0.09383998065011355	0.010690199929498092	-0.1440506803503629
0.9546450389765282	-0.14919649757941425	-0.00832721370785585	-0.2575342932104429
0.957277460812435	0.14357834226589858	-0.040557339519457794	-0.2477099611718847
0.9865156939728938	0.08656225223695645	-0.00928379184945271	-0.1385913894935073
0.9526982093331005	0.13986564583049974	0.05181412979835397	-0.26479996035339654
0.9206412385515644	0.03321234161790892	0.05936259353950903	-0.3844382040468398
0.9583064956926922	0.05431008040947709	-0.1386604403306228	-0.24386955071600439
0.9904834968097426	-5.811891934972245e-05	-0.060167449663026465	-0.12378334771197214
0.9307395813137519	-0.08916599814645385	0.07441253518274851	-0.3467506757861107
0.9537355668908516	0.0984347499577444	0.11231826187177801	-0.2609284892422537
0.9295857414169105	-0.004344635334677865	0.11229671010901443	-0.35105686490492305
0.9808435207278487	-0.06932629661145516	-0.0872726871315819	-0.15976022823334868
0.9273888395059862	-0.022524347879155186	0.10187175217941166	-0.3592558144557378
0.9631048655824976	0.14114044694202024	0.0380744187767599	-0.2259617904937422
0.9318720578392243	-0.09092105929857733	-0.07762081130507606	-0.34252421585466847
0.9282157415562946	-0.017202395274235654	0.10612590079265778	-0.3561697739911036
0.9315220585241966	-0.11602268626039164	-0.024207961881221114	-0.34383043108096645
0.9292468372253955	-0.08982409512620648	0.06558495621148686	-0.35232167256655494
0.946868833290508	0.07881367145255413	-0.1229380741581986	-0.28655548792077645
0.9241660254005778	0.017217797618293066	-0.08814336270987182	-0.3712835204404715
0.9937512796980345	-0.0021833005884924193	0.001336648696137853	-0.11158781594476264
0.9813426579580431	0.0759645273459796	0.07914784995228566	-0.15789742273031396
0.9879135923900065	0.0521592436981172	0.059307899489308764	-0.13337436157702282
0.9519219355262836	0.05722636323207678	-0.13750657979544156	-0.2676970536410218
0.9223763100714873	0.07813957842210426	-0.016132229001866435	-0.377962828979722
0.9242297809379909	0.08481589291159462	-0.03050824085135089	-0.37104558153558187
0.9435325094369766	0.018327227892153217	0.1414405850927323	-0.29900681805265933
0.9735501155491899	0.12981870779982377	0.019644584354493646	-0.1869795869202893
0.9486324323180579	0.0005563941948896756	-0.1473463807078196	-0.2799736467457808
0.9321473440446623	-0.1203323136633076	-0.001172952720764283	-0.3414968337493513
0.9652086351090211	0.14261121939261295	0.02149831070018056	-0.21811041573334136
0.9663371258146151	0.12551908673248274	-0.06844565873017096	-0.21389883108419527
0.9377486075614071	-0.1330190084414444	0.012403854863515092	-0.3205926337182776
0.9471568570208356	0.06696071273827298	0.13004228553902106	-0.2854805687254079
0.9315251605302381	0.052940092850931736	0.10605101291045316	-0.34381885423681413
0.9881975041398213	-0.06443320218070042	0.042507081907369945	-0.13231478850184808
0.9225036354033473	-0.0589972774242336	0.05485838377601407	-0.3774876443721296
0.9850905036424102	-0.05265688441677944	0.07819070090103349	-0.1439102722173281
0.9268581782089079	-0.007600412528513251	-0.10190441061354392	-0.361236269378044
0.935037648553702	0.10138239087809724	-0.07782708972607555	-0.33071007047227
0.9281676770573067	-0.08895752875159785	0.06005499478358972	-0.3563491531433668
0.9749042056002818	-0.02933136589223758	0.12491745968837449	-0.18192605405159068
0.9351368763511598	-0.10368788591006349	0.07512320655867466	-0.33033974729063376
0.91892731177791	0.03467142653484971	-0.04023371500696256	-0.39083466584657095
0.9354233869496612	0.02145211747426728	0.12690093765671176	-0.3292704751801197
0.9528627463256719	0.08318076246322498	-0.12385216063922044	-0.2641858999373953
0.992661284742881	0.018662831272050866	0.02998372962151665	-0.11565573249738914
0.9629241612114913	0.09519271514553228	0.11113705435883517	-0.22663618838748772
0.9449811521362635	0.13200524371753233	0.05817247671075207	-0.29360040989690683
0.9344322370903919	0.12437330361942736	-0.022338080160291877	-0.33296949681282756
0.939836102418349	-0.12281639555717914	-0.0614747455388039	-0.31280199685163185
0.9272879950188719	-0.08390737574924828	-0.06132885147227671	-0.3596321712053113
0.9862179874417888	0.06278632986938891	0.06257143740495125	-0.13970244539333665
0.9468609497315593	-0.14602420626193283	-0.0006021253799738044	-0.2865849097633172
0.9336347063188858	0.054799929911838234	-0.11164022668396736	-0.3359459221726881
0.9347550721610192	0.12393917029063246	0.028359258815848578	-0.3317646599267818
0.9373730708283609	0.04528487664178697	-0.1249030408298182	-0.32199415588611474
0.9800693025804701	-0.08942229276021535	-0.07080188663352009	-0.16264964969550735
0.9431016975775285	0.0879294141691115	-0.11161742919497426	-0.30061462980062315
0.9366688658605172	0.11087708411473686	0.07055551207087947	-0.3246222846050496
0.9520395131926735	-0.020317672179782642	-0.14758382869154843	-0.2672582478162191
0.9707374443300417	-0.05433501508045009	0.12537745145410864	-0.19747661881513706
0.9886411929411931	-0.013996232264406851	0.07294480033479911	-0.13065891935237944
0.9253362057511522	-0.038829859902370326	0.08727853078770695	-0.366916347918109
0.9549306943680046	-0.10532181090296902	0.1060129281618315	-0.2564682127759969
0.9325661186540254	-0.04116531474318849	-0.1143274411892633	-0.33993394563028845
0.9911689996266865	-0.033989209369141765	0.04163223788711068	-0.12122501637040584
0.9365783917091731	-0.03529778612079394	0.1263962843441606	-0.3249599387346376
0.9252537734451405	-0.09017466334048171	0.03034017753714633	-0.3672239894723298
0.9431656749605271	-0.06756828717376409	-0.1250894763665296	-0.30037586295673707
0.9786364399310676	0.11289436649135051	0.036090617922200356	-0.16799716590334524
0.9242450600682457	-0.02085680627889343	-0.08776987882453674	-0.37098855904517547
0.9713269315872539	-0.05013072537471818	0.12600771040938843	-0.1952766224208066
0.9478373993119531	0.12392148062828581	0.07869093285625374	-0.2829407503182583
0.9445333442252823	0.11298092519026928	-0.08891976073497142	-0.29527165177271986
0.9235243268839046	-0.0743808353548733	-0.04398617230278232	-0.3736783719078373
0.92225742767807	-0.053772037693411996	0.05795103709685814	-0.3784065041120809
0.9310389137215953	0.1078722354040314	0.04547053633956673	-0.3456335520316872
0.9214207352087663	-0.07261504184320511	-0.01210137650533475	-0.38152908291783216
0.9623266326293877	0.14303263237903263	0.033005799539311285	-0.2288661954148726
0.9688220108051709	0.06558510966458904	-0.12333315641123167	-0.2046251140484755
0.967887838066596	-0.029597631262496073	0.13786485824881692	-0.20811149417188327
0.9697330912597117	-0.06328736996971542	0.12296736924596464	-0.20122491550234628
0.921889050570146	0.03495136379476726	0.06830183066675119	-0.3797813061951981
0.9344111716719324	-0.07299464220792319	0.10308490776125634	-0.33304811402480095
0.9249619118171887	-0.08421464176986466	0.04121551903017782	-0.3683132318966258
0.9296134661812899	0.09416066790735224	0.06151655776536635	-0.3509533946756312
0.9549464751471031	0.1387213763293566	0.055568614716502415	-0.2564093181066187
0.9901800444992928	-0.008196561515565326	-0.062228024112428906	-0.12491584715224491
0.9876112210425736	-0.013905286839186161	-0.0796222873903248	-0.13450282680839568
0.9932270207990106	-0.02245394204019048	0.010177432900263773	-0.11354437679223991
0.9504133479283055	-0.09778041223964026	0.11156035214246948	-0.2733271792043444
0.9780577948766305	0.0770359875589917	0.0922773233668491	-0.17015669864605326
0.9661726208179814	0.08057942618727629	0.1183287516515804	-0.2145127720897314
0.9523862876272934	0.14150239947042198	-0.04690996282819737	-0.2659640680074522
0.9475350804121674	-0.1402365795406952	-0.04261179566606051	-0.2840690198123468
0.9419475710943764	-0.06190898325477878	-0.1261930783805044	-0.30492188847410745
0.9386794025684422	-0.06277194759124761	0.1199011708190029	-0.31711885946059126
0.9614584080387704	0.1378620484623512	0.05213807971520015	-0.23210645369943714
0.9281939727319648	-0.08093657262301232	0.07064300068671878	-0.3562510163495238
0.9453409371559468	0.11945869017606561	0.0815204631443802	-0.29225767392364677
0.9857752472073871	0.010072099808317274	0.09035785821346957	-0.14135477444267858
0.9212339621681576	0.020303398305022338	-0.06941862122689062	-0.38222612939486833
0.9550189907285367	-0.11529501168185104	0.09507239885368626	-0.25613868627236797
0.9262360989125715	-0.07959070307254473	-0.05981355812449638	-0.36355790091830814
0.9669534136788318	0.07399464528582295	-0.1214571133569086	-0.21159881346285053
0.9276513693246888	0.1026134909224644	-0.023909992716799278	-0.3582760398338377
0.9466305978407178	-0.11356492571057081	-0.09148291558694162	-0.28744459472355743
0.971338345285584	0.08619117515094268	-0.10467366157503562	-0.19523402591873645
0.9918371423869443	-0.001255632478377712	-0.046479495860865014	-0.11873147364241421
0.9224861272254911	-0.07641193860740622	0.025185385490295732	-0.37755298578143726
0.9835069430274879	-0.024331311835263075	0.09836659842983032	-0.14982020088908343
0.9628650630998598	-0.14240922573070983	-0.03386000133261662	-0.2268567455427276
0.9482496368723569	0.1350761208466579	0.058222302357613866	-0.28140225879804315
0.9814634339429101	0.0979575806173503	0.048418828928589196	-0.15744668061845618
0.9245755068442694	0.05584469658252672	-0.07295552836796539	-0.3697553148878576
0.9762598094174698	0.085857504260367	0.09090315265417348	-0.1768668717309107
0.9661096387408882	-0.07691820033270996	-0.12082685257999974	-0.21474782440140916
0.9728531082728904	-0.06880533526860629	0.113497821797832	-0.1895808534886845
0.9227027606466126	0.03650510563778661	0.07314762706930647	-0.3767444988471942
0.9556500503663632	0.13327398932217965	0.06756433979551847	-0.2537835396413932
0.9205598963500653	-0.04323070745167561	0.05171409850293157	-0.3847417772756341
0.976156043531805	0.08931833171647961	-0.08787825235486998	-0.17725413128830436
0.9795344216651323	-0.08470054297828236	0.0789295766120621	-0.16464585244754726
0.9212185644994837	-0.03948562405419406	-0.0604689627946937	-0.3822835942766775
0.9270794765734746	0.07264909374461173	0.07314449117592782	-0.36041037263784953
0.9344758985562356	-0.030989004115018266	0.12261434221139464	-0.3328065500039662
0.9424059827835474	-0.13847372561998564	0.02755061311166331	-0.3032110727593378
0.979011889154972	-0.1169736483649382	0.009933234779744369	-0.16659597032407222
0.9258991590682649	0.027311202674080076	-0.09420501981413694	-0.3648153775363549
0.967894017184817	0.024656049649724655	-0.13882526644429258	-0.2080884333887359
0.951241758420074	-0.1202114055281082	0.08752773622187238	-0.27023550915954125
0.96598484604012	0.11861249911765512	-0.08054487639698597	-0.2152135571010899
0.9340085200185136	0.08413435647092052	0.0928721510313136	-0.33455083045311174
0.9890505402693169	0.036170232130390285	-0.06161065319674683	-0.12913121432587854
0.9301182941823426	-0.07005246393588921	-0.09012879322119495	-0.349069350926619
0.9212945479026328	0.07150776818295057	-0.013378323613343074	-0.382000020355593
0.9828418907867744	-0.09062765583152624	-0.05111245104272355	-0.15230220964111357
0.9825719313078546	0.025155289137674147	0.10205754945237956	-0.15330971213242714
0.9708924381822355	-0.08447711635319662	0.10706352980540187	-0.19689817388388897
0.9811859170669388	-0.11008054400053506	-0.006308943739601829	-0.15848238769953876
0.9249715611669134	-0.0730373649327592	0.05886462062007169	-0.368277220033193
0.968483384857134	0.12094462892456762	0.07086676038188888	-0.20588888329131028
0.9789681591215085	-0.11716233132222253	0.00925795633380835	-0.16675917303077425
0.9511702393957526	-0.13872529753538	-0.053468750838231556	-0.27050242179201645
0.9743803532046796	-0.06363368102451233	0.11278928937203939	-0.18388109780764478
0.9589171317366618	-0.13139313031221703	-0.06962577977810328	-0.24159062597497707
0.9295709690626975	-0.0862676680977782	-0.07194490339522781	-0.35111199608139315
0.9184338791717485	-0.04447425863452055	-0.017511895023063287	-0.39267618140287686
0.9721111769760398	-0.0500837784503987	-0.12447103010756218	-0.19234977878425646
0.9782944314696864	-0.11797148934003425	-0.019214456273831865	-0.16927355885783835
0.9916194770326783	-0.020266917838956768	-0.04460203885716559	-0.11954381180358248
0.9217335390812875	-0.05742342384183426	-0.04934393025571461	-0.3803616829727788
0.9694185832658513	0.12855417570085054	-0.052308800019791137	-0.20239867531481992
0.9540908481616222	-0.12499823681312265	-0.0818083389167712	-0.25960256148876015
0.9789668519240193	0.006339550279290864	-0.11736040236859707	-0.16676405155821966
0.961060726845574	-0.0907930195294035	-0.11642306091508242	-0.233590620117661
0.925361213597848	0.09540618712177486	-0.006719952368005863	-0.3668230173636525
0.9333296110828744	-0.08155377665818644	-0.09283761443332475	-0.33708455309462987
0.985863165406478	0.02209155604435995	0.08773405054558625	-0.1410266592567614
0.9752542224444087	0.08237504060422224	-0.09731419086978156	-0.18061977340580404
0.948125553795902	-0.14160919114629725	-0.039455032081745334	-0.2818653431437322
0.9186662571119384	-0.03893090614955919	-0.03197578689698899	-0.3918089351235297
0.9649329518589237	-0.14376663552249458	-0.014612633261316059	-0.2191392796295007
0.9398152037397571	0.11591896764520913	-0.07359542446508427	-0.31287999178194786
0.9689990755509917	-0.06365587299894028	0.12404549961941695	-0.2039642994208431
0.9291250672354648	0.07398162625915201	-0.0824762662542119	-0.35277612435581357
0.9585728244682936	-0.11724036652627473	0.0916748626920009	-0.24287559819394242
0.9794422815839853	-0.09708482520149689	0.06360616923427743	-0.1649897239118013
0.9383437003569043	0.059819286819034694	-0.12071537860203052	-0.318371717170264
0.9746321706296833	-0.1288637220275398	0.0043304735517877835	-0.18294130238329975
0.9909492590051728	0.04208023571689355	-0.036794204961547	-0.12204509953438133
0.9465448672072022	-0.1397459086987339	-0.041418130620674364	-0.2877645458036028
0.9358678649944548	-0.047726392612812335	0.12059904892235819	-0.327611660534101
0.9352540543723994	-0.1249768103186205	-0.02906949240067241	-0.3299024329618376
0.9233137017200975	-0.08465338797517558	-0.010099430715102015	-0.3744644357205181
0.9556525170892276	0.14054870001370612	0.05072392982987756	-0.25377433370633506
0.948243718554551	0.12083530169036114	-0.08386308734433584	-0.28142434626079016
0.9278221195784944	-0.01736474911533005	-0.10459003265130883	-0.35763879121123016
0.9658786531860906	0.02124626647725609	-0.14191337363231205	-0.21560987422772837
0.9626361153202132	0.14203155259255706	0.03614362138308179	-0.2277111902886487
0.9411891707934169	-0.1035621044544039	-0.09341504882363078	-0.3077522769297637
0.986565939768584	0.0859195061701372	-0.012241479450660649	-0.13840386963112533
0.9321683259955531	-0.03795403232956927	0.11425888214843008	-0.34141852804258477
0.9642617251209122	0.023606025458944344	0.14323362439379922	-0.2216443319191579
0.9245410579085763	0.037388534633564285	0.08373676006670712	-0.3698838800661308
0.9595874648873444	-0.09754288708457218	0.11186499092835471	-0.23908890859863197
0.9867278706187689	0.07768757028587793	-0.03666113461453119	-0.1377995354709221
0.9597961570146207	-0.13768557183750668	-0.05515737555724243	-0.23831005897649715
0.9470052915232884	-0.10145234098058954	-0.10519487159871946	-0.28604621886292897
0.9619480813538207	-0.0740993007881752	-0.12703062345481814	-0.23027896800855882
0.9364759847521584	-0.0485698043849043	-0.12168074900322264	-0.32534212670126506
0.9770118401071854	0.05322064574588403	-0.11098853449911227	-0.17406025498804104
0.968056169975301	0.1090939292792471	0.08897448313330533	-0.20748327093606103
0.9343406294021359	0.05375720296103877	0.1141107989380181	-0.33331138135976296
0.9613355286437744	0.006554601395544167	-0.1473246008613713	-0.23256504584476567
0.9461105687902314	0.05749736760111698	-0.13351012031373388	-0.28938536956138466
0.9846752471911645	-0.018275462700265803	0.09445657515811243	-0.1454600303915481
0.9232296750663932	-0.07538469933402124	0.03880134424622361	-0.37477802746133226
0.9481824996696756	0.044098622139746524	0.14027454800369119	-0.2816528182495278
0.9586846823345988	0.09141082059908687	-0.11739587978091895	-0.24245813895366528
0.9796894142550575	0.10772122953626587	-0.04106911916347723	-0.16406741222714952
0.983878464404798	0.09924092414308294	-0.010092253370223875	-0.14843366423286417
0.9367089934010617	0.08733999435616807	0.09831361329444649	-0.3244725265849547
0.9536161213487819	-0.060574229830434104	-0.13649376842345293	-0.2613742660739952
0.9858174270978645	0.06655488236282238	0.06162592355993585	-0.14119735694835955
0.9327207835574767	-0.05780372467681329	0.10736703523581238	-0.33935672835246034
0.9267808258523458	0.05542107438368574	0.08547230082925174	-0.36152495230281906
0.9168315596983486	-0.01023668628797218	0.019707869214567915	-0.398656119087562
0.9565887894440411	-0.08650363591803242	0.12171635700590654	-0.25028011770844893
0.9293358332848334	-0.0796944882622583	0.07801964457195254	-0.3519895347510593
0.9567260630145785	0.1143388700673558	-0.09600992835040759	-0.24976780576866678
0.9701354119129487	-0.045642573672851246	-0.12986372772663926	-0.19972343438353174
0.9742898651203109	-0.12723329105674283	-0.02518691420381393	-0.18421880393598852
0.9523427012037289	-0.13507137377914388	-0.06305287065783338	-0.26612673475471477
0.9758810312823966	0.05535992527197135	0.11317048199294434	-0.1782804909758005
0.92475247192807	-0.013928450617548587	0.0916942704811468	-0.3690948722039481
0.9255390857664074	0.09165371131154015	0.030074007786100518	-0.3661591893933363
0.9450352434661686	-0.03817988912933184	0.1391688987997511	-0.29339853830545204
0.9241249629092936	0.07698818456680842	0.04583230228477606	-0.3714367677442293
0.9653114546477007	-0.11548046361359326	-0.08621570266493651	-0.21772668799097833
0.952570105660401	-0.14650904881495547	0.027800156986349255	-0.265278049768547
0.9778951776127387	0.11899527697564939	-0.020023497197358214	-0.17076359453708528
0.9693880881795848	0.018561741305687062	0.1375895703397497	-0.20251248452614806
0.9808284007237831	-0.10949426169742404	-0.021101923611353473	-0.15981665685673224
0.9911130328492097	0.053157031047875065	0.011094917730159038	-0.12143388722748519
0.9882055028295559	-0.06697879573439276	0.03826774811944203	-0.13228493698536484
0.9595701505518909	0.13992541393160424	0.04951358834784461	-0.23915352657824382
0.9310940507481145	0.11713944881174676	-0.004676375198456772	-0.3454277778473396
0.9667676127698835	-0.1163921581186293	0.08212951177676298	-0.21229223189513793
0.9678183999086076	-0.012002590298317732	0.14058861487728214	-0.20837064090547974
0.9543146102289021	0.07664154568486065	-0.1282540237363824	-0.25876747008486484
0.9452078107601428	-0.0033708631575773834	0.14444940142848167	-0.29275450839661576
0.9395214522880639	0.09693868176736356	-0.09654648513161485	-0.3139762871244638
0.9431729692901942	-0.0861202636953142	0.11313153646409942	-0.30034864014781226
0.9479806424233924	0.07833703733468976	0.12426894667712376	-0.28240615974853256
0.9501123010420666	0.13292002228610666	0.0655415558371838	-0.27445070147924866
0.9507735801786847	-0.14763412298221332	0.016097687248070924	-0.2719827741434043
0.9366566977355844	0.11388079966670689	0.06554602044548208	-0.3246676966655321
0.9716161914807219	-0.13140296623626468	-0.03134848049463917	-0.19419708980179223
0.948096004883347	-0.11592372037306718	-0.09036263406674382	-0.2819756211866959
0.9794146578756499	-0.11614772073914896	-0.0009983396941753014	-0.16509281699480283
0.9762673617550509	0.025260254104032667	0.12244197425707372	-0.17683868602334224
0.9246568493294179	0.06508338950237683	-0.06541616594053333	-0.36945174060046926
0.9785823218799183	0.09441441579172026	-0.07191389040593636	-0.16819913721984103
0.9626400947155698	-0.05825865097870371	0.13447808314324505	-0.22769633898299452
0.9307355320798738	-0.057826274885325574	-0.10070243152485345	-0.34676578773267575
0.9912294538087927	-0.0453452121006861	0.02769706220197975	-0.12099939829125536
0.9584158666055501	0.0840835407817495	-0.12286392761087547	-0.24346137291234873
0.979828464410328	0.01684485290548505	0.11359722368152378	-0.16354846998287983
0.9845182970601571	0.019869017088811444	0.09486609590284724	-0.14604577625472182
0.9209718231492515	-0.04971992633604254	0.049931781609907785	-0.3832044455320718
0.9519909992400631	0.12596007289937564	0.07951990875674717	-0.2674393043522373
0.9375821430351889	-0.11249309760374414	-0.07146094279615414	-0.32121388778778176
0.930766178753202	0.11189638937200815	0.03140567695274099	-0.3466514127907318
0.9361606836241846	-0.09641121973466803	-0.08771256469818861	-0.32651884653054697
0.9936234633664287	-0.009904279708149156	0.007469370686926683	-0.11206483298835249
0.941538033719481	0.13394750206253866	0.040649842388531754	-0.3064503027648157
0.9409056430997108	0.1173494626187664	0.0745774828696498	-0.30881041668802794
0.9619629358385392	-0.12655868055896025	0.07488215098747605	-0.23022353031686918
0.9567739866331089	0.005952283709426291	0.14917594868469003	-0.24958895238942921
0.9644083083944156	-0.009333173074483808	-0.14472560678910676	-0.22109727569490378
0.930021212154855	0.03587245598225608	0.10803343302084842	-0.34943166598570474
0.9671330405300435	0.08138538500368171	-0.11635847849702445	-0.21092843692772506
0.991983831932133	-0.04449293802270842	0.004581798476530525	-0.11818402080683071
0.9361786307219692	-0.09365315070357799	-0.09070742661190025	-0.3264518670497664
0.9542399843997854	0.04398861481669719	-0.1427803750361465	-0.25904597747068536
0.9214529087730767	-0.021995832894783737	0.07048324403521589	-0.3814090095411655
0.9820242305568208	-0.048957304971763246	-0.09537715870807661	-0.15535375916262895
0.920492055773894	0.035141724457446094	0.05690618493915053	-0.3849949617527201
0.9255982983744935	-0.022503982241079284	0.09407757969377825	-0.3659382049315103
0.9737974631210041	0.1021761057100678	-0.08161821497534599	-0.18605647321515
0.943600902374949	-0.13611049608609033	-0.04288085867005533	-0.29875157213326775
0.9851302823491487	0.08530862271006134	-0.039664920677436044	-0.14376181606272082
0.9474894384018998	0.12281161176206028	0.07993159220490831	-0.28423935811362494
0.9807013439328692	-0.02797762301092137	0.10839268180819123	-0.16029083925586926
0.9295646473087967	-0.051973705515398	0.09955952196633897	-0.351135589188144
0.9698668128380427	-0.06572745767720689	0.12143885654547282	-0.20072585977794694
0.9218862647649269	-0.061815691277594245	0.04541803068174333	-0.37979170296181625
0.932276103306687	0.09115980750392003	-0.07911410393862155	-0.34101629764152996
0.9291079993703597	0.07083907149606725	0.08511293154910493	-0.35283982249556245
0.9459104806065113	-0.08830367900080127	0.11523533477239822	-0.2901321088290221
0.9787710027843136	0.01993160962448825	-0.11642804603774169	-0.16749497049821976
0.9880088008622181	-0.028872023382585318	0.07287627201103938	-0.13301903872141801
0.9267225471686807	-0.07299431853658574	0.07070748864084826	-0.3617424513112553
0.9737290006461456	0.07613646276698793	-0.10650314056219483	-0.18631197864973348
0.9742159982305809	0.09156349377806698	-0.09209290225770006	-0.18449447892145798
0.9250422841509589	-0.050258248622546506	0.07960595455079277	-0.3680132782634724
0.9332444409952028	-0.07498666947878196	0.09793582082672478	-0.3374024121891053
0.9254623062466686	-0.06739857452439842	0.06851624306173604	-0.36644573446198203
0.9245669481345549	-0.05574908827749988	-0.07297521878904466	-0.36978725642735977
0.9798119002859625	-0.0742321340764445	0.08769209738812374	-0.1636102881365946
0.9385626009859935	-0.07308190960086847	-0.1136584676472624	-0.317554768900694
0.9556557083678583	-0.0003722956462604496	-0.14942108546542482	-0.2537624236923443
0.9379440483424134	0.024460348887556445	-0.1317200135884953	-0.3198632387936914
0.9232040301025228	0.023975674866414633	-0.08117369061101584	-0.3748737357694548
0.9503827691338443	0.13797803487447446	-0.05444730509518137	-0.27344130081890755
0.929462687325125	-0.11196208371958169	0.00017255045871896607	-0.3515161090275457
0.968693430651448	0.06656210333948516	-0.12302223493107031	-0.2051049817150148
0.9396819046404781	0.12700197392717963	-0.05160404547308228	-0.31337747079306033
0.9382528420892112	0.12050307577864287	-0.059866818160271916	-0.31871080484158226
0.9340117366496244	0.016456969974030396	-0.12423774771546572	-0.33453882582237704
0.9580169180168479	-0.11781431673729693	-0.09122903664807712	-0.24495026931499334
0.9485820568112886	-0.07960549117176188	0.12395360724875823	-0.2801616506965009
0.9697836431150897	-0.09579647570752793	0.09963506211895815	-0.20103625340965892
0.9741058205442912	-0.04115184797459788	0.12342718445679346	-0.18490566764455163
0.9195873511861288	-0.004938660087021339	-0.059181042881691355	-0.3883713652401005
0.9647345398610654	0.1423967221685239	0.025755209412118445	-0.219879763286339
0.9360597729103822	-0.0688509322893261	0.1104129301418656	-0.3268954504414856
0.9906343076831194	0.044308885066988705	0.038692326201351865	-0.12322051387019575
0.9230008594060048	-0.012719696629859657	0.082512054314483	-0.3756319791314693
0.9816263432574264	-0.10417348301011845	-0.03097146235501138	-0.15683869477965512
0.9831167557288901	-0.06159517612761109	0.08247987495813862	-0.15127639971191825
0.9637312267717462	0.07053229814724594	-0.1274344700568321	-0.22362417871157714
0.9720753153257181	0.1329724975912257	0.01838351654310144	-0.19248361628530014
0.9797895424146953	-0.10951266401370124	0.034982740476191244	-0.16369372884811298
0.9836531337064136	0.09838664250723038	0.021533043921189654	-0.14927460984773966
0.9592297102284129	-0.04309660677985551	0.14218759941803283	-0.24042406716240908
0.9431107834517125	0.13282858937602116	-0.05049600212727546	-0.3005807208565371
0.9910018178607198	0.0031007673350983856	0.05530475839614374	-0.12184894721509262
0.9785269378772554	0.11688302762430919	-0.021514299178754203	-0.16840583313170582
0.9808399637740415	-0.08863470980859192	-0.06759646019548864	-0.1597735029656776
0.9748468085350661	0.11768302195995421	-0.05147165135281473	-0.18214026281518103
0.9246115328362557	0.0909202423774573	-0.014402768038622372	-0.36962086405537176
0.9860679459431025	-0.07885480849258784	0.0421708678371401	-0.14026240788967742
0.9585479552497367	-0.08428614690193807	0.12267034685651627	-0.24296841138114153
0.9442359183698337	-0.14331123030711648	0.006191384256954591	-0.29638166017673917
0.9550387993173263	0.12913635179794053	0.07520328003079671	-0.25606475961257874
0.933099830784302	-0.06803551907579311	-0.10242562037084485	-0.3379421048434803
0.9426749987400406	-0.07632549278570114	-0.11920209613683774	-0.30220709154165853
0.9288184924168729	0.035890242579719456	0.10367514673468954	-0.35392027715512
0.9343541187523051	-0.12528731664662623	0.01491808733051437	-0.3332610384195705
0.9870770950705704	-0.0778933064589613	0.03130854971897996	-0.13649621207355356
0.9806135226958815	-0.03995035051000101	-0.10489402423186779	-0.160618592574291
0.9280861500371581	0.10668840349830055	-0.008486662166860701	-0.35665341612475115
0.9255162425163034	0.08276557662593172	-0.04934119159729889	-0.3662444415633344
0.9276837779656103	0.08203685935045034	-0.0663151108796203	-0.3581550891393145
0.9794190376259505	-0.04256208733420046	-0.10805820653769971	-0.16507647154415622
0.9348821174367916	-0.0370909659046309	0.12192734627714902	-0.3312905205027374
0.9418512471514446	-0.12177888846775328	0.06992433806778156	-0.3052813743231143
0.9430591678159828	-0.12617254823837717	-0.06523253923788076	-0.3007733530315454
0.9773634680572627	-0.10106136381814429	0.06859587311823517	-0.17274796161299133
0.9658734586512525	-0.08201018935289528	0.1177574317546951	-0.21562926049566572
0.9390903557103093	-0.1289768721103164	0.043362151025499354	-0.31558516145561344
0.9643426601526669	0.12810469403803257	0.06811767043868484	-0.2213422782685373
0.9730597030566458	-0.054164873974478264	0.12071382826561255	-0.18880983125913053
0.9503180853018873	-0.11095648147800807	-0.0983970192965807	-0.27368270416619955
0.9399286745859248	0.13743274596633	-0.004153868602964617	-0.31245651281887254
0.9299208074915508	-0.08448882997787158	0.07579198514154911	-0.3498063812904725
0.9782279475898632	0.0488372538895306	-0.109304186430013	-0.16952168007522306
0.9343679437991559	-0.009277716840798155	0.12586475640449535	-0.33320944264230623
0.9758256135612976	-0.02309798610738573	0.12398844361932888	-0.17848731272658133
0.9642482539649728	0.059184968550935094	-0.13256675853719407	-0.22169460695756069
0.9326619010281215	-0.06153158913598365	0.10508784658041642	-0.33957648094369225
0.9678985223530909	0.06354166086717511	-0.12586146656086566	-0.20807161987184117
0.9775640114813355	0.11164019389605767	0.04817919183116566	-0.17199952336522767
0.9473409264058777	-0.05349260397735154	-0.13629493312741794	-0.2847936124283131
0.9781691042560208	0.06403379157067159	-0.10135468766568585	-0.1697412863868098
0.9834168447115451	0.09968226892878956	0.020193924999661075	-0.15015645238185837
0.9911743206531343	0.051222003283662235	0.016096028220819632	-0.12120515802935422
0.9376431283245606	0.08613942624671096	-0.10184874241362674	-0.3209862875893322
0.981618973571638	-0.0887777112557869	0.06273519248122374	-0.15686619882145347
0.9670396899717398	-0.08592424349245496	0.11319613603969425	-0.211276825954229
0.9517908099419066	-0.1402800241786182	-0.04991805811848654	-0.2681864209840892
0.962531196513537	0.05307081914813064	0.13669790834832438	-0.22810275260583388
0.9660772532520143	0.06742669313220342	-0.12641134609825946	-0.21486868869131454
0.943712414379592	-0.07970308839540212	0.11853389205349672	-0.298335403666286
0.9888893839636832	0.06664491237952327	-0.028734638086202323	-0.12973265784646382
0.9361891171805446	-0.1302944950450506	-0.005292489000128207	-0.3264127310535715
0.934342409340178	0.10330207831987528	0.07239401901813039	-0.33330473854055553
0.9432209553718339	-0.11153873093828269	-0.08826992640664741	-0.30016955365307657
0.930574167515687	-0.1109911424722967	0.03237517145144879	-0.3473680084847618
0.920589608297142	-0.06654975992757015	0.01204078099732487	-0.38463089077955226
0.9640328504669714	-0.12964026536140383	-0.06579118971252587	-0.22249850375623
0.9468008906580769	-0.1280565882142113	-0.07007246693498011	-0.2868090532770089
0.9890450895091224	0.06622353653535422	-0.026909654261654686	-0.12915155683986448
0.9255824603423425	-0.0912814777643496	0.03179257148000248	-0.3659973132721897
0.918196089255717	-0.04395912263262654	0.009550389244184894	-0.3935636254510335
0.9557559433319182	0.14850786768024296	-0.01644196783612735	-0.25338834171377805
0.9258806695957386	0.09632860950081823	-0.018032554622098726	-0.36488438118722843
0.9233873569029196	0.08176675877606154	-0.025537547185685967	-0.37418955083598515
0.9335770461074268	0.06067735654656718	-0.10838756147625947	-0.3361611130114285
0.9322509823409056	0.04895844401552417	0.1102502164438643	-0.34111005036216124
0.9839902075670725	0.020051772691629645	-0.09722280677655762	-0.14801663307385743
0.9265613584538636	0.0855172934570644	0.05364378589387449	-0.3623440157845598
0.9375187033664348	-0.028106536703943804	-0.13014678031501933	-0.32145064785478766
0.9887677792333003	0.03671946036475764	-0.06357229783887199	-0.13018649287869344
0.9246757214403692	-0.09230775282838749	-0.0033966990488585973	-0.36938130892355314
0.9687996583376121	-0.09883779345763556	0.09875590338863627	-0.20470853459308003
0.9791867742814774	-0.10670098917964173	0.047654846927535625	-0.1659432901464657
0.9783708151958976	0.034412081501458885	0.11423329882026526	-0.1689884909107467
0.9918033456614631	0.022932250861721376	-0.040903608653046625	-0.11885760473903975
0.955111831656272	-0.13964311577014307	-0.05321221729983648	-0.25579219921303764
0.9576441521042343	-0.13481328641157309	-0.06370985358605552	-0.24634145064019694
0.9498137037490142	-0.12712366785856438	-0.07587744699201456	-0.2755650817479225
0.9285614534270957	-0.00565766296351046	0.1086375448401696	-0.3548795597244942
0.9748950303723012	0.06785214079530938	-0.1089321681320437	-0.18196029646858564
0.9883730695600011	-0.07396748920045386	-0.01769869165951043	-0.13165956943368473
0.9792486029420533	0.01580842781855518	-0.11559247606459232	-0.16571254244383266
0.9430352918747257	0.06847546836768814	-0.12440791421838338	-0.3008624592573955
0.9193462308326003	-0.008677196515494737	-0.05652536487503115	-0.38927123865020813
0.9228467107525827	-0.0023582936811915034	0.08256195916015263	-0.3762072697379589
0.9522748932100545	0.14872212018097336	-0.009801129733237827	-0.2663797976322671
0.969087534084487	-0.045472813299271976	-0.1316613089946505	-0.20363416767947554
0.9765715332651324	0.06785898810610913	-0.10407438378832115	-0.17570350249350342
0.9539911646142739	0.07917753115275544	-0.12666882515223446	-0.25997458555214253
0.95471260971116	0.14716218183661336	0.02594297568294169	-0.25728211579569205
0.9898414782604947	0.0649542890158839	0.008576065243752134	-0.12617939355716662
0.9668920360169373	-0.03641563913636649	-0.13755959439008947	-0.2118278780154905
0.9619108413270856	0.14082041059865819	0.04248192275921521	-0.2304179496804095
0.9496585025533458	0.03504402483160351	-0.143753157028153	-0.27614430049555216
0.9375649537878703	-0.050921999837583325	0.12312322713940527	-0.32127803893211904
0.9839101167762845	0.01319552965133219	-0.09873835066050123	-0.1483155359742964
0.9264561746551877	-0.10048420774112478	-0.002015775671705817	-0.3627365670653513
0.9454667142393475	-0.12744844536947328	-0.06862356018332108	-0.2917882674579676
0.9908240839880842	0.014310102789901908	-0.05525940578601063	-0.1225122590579944
0.9674776696452311	-0.07073838860427056	-0.12260978935187582	-0.20964226356007729
0.933607248466004	0.12352509270495154	0.013803349056144665	-0.3360483962747099
0.9799114680892985	-0.10784744372043387	-0.0386726221840792	-0.16323869603574656
0.9923304473214646	-0.03616947327549802	-0.017569258077405465	-0.11689043456316009
0.9621775173430528	0.1009515478671141	0.106716607230041	-0.22942270123965958
0.9473369476166131	0.0774727605822698	-0.12423694829700321	-0.28480846147200123
0.9569819204996873	-0.12647099676865256	-0.07926421239608566	-0.24881293263474394
0.9671207149715756	-0.03096456651567419	0.13859475250084757	-0.21097443653815862
0.9753059344975575	-0.11942762935274975	0.044289412234482704	-0.180426781396089
0.9488305386757642	-0.011612538255504436	-0.14701687467366165	-0.27923430375351876
0.9782314922857304	-0.02656476063120435	0.11672337384627891	-0.16950845109014923
0.9633659115069503	0.11707445584520167	-0.08717965904823556	-0.2249875538405759
0.9892016511000278	0.06698366807951933	0.02153464797311796	-0.12856726102809196
0.9729542636945097	-0.10326676809705676	0.08305463799485285	-0.18920333631574
0.9264450961863026	-0.08241766398495519	0.05743691005398273	-0.3627779124741005
0.9314498354496039	-0.014949070834830155	0.1173581658753553	-0.34409997126482517
0.9798515521025603	0.08730539618140676	-0.07449012220799026	-0.16346230554243957
0.9802766238586297	0.07241933436001372	-0.08723169433843302	-0.16187591615192604
0.9383843534101722	-0.10701351636076774	-0.08196917421351484	-0.3182199979099851
0.9381254054273819	-0.12377503754179833	-0.0521584382033755	-0.3191864049382764
0.929764064908703	0.0570800711687378	-0.09750153394496404	-0.3503913525733703
0.9622296723987082	-0.08422193736356223	-0.1203130134290783	-0.22922805592208234
0.9719874157301425	-0.07742388512262582	0.10986204374294697	-0.192811662041953
0.9302335581298969	0.07703972879680582	0.08474154631724144	-0.3486391800180655
0.9217713804381639	0.05575673434410541	0.05158597462767486	-0.38022045710628916
0.9275315198554337	-0.08794978401760692	0.05716372872882094	-0.35872332414235797
0.9330140251324799	-0.11899925396691918	-0.030043278380005253	-0.3382623358956569
0.925466797835006	-0.09612675518580607	0.0008135081478628306	-0.3664289716261006
0.9427796181828795	0.06825807590203621	-0.12415368914937869	-0.301816646465524
0.9352764467686088	-0.1013079412938141	-0.07883011160242001	-0.32981886340148103
0.9715161333544211	0.13297217628020555	-0.024841877953637542	-0.19457051181285714
0.9369218395113112	0.11613958609840629	-0.06262190357324207	-0.3236781740873103
0.9197275439883031	0.029931917274986883	-0.05271746431643456	-0.38784815857953037
0.9436504005628721	-0.13707929967545618	-0.039887689186302665	-0.29856684238105596
0.9925582818366386	-0.005286520533196528	0.03653484233911819	-0.11604014457681289
0.9535205079600423	0.11157428770605088	0.09923029005126319	-0.2617311000986553
0.9792587965975321	-0.051145774651846	0.10482499384797793	-0.16567449920367044
0.9804138923040515	0.11251061840449691	-0.00957818282652265	-0.16136362333933563
0.9250286458408731	0.0384149133064084	0.08587817140194115	-0.3680641771296419
0.976083412674209	-0.017634244762732218	-0.12423771828173083	-0.17752519333904995
0.9523126176364344	0.12552177772073797	0.08038502437768506	-0.2662390081563308
0.9730037298051571	0.11914757748811924	-0.05778856011683943	-0.18901872627755106
0.9723937104904072	0.13332935227367138	0.008935599397376565	-0.19129534935379602
0.9769240452794046	-0.03190003120502037	0.11912453441032643	-0.17438790974596102
0.9790970237654283	0.07661202328236182	-0.08860678098655048	-0.1662782436323666
0.9777470650828615	-0.027670969567972485	0.11788002221950786	-0.17131635802382458
0.9709998499842986	-0.13617853966448815	0.0018721054013671329	-0.19649730758125727
0.9449324191638313	-0.070841429657029	0.12560328326640494	-0.29378228382602767
0.9351828882215988	0.09617893698038286	0.08468559803542244	-0.3301680286524043
0.9599396839181353	-0.09750257829459469	-0.11167981355844052	-0.2377744092803274
0.9509989860231655	-0.09067075821921083	-0.11773700816620028	-0.2711415480794791
0.9284290605454515	-0.011727850367468033	0.10766383419946912	-0.35537365668535115
0.9457010785160511	0.08435665135112788	0.11790970318932573	-0.2909136080698307
0.9543640625321448	0.1052134235174689	-0.10608604761907278	-0.2585829115766117
0.9624740065546061	-0.09131845529866363	0.11478869511245836	-0.2283161884382466
0.9358815507051289	-0.109599445450181	-0.06940999866147703	-0.327560584766528
0.9334925198550592	0.06597590058833669	0.10498768614404488	-0.3364765692798375
0.9170162697813881	0.007141386922626136	-0.025546236380906726	-0.39796677167298844
0.9787494379326137	0.09665430039004151	0.06801435125703978	-0.16757545162042153
0.9376087024989553	-0.1026167035461408	-0.08511779998697082	-0.3211147665195838
0.9869217855196254	-0.06421938620979437	0.05542089049683028	-0.13707583520858113
0.9592256380174116	-0.13205638771789885	-0.06808998271555454	-0.24043926486076503
0.9714485088638322	-0.11584124858945066	-0.07009023714409351	-0.1948228898475708
0.9915553765544851	0.012305133247996047	-0.04815124835718083	-0.11978303804498885
0.9283983793112552	-0.10808470515396987	0.004723713579722785	-0.3554881606102102
0.9775012663444114	0.09751016415208016	-0.07292871675413005	-0.1722336914041565
0.9348129834804807	-0.08869284383877737	-0.09128984793721054	-0.33154853194021794
0.9799453413628862	0.10468318922370008	-0.04629192359893709	-0.16311227925769872
0.9405833672892239	-0.04019248936944629	0.13258706439156312	-0.3100131663868154
0.9503940233117085	0.14457950961710303	0.03317813738354611	-0.27339929965532117
0.9390561126267668	0.10899014727015155	-0.08136395421353604	-0.3157129583832017
0.981338463812416	-0.09753591434629005	-0.0502496312689569	-0.1579130754948887
0.9829063598478337	0.03736123291192277	-0.09683229559512155	-0.152061607829724
0.9899967978267313	0.04851571718725175	-0.04215771030024377	-0.1255997330445621
0.9252834832577136	-0.05891978047148659	0.07487922845431455	-0.36711311094232346
0.9691148468265097	0.02855717280121666	0.13629207901245313	-0.20353223513855287
0.9386686499177022	0.11835824903136187	0.06559471250165413	-0.3171589888994694
0.9562745467140569	0.0718015571783047	-0.13097699431600318	-0.2514528875426595
0.9592960823347882	-0.14806140866022605	0.012006677138836457	-0.24017636308921048
0.9432463998192854	0.059991212222749266	-0.12900589874239862	-0.3000745936824172
0.9405771314590474	0.10254391529637782	0.09314940587366749	-0.3100364388218613
0.9463641895349266	0.09761736063192847	-0.108021779788182	-0.2884388440563283
0.9413382109891955	-0.11607094976425238	0.0777206098113701	-0.3071960513467484
0.9751091779492796	0.07627350488245924	0.1025919302393813	-0.18116108683098422
0.9431628510052522	0.10128835192022034	0.09976229589161104	-0.300386402101301
0.9819670479496219	0.10310813940335045	0.03013776215753041	-0.15556716755800443
0.9277349229958519	-0.08139139930051248	-0.06741642810889191	-0.3579642132878981
0.9489280136562039	-0.10467581486795588	-0.1039703349162289	-0.2788705221740507
0.9854653144823808	-0.08418115768550247	0.038237817178157246	-0.14251145911933039
0.979751089277362	0.07059431873163455	0.0908933699262268	-0.16383723791035143
0.9335068832748111	-0.12013198842540501	-0.030867350857164806	-0.33642296426755275
0.9493093060546877	-0.13929554573500202	-0.049309900229107105	-0.2774475195703698
0.9855350463526661	-0.08985816609149373	0.02026755724187916	-0.14225121623651887
0.9550949298014076	-0.12766791816504758	0.07767016521118947	-0.25585527779413364
0.9826284485403095	-0.09503088860483995	-0.04439846579399159	-0.1530987869494022
0.9507942094538138	-0.0784540894603116	0.12610539796172485	-0.27190578464049947
0.9319469725015344	0.11199400019221079	0.04243580139985416	-0.34224463052869586
0.967046698630402	-0.11525147084419064	0.08313203872965785	-0.2112506692840087
0.9342792825822196	0.10268423410443155	0.07300012279542187	-0.33354033080857354
0.9686281819932878	-0.104789840801122	-0.09279294545753607	-0.20534849302239402
0.9772457085652098	-0.07179810405440729	-0.09920668266806554	-0.17318744602040634
0.9524780823501245	-0.10679118445400529	0.10404985362441015	-0.2656214854379794
0.9856851966803601	-0.03521473416320484	0.0843108489680767	-0.14169084758479172
0.9365895878113857	0.08312888390080396	-0.10157620618516854	-0.32491815431233345
0.9324340369758457	-0.062358808161683404	-0.10386377768274457	-0.34042688116400394
0.9790940815858109	-0.036844451892526345	-0.11119873988100651	-0.16628922399618334
0.9859531438978916	0.02515788489983211	0.08642662898204535	-0.14069085495521755
0.9229043503326892	0.08228025877053356	-0.010364258679329155	-0.3759921558964743
0.958832956844188	-0.06806776507095963	0.13224304147706686	-0.24190477095041082
0.9318874342977854	-0.02916931288735652	0.11598030541529987	-0.34246683013007817
0.9910519361290936	-0.021231603828002394	0.05063259998503279	-0.12166190329113413
0.9336138440114438	0.02806224768764244	-0.12110210106647566	-0.336023781364025
0.9842159905993418	0.004855041558288847	0.09815867940447902	-0.14717399932594089
0.9709146351775105	0.07444182726422262	-0.11422307132761883	-0.1968153335697474
0.9882746258203773	-0.010836593166683676	0.07592570271276523	-0.1320269664716482
0.9286060058434793	0.10861366877371809	-0.008511186437681863	-0.3547132878429507
0.9474593007523265	0.044526189951785464	0.1395791055102706	-0.2843518333530535
0.9793958060127778	-0.0827586553301217	0.08158422876062443	-0.16516317310485848
0.9641153007518563	0.13082746597665793	0.06322271406197692	-0.2221907951039411
0.9619985479511061	-0.1337154784688623	-0.06113320912165797	-0.23009062410340458
0.9166131904842912	-0.013008239534833864	0.008596377782854553	-0.39947108408923315
0.9930086589742637	0.011531845441166883	-0.026884326191253725	-0.11435931421662837
0.9761169104915776	-0.12329798569105624	0.022859586601168727	-0.17740017778268785
0.9888819795492628	0.05250845075500937	-0.05017529145486546	-0.12976029149728113
0.9445583900828101	0.09080336739387036	0.11150802044639686	-0.2951781793599073
0.9377014217078623	0.08059660208405359	-0.10643143767946073	-0.32076873372110554
0.9386352481524562	-0.1064291063233411	0.08347337446047662	-0.31728364598442965
0.9768521156427208	-0.09469819998813891	0.07929282949740339	-0.17465635480463487
0.9764291783137414	0.0006539516659648248	-0.1246071224504445	-0.17623477840480323
0.9323967000282842	0.10623065769517742	0.058017995813794195	-0.3405662245493031
0.9523204350098089	-0.08707730777458429	0.12097791606852473	-0.2662098333217154
0.9351185356150105	-0.045391015305308154	-0.11968042527530297	-0.3304081958497914
0.9648067103468362	-0.016024685383239687	0.14374451236028013	-0.21961041936663547
0.9471650780725923	0.09515506983188557	-0.11109540666088998	-0.2854498873425605
0.9789671739409891	0.1145934746641727	-0.026110531313305815	-0.1667628497745275
0.9817398538448968	-0.01709282037578852	0.10690660186894986	-0.1564150675000184
0.9772979746363984	0.08251865345834326	0.09029382512149213	-0.17299238638721837
0.9289819157554344	-0.10791950738855902	-0.02275435098092902	-0.3533103729524655
0.9281587130858334	-0.10196254710745592	-0.03341376420072003	-0.3563826071403429
0.9736936311348408	-0.12429150283398434	-0.04136396418058496	-0.18644397946296248
0.9315843609671801	0.08231708897503731	-0.08552746889401686	-0.3435979151983162
0.9291510956329192	-0.09649623114042907	0.05462831098493561	-0.3526789850540739
0.9323579883987059	0.10247313258350528	0.06421883383778103	-0.3407106983177331
0.9890847349527778	0.06947356646334638	0.01558468291650401	-0.12900359802985376
0.9790889522789941	0.09926335642571353	0.06223452995498157	-0.16630836682983147
0.9763741427497149	0.03002658916523694	0.1210818001924051	-0.17644017392597347
0.992625004409613	0.0344038143241511	0.010217230781192703	-0.1157911325444608
0.9910491447158134	-0.023716244293249443	-0.04954774283694452	-0.12167232098732098
0.9445084959087456	-0.004427838599222848	0.14368011108605686	-0.2953643869525175
0.931312272503661	-0.0922914979413705	0.07335775635624443	-0.3446133631683229
0.9656055484867673	-0.14379525270873136	0.0008225770709648916	-0.2166291148413887
0.9175319458437377	-0.018613282550600168	-0.030646635986629298	-0.39604224240805297
0.9227441823107996	0.05836804059100856	-0.057588060506706826	-0.3765899110919144
0.9652690298492845	-0.13171753668446026	0.05858590977039374	-0.21788501949416808
0.9249230987900168	0.08221879851320406	0.04467628864814424	-0.368458084086027
0.956882710112661	0.07683086961777444	-0.12798528807694617	-0.24918319083976473
0.9818427747797293	-0.10736451979314993	0.01058133286028894	-0.15603096134206162
0.9651683450245512	-0.13593427100648361	-0.04831326399994294	-0.21826078037562419
0.9519422251268588	0.1289397956079032	0.07456106144344282	-0.2676213318208101
0.9426198985379565	-0.06447115944681717	-0.12592751186632029	-0.3024127282953438
0.9903070258233849	-0.0011794713702082665	-0.06168310488721204	-0.12444194639912065
0.9852937081145754	-0.06639702227131489	-0.06553836210378175	-0.1431519028028827
0.9585414828173825	-0.05704828594811344	0.13747120154854728	-0.2429925668275357
0.9328933604260027	-0.12152884396790627	0.014644120874588239	-0.3387126627109103
0.9733664057636863	-0.08258050920733345	0.10256740173270859	-0.18766520117363655
0.9224669586280064	0.06840711184404931	-0.0421295168718907	-0.37762452396115986
0.9408505684169796	0.11748114258017706	0.0742127120100315	-0.30901595820219163
0.9783265728215765	0.07448665118608419	0.09335905625652285	-0.1691536056995605
0.9442662486018206	0.09150827507611742	0.11051010484854744	-0.29626846620995834
0.9243109914764469	0.005514586833709943	-0.09038129949796249	-0.3707424996799539
0.9821002155712164	0.051151643589900764	-0.09389310649418142	-0.15507017922829047
0.969313230565455	0.12693063595532753	0.05653262300095345	-0.20279185694541327
0.9305554169408262	0.0936996777528732	0.0676301106784058	-0.34743798658281333
0.9772648714474119	-0.03661287245227601	0.11680643677954032	-0.1731159291704084
0.9299457328190022	0.09090732180720659	0.0680981614943895	-0.349713358702029
0.976669449639638	0.07630399057769657	-0.09772945874006392	-0.17533807360895548
0.9245882387831054	-0.09125349938384675	-0.01120406957520255	-0.36970779864524295
0.9550338548336225	0.05653661171554823	-0.13833053112886493	-0.25608321267697887
0.9297776367946471	-0.03424407607510559	0.10771389032482748	-0.35034070160547237
0.9739882897580594	0.12957970720589237	0.014261903952814084	-0.18534429851022197
0.9745022834910386	0.11977029726490515	0.048531024697400546	-0.1834260477839717
0.9389885972393083	0.08644082316492438	-0.10485495618143469	-0.31596492923948966
0.9258825517037069	-0.0631745225972294	0.07493326662270502	-0.36487735706466506
0.9461655224119723	0.08916935731060655	0.11486686058146049	-0.28918027985298744
0.9375271824877103	0.06874229413858458	-0.11404868865079301	-0.32141900334338397
0.9789871932741375	-0.09823292389841928	0.06441609412550045	-0.166688136606084
0.9693558166510577	-0.084400488821461	-0.11029848829947293	-0.20263292351024886
0.9838897698494035	0.058723457987236743	0.08057572452534904	-0.1483914717391944
0.9441312439947493	0.13412791589776057	0.05051823582755112	-0.2967723102628041
0.9840207022385016	-0.016956615442217108	0.09767540629204367	-0.14790282541072364
0.9608039909633757	0.08548221583101503	0.12056266223601628	-0.23454877147415112
0.9406294380234169	-0.08901547817662814	0.10625873309638928	-0.309841228066065
0.9259801692777334	0.010908637603236345	0.09783643994223505	-0.3645130433186868
0.931777616629947	-0.032115823114584205	-0.11486789205571554	-0.34287667524602017
0.9214022447978704	-0.062363451392016156	0.038879311545828035	-0.3815980900707488
0.935806150553725	-0.0021898270229449637	0.12954415504510733	-0.32784198196246583
0.9904304029338391	0.051966517427958867	-0.031235980427349912	-0.12398149675441467
0.9424440758438517	0.11508993605676783	-0.08187006667991398	-0.3030689075228664
0.9778562869882091	-0.028043205128446037	0.11747708070925945	-0.17090873632376763
0.9706256347290607	-0.08038366559313935	0.11073548968585681	-0.19789389792677198
0.9522414946663615	-0.05792335875419939	0.1373186162559356	-0.26650444269422807
0.9671508884763188	-0.06980768702683121	0.12362578800938863	-0.21086182748541454
0.9675255545576481	0.1313337856932225	0.05263798337211136	-0.20946355463402097
0.9244377933515608	-0.02366093821925429	-0.08806585562535653	-0.3702692686395339
0.985661006483181	0.06153577797839249	0.06770406530457984	-0.14178112662970913
0.9366781688229027	-0.03327981739622396	0.12715885396823035	-0.32458756547676615
0.9477400969185992	-0.08306647325788719	-0.12094451981818766	-0.2833038877939533
0.9185180902665626	0.01656214700135275	-0.0458514071052126	-0.39236190131846926
0.9308422913590019	0.11497735503943421	-0.018506503532720767	-0.34636735667879004
0.9207247865915792	-0.05779458881063905	0.037048114968803156	-0.3841263985166319
0.969582813798035	-0.10506596491444838	0.09029295554135447	-0.20178575862455622
0.9774651789099514	-0.003052276147218206	-0.12182631948986145	-0.17236837154307602
0.9292140253957619	-0.07487779751387166	0.08208378097041136	-0.35244412798183694
0.9779556543959859	0.0065561606865821576	-0.12031866915353476	-0.17053789210932854
0.9405814071107939	0.07305866948055587	-0.11771299091804488	-0.31002048187230796
0.9688656647217885	0.12958949096988576	0.051972090586956544	-0.20446219541370958
0.9433853928153301	-0.09948374383789602	-0.10194738458136039	-0.2995558647592821
0.9551194045705377	-0.12484207261987525	-0.08213518487380488	-0.2557639367122372
0.9429835529746119	-0.11952193333118176	-0.07656422928794819	-0.30105555146134794
0.9553104234765881	-0.11186480548474423	-0.09908190963028779	-0.2550510444496505
0.9200356723382903	-0.0023082026446903277	-0.06319438120115745	-0.3866982079221262
0.9726834223548163	-0.09496481619895777	-0.0932053020240852	-0.1902141299562658
0.962654084633196	0.07586657526066345	0.12537753837934051	-0.22764412789961963
0.9770192764764724	-0.09083318539074232	0.0830382685568696	-0.17403250208003843
0.976183347894323	-0.005905900010329514	0.12509308149453324	-0.1771522300201189
0.9843293154271878	-0.013067185773739026	-0.09689774133995296	-0.14675106531066093
0.9752920372107159	0.11817463555433855	-0.04761990888938037	-0.18047864677666964
0.9462566741319266	0.0869216030199097	-0.11668050373810249	-0.2888400970029208
0.9301567545104406	-0.06287383988003854	0.09542571930214663	-0.3489258150280818
0.9299635071553599	0.07317651812662132	0.08694843977394645	-0.3496470239756709
0.9667227195004015	-0.05776112005203694	0.13027540157125359	-0.21245977585776282
0.9579206410246023	-0.09879414879615112	0.11158392201167819	-0.2453095799416538
0.9419166047555088	0.027074610473563798	-0.13788482632938012	-0.3050374564240857
0.9859878573200408	-0.08931460603972839	0.009662636734723052	-0.14056130270005215
0.9284112817779984	-0.09276197339805745	-0.055768350414924825	-0.3554400079487821
0.9860433291413455	0.041345125798451766	-0.07943431237472609	-0.1403542790445545
0.9700910134541333	-0.0863961301291886	-0.1072542276435137	-0.19988913168760847
0.9469710148869089	0.12558135930161998	0.07469658744813518	-0.2861741410114097
0.9898964037155158	0.06377764221818721	-0.012960345259282314	-0.12597440896839898
0.9242195373358539	-0.012350247232650345	0.08923297193697642	-0.37108381117920936
0.9870276051810496	0.06931429337038521	-0.047857747050824295	-0.13668091085570636
0.9783021288710906	-0.10530394660603776	-0.05649964952474588	-0.16924483176471194
0.9373154641337591	-0.12649427962598087	-0.040251503188585655	-0.32220914699722447
0.977178049405903	0.07521504715359795	0.09687279799562372	-0.17343995344053645
0.9304783276776375	0.09680375701787627	0.06265748568101902	-0.3477256876297521
0.9342206425950109	0.12584347895224773	-0.00014390393489097791	-0.33375917822019147
0.9219308355572442	-0.07658439224831469	0.007934069520258906	-0.3796253625003544
0.9394376375779058	-0.09070759282087164	0.10223222068160409	-0.3142890878811957
0.9525184828638432	0.00030820542287118835	-0.1491098509536535	-0.2654707086681295
0.9825035688134984	0.08542704415831574	0.061699237830460434	-0.15356484443469662
0.9731083384866938	-0.12241499369629871	-0.04994083765540949	-0.18862832136314356
0.9349822983545898	-0.12734361056389623	0.009267353053565505	-0.3309166402275655
0.9663597333575888	0.12752070863599957	0.06458104918586635	-0.21381445858518308
0.9733823054491041	-0.10301672061343409	0.08196635272039149	-0.187605862739833
0.933118587822626	-0.02385768961512064	0.1206770648256815	-0.3378721026234557
0.9277716303720676	-0.015591214953238328	-0.10467280870227393	-0.35782721949484875
0.9332138800652162	0.09966070174941513	0.07254125029806217	-0.33751646713254185
0.9560173222570398	-0.118284231364056	-0.09125495662202784	-0.2524128622851961
0.9745634763832585	-0.10046451375624718	-0.0810649409778561	-0.1831976728011449
0.9673903773495125	-0.1316867322416932	-0.05222914270627978	-0.20996804284280815
0.9679791335671917	0.1366366290979555	0.03432395282254674	-0.2077707747251577
0.98176967533816	0.1075518024042286	0.011403735826835855	-0.15630377217200306
0.9329572675537494	0.11064762868059735	-0.0527549382467116	-0.3384741580631936
0.9743925664173461	0.11079718570231176	0.06698964595266449	-0.18383551747745
0.9806895383095018	-0.0721677348981397	0.08563041417354024	-0.16033489844209156
0.9313327545410316	-0.10655685137666007	-0.05058899406238235	-0.34453692316421347
0.9806008246485581	0.04986656273903564	0.10060711078465584	-0.16066598233205898
0.9552263147638768	-0.0025542242671029794	0.14941522577776295	-0.25536494243884844
0.9815617751618617	-0.10069965826252886	-0.04149745577318287	-0.15707966619285052
0.9829315808111394	0.09893540521514352	0.031035100772760164	-0.1519674819132512
0.9463940508121214	0.07830259671753986	0.12277749874572783	-0.28832740025265874
0.9798319163578488	0.06071615845986571	-0.09746320088818639	-0.16353558713934707
0.9721299102735381	-0.04737400291228619	0.12548942127246265	-0.19227986516619927
0.9184009897229065	0.01227892143398709	0.045802330805512	-0.3927989264969878
0.9759999488729153	-0.05856707691587595	0.11121200903049186	-0.17783668448607096
0.9429742998074779	0.11015780134455812	-0.08949575168705501	-0.3010900847512228
0.933932153260445	0.06630557389775198	-0.10610969572352613	-0.3348358350742331
0.949238009044638	0.09734619005654159	-0.11111289674424232	-0.27771360363430314
0.921484434912377	0.051010895294179445	-0.053677084216560034	-0.3812913523875301
0.984970207732	-0.0002017470462888915	0.09483703922788869	-0.14435922266692214
0.9772325864895741	0.062175809119692574	-0.10554517538485209	-0.17323641827337946
0.9232703159068436	0.06966246076992376	0.04872535662595253	-0.37462635377990916
0.952332662957542	-0.12995981421546407	-0.07300387288740157	-0.2661641979995033
0.9835906426224517	-0.02632229455666774	0.09748842699949542	-0.1495078297481056
0.9359278365834618	-0.06570709130099323	0.111977063626024	-0.3273878435169167
0.935272847156245	0.07021144498357687	0.10745096555405012	-0.32983229733771
0.9858455251394569	0.087164661818122	-0.024572963476920204	-0.14109249362954326
0.9347260494712146	0.06107390019463743	-0.11143392764523571	-0.33187297407970434
0.980558568316623	-0.07173949390905231	-0.08656836270969373	-0.16082368510978223
0.9648979796391313	0.12510300796344992	-0.0724008431580238	-0.2192697977306192
0.9770748770750511	-0.12078829402527481	-0.022797867174218046	-0.17382499782121125
0.958417223723335	-0.13815785181663814	0.05547845805363186	-0.24345630807982327
0.9257069951857593	-0.09651678266733604	-0.011705972919809418	-0.3655325429092455
0.9753704374908343	0.062345667767594606	0.11089866411545844	-0.18018605294794007
0.9585122838483146	0.03527678398465158	0.14460771772531752	-0.2431015388636263
0.9303624727884845	0.11448011826574767	0.010292436384390712	-0.34815806396237636
0.9732608926342746	0.07990851553945785	-0.10493656882903342	-0.18805898153346645
0.9441176654106928	0.05707143174815925	-0.13145645813018986	-0.2968229862283982
0.9278863774767659	-0.10585064956944548	0.00940645427900479	-0.35739897747009286
0.9307353927324195	-0.09492106960872904	0.06689355010088918	-0.34676630778445505
0.9494222421735258	0.07930064888625572	-0.12476132573562074	-0.2770260362368563
0.9645424389500298	0.0770389937418513	-0.1227190924827973	-0.2205966936465042
0.9893104549183998	0.003827415517275971	0.06946136756437372	-0.12816119964987002
0.9666613365437252	0.14121411360579325	0.019694753343868776	-0.2126888601707973
0.9682164493981136	-0.11838563530489817	-0.07576479308921806	-0.2068850999867166
0.9853316837651106	-0.06069033804290584	-0.07061335192477722	-0.14301017574563457
0.9704749465342382	-0.06855536092306548	0.11871667101761116	-0.19845627392595097
0.9904991093161081	-0.04724201227745253	0.03703796755204033	-0.1237250810449824
0.9832901757990749	0.029523506702627655	-0.09787563891383777	-0.1506291871989367
0.922419787855052	-0.033011008031265	-0.07292968792620004	-0.3778005676824582
0.9595751169142328	0.07090278636109978	-0.13039495984352617	-0.23913499186165504
0.9297731720657787	0.08931081137316535	0.06924698426010362	-0.35035736420045116
0.9407668408316565	0.12772480008261083	0.05440631098932624	-0.30932843380461233
0.9768126100195812	0.08797494604072963	-0.08683989952276347	-0.17480379179737668
0.968081459678666	-0.13342044874979148	-0.04480089527684281	-0.2073888884781946
0.9426658210298293	0.01106127589226985	0.141099144167757	-0.3022413432224639
0.9814332836411009	-0.08901671824401353	-0.06355966614415368	-0.15755920307667148
0.9909207594829653	0.0004471246484799088	-0.05616822083829633	-0.1221514611992515
0.9318454488771571	0.05224447654731752	-0.10744159506562434	-0.34262352185304
0.9881328924900142	-0.02401993347467197	0.07379266220648836	-0.13255592246168918
0.9818397867593822	0.09518220113128614	-0.05081181714359818	-0.15604211278581048
0.9499105003544255	-0.07445573175156414	0.1280204524055087	-0.2752038318985273
0.9242319473859147	-0.09007382979137214	0.0036316663568806314	-0.371037496241858
0.9693676902855503	0.02514826279159612	0.13657122977942623	-0.202588610503052
0.963392695144706	-0.10013786915857799	0.10617198921033769	-0.2248875959436601
0.9288720089721545	0.10985773318471176	0.003137109204992109	-0.3537205506517629
0.9880960511727718	0.012659003059076704	-0.0768010456583792	-0.13269341612945562
0.9523868199117556	0.1306847931744317	0.07172866441169225	-0.2659620814947949
0.9363115474390833	0.1292403747984241	0.019246252914837222	-0.32595581510832117
0.9782150990636221	0.0694626215748616	-0.09755154670881548	-0.169569631427957
0.9420576660986676	-0.10634873395467478	0.09214307537848959	-0.304511008324433
0.9741280485549885	-0.09907950574845208	0.08425177650100528	-0.18482271157927802
0.9468862076742994	-0.049747172160601164	0.13731292155400016	-0.28649064583771644
0.962203399710613	0.14224452796673787	0.03661486760443954	-0.22932610692890487
0.9372710467661464	-0.07510722542717731	0.10934488486048191	-0.3223749148698938
0.9695670880344855	-0.08883933811952184	0.10632992347050514	-0.20184444797311069
0.9648111575134367	0.08247474672419969	0.1188103517858576	-0.21959382231493244
0.9587298912501191	-0.1474055572507243	0.020110587577122762	-0.24228941698398856
0.9288821000956178	-0.06147242982597542	0.09114602442015832	-0.3536828900662925
0.9472627102067055	-0.017054845832632403	-0.14535727293499093	-0.2850855192575987
0.9629168776356392	-0.10418604801674923	-0.10276220307879882	-0.2266633710626286
0.9321413222921268	-0.09224784931285239	0.07724928710248485	-0.3415193072357644
0.923152250256655	0.0623134493740512	0.05684819080652338	-0.3750669807850414
0.9800145546265249	-0.04969010993822623	-0.10286374264060731	-0.16285397184124162
0.9780715685356767	0.11940948298449881	-0.01347482568862328	-0.1701052946506867
0.9876063389747	-0.04378529940386545	0.06797539779179469	-0.134521046933746
0.9294851861804538	0.1084758128607662	0.028030985617430997	-0.3514321421563461
0.9303740947565555	0.014240308238567385	-0.11409390826491891	-0.34811469018705116
0.9217794548854671	-0.025818328069843213	0.07149383813531447	-0.3801903228587104
0.9904832304526856	0.051170593393702606	-0.031654024962172705	-0.1237843417700415
0.9430331208224071	-0.12432404449906397	-0.068621935797812	-0.3008705617349545
0.9798181027563467	-0.03460753518239528	-0.10953561786052661	-0.16358714020198814
0.9868664927926422	-0.07253185507628643	-0.04457864489569097	-0.13728219047497167
0.9473669328790514	0.14061620017314724	0.04087603621092022	-0.2846965549491034
0.9370708256042899	0.115013485242856	-0.06528584779556382	-0.3231221504186926
0.9903903377253502	-0.04477581249362567	-0.04139559029978308	-0.12413102214811086
0.9345850823975904	-0.11272574714844896	-0.05791793947542596	-0.33239907036066446
0.9694722088906879	-0.09338887538727572	-0.10255683230926213	-0.20219854175834226
0.9461279772162794	-0.0955116838870487	0.10960417357107954	-0.2893204004308934
0.9737050843797933	0.13015513856025393	0.014581769834538232	-0.18640123537088799
0.9875490160360239	-0.03845613642187642	0.07151609551201214	-0.1347349790533242
0.9394076703027856	0.13587544677480007	-0.01425303016801454	-0.3144009272745087
0.9744673072567995	0.1227139484620582	-0.04076439084388636	-0.18355658086720944
0.9766175159897281	0.060105069341709505	-0.1086009335666502	-0.17553189262904167
0.9788336337298421	0.08513344967838532	0.08161307875058926	-0.1672612286273815
0.983618163227867	-0.0975312427084918	0.025711385578250482	-0.1494051214504405
0.9761912885360211	-0.04040970519821177	0.11851248964725278	-0.17712259514185705
0.934291076920411	-0.0978579707697174	0.07939905456676326	-0.3334963137392013
0.9500521006156483	-0.10318517604183505	-0.1063356256713214	-0.2746753725292788
0.9465622076508303	0.0026657428199736433	-0.14574528622813282	-0.2876998303869569
0.9293023078428942	-0.11120235094527041	0.006821190547981051	-0.3521146534037223
0.931132238810381	-0.10611688926106363	-0.05010040148389042	-0.34528525805871835
0.9935813608746616	0.012439107791981622	-0.006897771266029093	-0.1122219616267521
0.9290624048094126	-0.05426305560995982	0.09634583625756464	-0.3530099837135657
0.955050718724842	0.0032849605377217456	0.14940198153945755	-0.256020275778134
0.930044345152818	-0.1115769131887027	0.02293353831353782	-0.3493453324619753
0.9511411751527701	0.14862689022938783	0.0032028251919994505	-0.2706108910235108
0.9621481277815589	-0.10507299805825257	0.10269142961405334	-0.229532384576367
0.9282397651223235	0.07178774210911397	-0.08015241064674904	-0.3560801168221047
0.9307061111967667	-0.07906651605516418	-0.08492318349573477	-0.34687558796323475
0.9289587628856437	0.10015134623115805	-0.04600043630387117	-0.3533967806388657
0.979476403235972	0.10151811077860456	0.056039667125854654	-0.16486238017294882
0.9567887647404298	0.14777913663301115	-0.02120068934657138	-0.24953379974206777
0.9757345911743834	0.028054380129880128	0.12319033565522299	-0.17882701289917113
0.9629749952862007	-0.11231590449106658	0.09373521697090992	-0.22644647303791646
0.9193898866026396	-0.05700009045437789	-0.008242983605047178	-0.38910831309837746
0.9804369565174602	-0.10943084525505564	-0.027528483231859094	-0.16127754652305765
0.9370153735588489	0.06745327976162653	-0.11362454700715562	-0.323329100269662
0.9670608966919643	0.1047820862962177	-0.09596601405353797	-0.2111976813968893
0.9771367375749465	0.08635203782931461	-0.08724791816929081	-0.17359413129262036
0.9171594011829555	-0.020713422625372485	0.020902559263006337	-0.39743259801018027
0.9842381997701097	0.0426675155896275	0.08842428136422899	-0.1470911135722412
0.9598050706893759	-0.13071785395203617	-0.0700802326107386	-0.23827679268942875
0.9831387474275355	-0.008832641564620141	0.10247177008063749	-0.15119432557522883
0.9544271044947291	0.11819893501985024	-0.09140247840417422	-0.25834763576923847
0.9278893479621765	0.0526771474315465	0.092305856310054	-0.35738789146761774
0.9357518985158828	-0.07038274977859658	0.10863466113912368	-0.3280444533241069
0.9496995196851403	0.12916869637429035	-0.07221575522793294	-0.27599122247571434
0.9317893168608776	0.11216333551931959	0.040664269597560795	-0.3428330093897266
0.9757596409219401	-0.047445394963409104	-0.11703155275178537	-0.17873352596857284
0.9406701873478736	0.06105256734521119	-0.12451832526589945	-0.3096891495168186
0.9203431551272256	0.027326902698052394	-0.05976956363077831	-0.3855506665313665
0.9263946061438362	0.0261500767515601	0.09677107215191988	-0.3629663438778613
0.9487208616863391	-0.08605166260589217	0.11967991311688961	-0.2796436238504743
0.9593037054811623	-0.0939546083987425	0.11505612558676447	-0.24014791311962919
0.9262214143113082	0.08000481366850716	0.059151690738157056	-0.36361270459631173
0.9371972423050444	-0.11484185343972332	0.0661016257511507	-0.32265035686855165
0.9562252178123782	-0.00484046493504265	0.14929410652239283	-0.2516369855100055
0.9584709164878707	0.00357446763582462	0.1488196253490322	-0.2432559239545773
0.9525088169702629	-0.14245606536373415	-0.04403829698639898	-0.26550678227407176
0.9447466957396085	-0.08877882528290634	-0.11338532603925207	-0.29447541308138325
0.9479118614823131	0.1364815035930059	0.05419975246889125	-0.282662853715233
0.9866863809933816	-0.08608407450258573	0.0028473819817380133	-0.13795437686085477
0.9902744790643395	-0.058952715363260674	-0.01910470405893114	-0.12456341255749964
0.932756846406504	-0.11629599328175054	0.03698982541442469	-0.33922213996762457
0.9298265911770592	-0.11264581538843614	0.011081728067114771	-0.35015800136305725
0.9733290044483349	0.005286593642405683	-0.13165129638541456	-0.18780478478279766
0.9374773251550382	-0.07539714228743026	0.10964357022361079	-0.3216050734420458
0.9553362791012714	-0.07962241996541414	0.12645569000364923	-0.2549545499446711
0.9738049772268914	-0.0682897023879074	0.11150697752550029	-0.18602843019020504
0.9603196944581736	-0.14777398409929574	0.009202456547799508	-0.23635619063749336
0.9347756283222358	0.061848341459409456	-0.11114142175801639	-0.33168794328871254
0.9358279361198283	0.05165431305851312	0.11887322849193592	-0.3277606771228966
0.938652546630863	-0.12192341142833385	-0.058635562375960924	-0.31721908718412184
0.9512680234407502	-0.1403936396199527	-0.049035821356485584	-0.2701374867679159
0.9604030870670649	0.1209764410448128	0.08528414551018901	-0.23604496518413512
0.9815018062655048	-0.08829175589328456	0.0641434912546954	-0.15730347316092874
0.9383833712916909	-0.12922617402947992	-0.03835289548303086	-0.3182236632260568
0.9804714125558049	-0.02556201190733336	0.10978800965001004	-0.1611489548373275
0.9641394375273972	-0.1397983251840354	-0.03953284058856932	-0.22210071543129173
0.9868956833750927	0.0004713803284708412	0.08497168641651193	-0.13717324973816367
0.9881462981839442	0.04863589853011818	0.06036250008202649	-0.13250589173083163
0.9461264253400167	0.02579670726158713	0.14307226050419064	-0.289326192111953
0.9813264412615101	0.06732343247503189	-0.08669059328526782	-0.15795794426570592
0.9275296665338619	-0.10285432203471183	0.020550436747874753	-0.3587302408326265
0.9527585557184596	-0.12134811615020763	-0.08675237024997585	-0.2645747445771833
0.9423500800366236	0.1110601341477747	0.08705432836718793	-0.3034197046511403
0.9208190226157086	0.06749962272965776	-0.015909255468068536	-0.38377470488667786
0.9416307761944218	-0.09777581521565376	0.10035736320197566	-0.3061041831363165
0.9667538050896006	0.12295088335767512	0.07197421066617643	-0.21234376285948844
0.9388545814480121	-0.019818398064371842	-0.13419820135036897	-0.3164650829816234
0.9632696566995994	0.14555351025290986	0.012023814907374628	-0.2253467816720823
0.9192241829369165	-0.034343254574108965	0.04427776151842076	-0.38972672759785654
0.9760296756193122	0.06800848538313278	-0.10561476500663983	-0.17772574275817407
0.9796476006946395	0.048430053843778215	0.1047652742230598	-0.164223462559075
0.9806116950025094	-0.11211955379734674	0.005420865279025508	-0.16062541361881644
0.9659558114467901	0.11707386760016614	-0.08282241535853058	-0.21532191567857423
0.9297145317178616	-0.00475522937193025	0.11271466725368216	-0.3505762129582516
0.9568162793990336	-0.07357939324385128	-0.12989534216461227	-0.24943111363820558
0.924557432681499	0.002865761215808449	-0.09174127165389691	-0.3698227685816208
0.9344851086492567	-0.10292492058579428	-0.07353040417284841	-0.3327721774688686
0.9410763363461643	-0.13734199218155108	-0.023273884656547637	-0.30817338081975454
0.967984984124865	-0.13546005709721673	0.038678434662479375	-0.20774894014666817
0.9292425188780792	0.031810989186760306	-0.10655742404279564	-0.35233778885814415
0.9223274154226299	0.013843486820655207	0.0782727536290303	-0.3781453062934762
0.9322570195363248	-0.11998844562619167	-0.012606611706325495	-0.3410875192421219
0.9798104247695358	0.03546831040346844	0.10928587351213716	-0.16361579483886643
0.9717881267835377	-0.13114743519208036	0.031056188564459047	-0.193555418516069
0.9383050805142849	0.0002805429954484545	-0.1346519643533986	-0.3185158483851002
0.9353847805024151	0.12078538071785054	-0.0441843211928985	-0.329414556402742
0.9310619238477137	-0.09267704708351655	0.07163422209440445	-0.3455476770719248
0.9771959911873502	-0.08918729009939819	0.08411555808954639	-0.1733729938005975
0.9603524029969083	-0.059884739901186895	0.1353902514874399	-0.236234120709094
0.9765551370645139	-0.10139809316241319	0.07186976650553449	-0.1757646939472625
0.938342543661034	-0.13443856587058942	0.008731765305799746	-0.31837603401802106
0.9459075760286884	0.14406859336744726	0.017893217790014466	-0.2901429488610318
0.9507990200769034	0.016049551914447006	-0.14765040662425244	-0.2718878311507127
0.9229513803136358	-0.0032733486068603004	-0.0831377751414833	-0.3758166376181028
0.9549574537060961	-0.08786597964094722	0.12087639399120959	-0.2563683455666628
0.9216002809013029	-0.06504300470819002	0.03699655170793356	-0.3808590092710059
0.9457835557985538	-0.1374975829094734	-0.0462185034338361	-0.2906057986610605
0.9250951146091928	-0.06308744201332138	-0.07021617414953824	-0.36781611230915634
0.9299926266230485	0.0466810066057719	-0.10371856573016136	-0.34953834864276767
0.9282241936016984	-0.10567903202562878	0.019933623825708277	-0.3561382305282288
0.9778044350385974	-0.05261809248865197	0.10887535560474954	-0.1711022504341903
0.9838020070581769	-0.09339268564661217	0.035973242170586256	-0.1487190069350659
0.9639744505296194	0.11497485536812696	-0.08905853076734518	-0.2227164552895865
0.930043615617854	-0.03750129857617329	0.1075567851647644	-0.34934805512352696
0.9743438919736614	-0.08662631353573491	-0.09637189438507926	-0.18401717297431136
0.9249810130615461	0.0857517795425063	0.03813958131665997	-0.3682419450821961
0.9800618763902137	0.10381197066025406	0.04730611203739653	-0.16267736461485102
0.9878427262058147	0.01907274449066183	-0.07709500462078994	-0.13363883777696528
0.9859584898856757	-0.042584027835074846	0.07927265427773394	-0.14067090345719047
0.9773500369321868	-0.10287211034179855	0.0659170331839615	-0.17279808725417758
0.9854427538115109	-0.011208666279981553	-0.0918881028967608	-0.14259565668926957
0.9630171280157961	0.10219852128580742	-0.10462627337112515	-0.22628923155040448
0.9403714317005181	0.06700140950446297	-0.12088498698019912	-0.3108041207717977
0.9913963943321047	-0.03839321379136518	0.03418596965174657	-0.12037636777641272
0.9227809163116601	-0.07713012537963429	-0.028453472885241506	-0.3764528179343376
0.9906733422957206	-0.042026102475939	-0.04065366694095169	-0.12307483471271458
0.9230029423929302	0.009614177636263668	-0.0829433077545604	-0.3756242053184321
0.9839451898077504	0.04246275738796876	-0.08994492576879545	-0.14818464163889017
0.927195689607796	-0.05346710228007054	0.08869175060544524	-0.3599766596892604
0.980090446575023	-0.11151482890754104	0.023620207686369334	-0.1625707392335613
0.9821922874509287	0.0728283779468243	0.07780763945679688	-0.1547265622952559
0.9623923290276747	-0.11914683858486301	0.08565902313562387	-0.22862101311859154
0.9251343129471973	-0.031798786017679215	0.08907436285292945	-0.3676698221201512
0.9343614896136733	-0.0029278209414506998	0.12615644684896934	-0.33323352999044903
0.9474405058722649	-0.016525611902532367	-0.14555937309814823	-0.2844219768003653
0.9308258437868198	0.10991663877027269	0.03832374281413752	-0.34642873985383527
0.9720483498810321	0.02568205483422915	-0.13180949573909514	-0.19258425269491686
0.9298042383503975	-0.107983176444172	0.03368467592219425	-0.35024142324785157
0.9636495015778231	0.10318421239915365	-0.10289984542390715	-0.2239291812875564
0.9845363822515723	-0.09451346112993307	0.02111063824928327	-0.14597828140149618
0.959748242590755	-0.03291886145713894	0.1446468612005568	-0.23848887804077948
0.9237379575191031	0.04238253937042197	-0.07662635172967422	-0.3728810915232233
0.9898491667526926	0.062036036888434634	-0.020884400109485945	-0.12615069971365034
0.9582368205470113	0.10317255811589282	0.10741678752062007	-0.24412958189971057
0.9843233396716247	-0.07962084698875443	0.056794915288519335	-0.14677336713403613
0.9771907140261274	-0.08038579765880698	-0.09258189646661681	-0.17339268843440064
0.9830801029196417	0.08800186144396455	-0.05369571270451945	-0.15141318985827362
0.9636411481731334	0.1404578844803781	0.03884686471617834	-0.22396035661827485
0.9557884740404505	-0.14547675728685885	-0.03407000711893596	-0.25326693545672885
0.9285014867749247	-0.06525274133425592	0.0867679302334461	-0.3551033583171564
0.9329190641761078	0.03820986968869985	0.11636465239326081	-0.3386167350095728
0.9801914371873541	-0.03201594763173068	0.10905450360496508	-0.16219383713725388
0.9370079566120263	-0.0567337989487675	0.11932207542225809	-0.32335678069204093
0.9534162522820762	0.11713512202971663	-0.09257332408133281	-0.2621201875858026
0.9499577734535558	-0.0761939419299314	0.12702219356210206	-0.27502740629074174
0.969451522140947	0.029149194947407878	-0.13564141450895398	-0.20227574575941898
0.9199226604114403	-0.06215098094160586	0.004204762096463288	-0.38711997417499144
0.922475351374636	0.028903411582791753	-0.07501461761734896	-0.37759320180432343
0.9269129328731974	0.10093120039043166	-0.017356809058563093	-0.3610319221889644
0.929293505213238	0.0441149073765552	0.10227214015263893	-0.3521475052648401
0.935550162909002	0.028960193635228747	-0.12569609584155583	-0.32879734085868206
0.9805843221243444	0.09832302425055499	0.05434720009456814	-0.16072757059087742
0.9256699498073276	-0.03080097089096493	0.09203972838288328	-0.36567079814373793
0.9641505889637183	0.13970100431684512	0.03983752402576821	-0.22205909770436383
0.9402543662451829	-0.10789922842769678	0.08607272415823358	-0.31124101499891976
0.9723326866581055	-0.11281217462404668	0.071843332388543	-0.1915230933964187
0.9608794506901859	0.07799737885949823	-0.1254830333328104	-0.23426715193977007
0.9425060859524215	0.0052534952040438725	0.14122371555356567	-0.3028374826471011
0.9513971812678746	0.1354880204642147	0.06141930441953439	-0.2696554631948922
0.9251699500577868	0.02902583582071947	-0.09019284000778975	-0.36753682261279624
0.9259243951701179	0.09761140042103464	0.010699475007492139	-0.3647211951220543
0.9276797961823998	0.10180428350853402	-0.027574825334240483	-0.3581699493565606
0.9339757636450772	0.11291342513786091	0.054164209629473645	-0.3346730789030483
0.9425575416383052	-0.01747575013180347	0.14030542405140015	-0.30264544741304455
0.9760112351019652	-0.12372345396292786	-0.0219924762333134	-0.17779456370583063
0.9249011763127308	0.07696192265861304	-0.05303789879611924	-0.3685398998850856
0.9619914108869287	-0.08299414423222959	-0.12136945273769048	-0.23011725998953117
0.9922135294842082	-0.008101614519591774	-0.04100125540534413	-0.11732677787211221
0.983990831899291	0.09894132530241256	0.008026392889373998	-0.14801430303429686
0.9230241034766004	0.07568510836610653	0.035553455340166296	-0.37554523107903204
0.9305717258623227	0.09231175422350074	0.0695984120608381	-0.3473771208591721
0.9814249334212447	0.10916658660595943	0.00728236277250963	-0.15759036652142952
0.9262783501454664	0.09629528466107654	0.025998430035211774	-0.3634002171704622
0.9919597913948276	-0.034137428605839126	-0.02935524382149584	-0.11827374131349583
0.9727337877694617	-0.03728486011846499	0.12762787492760325	-0.19002616366986474
0.9441105852201069	-0.0616819631090665	-0.12934823604707416	-0.29684940985939207
0.9346078165009147	-0.08794257552857485	-0.09133229578777002	-0.3323142255319934
0.9680232726206002	0.0893001008673446	0.10888602071526643	-0.20760604553523887
0.9929445383929904	0.030386491228709893	0.002227589626928278	-0.11459861548375161
0.9410151727804633	0.13401127886084413	0.037680847400977005	-0.3084016463545225
0.9317521026917079	-0.05075839382385347	0.10785121291874641	-0.34297189455982946
0.9391881700411913	0.11021566066891866	-0.0800897590466984	-0.31522011340305345
0.9197630790282314	0.036882394748681976	0.04849976755291988	-0.387715540005069
0.93549503320273	0.09180694871088475	-0.0904295045315748	-0.32900308772349524
0.9393316975383571	0.1277756272419735	-0.04799000706948563	-0.3146844614913474
0.9564671430744534	-0.10213474895582508	-0.10895643298956058	-0.25073410814030694
0.920519787482432	0.04736357151642851	-0.04752444264834349	-0.38489146560747556
0.9379864382309383	0.032852963933916096	-0.1299646621360214	-0.3197050375759892
0.9727810965973513	-0.11905098395792427	-0.058999397530495906	-0.18984960472053436
0.924912575087581	0.03624269321917796	0.08621422148040207	-0.3684973590782008
0.9304142455622941	0.009738022475082184	-0.11469511314996396	-0.3479648453400698
0.978071824920433	0.0504638694542688	-0.1090569458348379	-0.17010433780974962
0.9465734692633055	-0.14411803375381826	-0.021946500476572282	-0.287657801477024
0.945476537066908	0.07618439262533808	-0.1230896230743004	-0.2917516081664375
0.9519743728544909	0.1489145304267133	-0.003504454295186088	-0.2675013548679388
0.9265766185079176	0.05882988245007937	-0.08211515006604982	-0.3622870644875038
0.9274482341600968	0.08125656885033453	0.06581505665800894	-0.35903415058889865
0.9227970850636105	0.08214400029189345	0.00515824860585503	-0.37639247533056386
0.9861921018499982	0.08244078018903318	0.032937533968386515	-0.13979905173708326
0.9508673456280149	-0.14348056573518622	0.03847363108320444	-0.2716328367225096
0.9771460194154561	-0.10229736081022746	0.06780862628236928	-0.17355949099225046
0.9275153503689323	0.011461910820837595	-0.10420258125116942	-0.35878366948751345
0.9236630401364867	-0.08706082605142526	0.004254706760942029	-0.3731606870015177
0.9815320495810081	0.052384734229551526	0.09561270529603677	-0.1571906035708805
0.9908511820771069	-0.02341516835521556	-0.051780118808447996	-0.12241112761297385
0.9309637887256995	0.1026556449041187	-0.05578351895327076	-0.34591392233328894
0.9777992650313674	0.06636657304496903	-0.10110139498108602	-0.1711215451638479
0.9402277702222952	-0.12135206958679005	-0.0656707689932216	-0.3113402727076158
0.9369305955938942	0.10632291156274727	-0.07816706770242432	-0.3236454959422351
0.9738485364291734	-0.02807593528200517	0.12761132460680774	-0.18586586503415153
0.9277008110791156	-0.10549367868637727	-0.0035709504629736974	-0.3580915206943014
0.9404733786430363	0.07987215495732947	0.11299301170249285	-0.3104236496026435
0.9187016804512327	-0.049994172612152776	0.008783025513047837	-0.39167673342150994
0.9789433251717108	-0.09108947841354664	0.07438502297452788	-0.1668518545931722
0.925045313118459	-0.08289738058049141	0.0446513168950036	-0.3680019740028676
0.9379797430583823	-0.11610696079336924	-0.06697676334740263	-0.3197300243001337
0.9869838272847896	0.08432445613897387	-0.005094160429545965	-0.13684429218879707
0.9166993808128451	0.002672883863762072	0.01829872933526133	-0.39914941740394927
0.9836390664864024	0.03867135969553842	-0.09305980448653275	-0.14932710942754257
0.9503498638217901	0.1482949324566224	0.0025356920234388403	-0.273564105115333
0.932758217149154	-0.024793122332375447	0.11949568971312693	-0.339217024286411
0.9241680656481283	0.07173086748335591	0.05405803003658763	-0.37127590613295325
0.9730328613383027	0.12150632855677448	0.05250021467918037	-0.18891000591574947
0.9759678097536185	0.12124458668219881	-0.03343684507887507	-0.1779566293121969
0.9434102443581118	-0.13720426909178948	-0.03839193427002564	-0.2994631175389741
0.9677780671026985	0.13608319533460023	0.03749534018018142	-0.2085211649863442
0.9920580620787107	0.03691090556021758	0.023586610486266722	-0.11790699012834976
0.9308041987911527	-0.0990367054691316	-0.06104446722115499	-0.3465095200773941
0.9359347368305349	-0.061875921139322915	0.11415603296523938	-0.3273620914442551
0.9253793240931711	-0.09447361996409197	-0.015436892475546242	-0.3667554280749563
0.9711055775686084	0.07938145409206644	-0.1104366899066522	-0.1961027268648514
0.9892825205939255	0.026057931473537188	-0.06472288997003367	-0.12826545196808328
0.9216887252133716	-0.07395786935367894	-0.014760093090445545	-0.3805289306047246
0.9461383097011753	-0.13773393018431027	-0.046558360954161555	-0.2892818390722937
0.9780683040036823	-0.05453024694727161	0.10709289674462011	-0.17011747804995264
0.9204471424634317	0.010069190176188153	0.06576819835995558	-0.38516258050930163
0.921947402992751	-0.048493965686254754	0.05994035861384301	-0.3795635319892917
0.9370692631465716	0.12995689337729419	-0.024509374595329432	-0.32312798159028217
0.9747487793352827	0.06704828164880029	-0.10982196462512923	-0.1825061127693982
0.9185171575052714	0.019208016045509726	-0.04479609534108165	-0.3923653824309995
0.9765436065830392	-0.12420655613210246	0.005192228071548292	-0.17580772628996186
0.982216426014455	0.1022735637631548	-0.02964069716480302	-0.1546364759497541
0.9279463796736463	0.10259631987710993	-0.02855692479958376	-0.3571750462227696
0.9747974095345994	0.12377869406467591	0.03473582198370666	-0.1823246223947661
0.982430978336158	0.08532429218139419	-0.06231932454290448	-0.15383575578427686
0.9449224848764394	-0.1261891051196167	0.06977099359487704	-0.2938193590913114
0.9665847243349602	0.05681454525670033	-0.13087330079712603	-0.21297478082638832
0.9545931956558324	0.08869742728304547	-0.12025386120218476	-0.25772777511731243
0.9624681004084223	-0.08426503201804116	0.12006753340659862	-0.22833823047588125
0.9679819382455692	-0.10927145209968042	-0.08891778002371575	-0.2077603075229536
0.9362996371960794	-0.0023214812167911825	0.1306193994040577	-0.3260002647403424
0.9248186002865275	0.09098300898625222	0.019589388338471545	-0.36884807781036366
0.9380066241371922	0.13045620292187812	0.03100976160852289	-0.3196297027482529
0.9262204586476136	0.07710388514004927	0.06287972813853512	-0.3636162711817751
0.9346487045300585	0.05904485842535992	-0.11231275891358064	-0.33216162932980725
0.9899501512212007	-0.06457827419999056	0.003048058994475888	-0.12577382054640307
0.9171648518177461	0.0017733468703607543	0.029478613272127474	-0.3974122559642084
0.9344355871688319	0.0773251335996919	-0.09995297490773711	-0.33295699414988
0.931088595507385	-0.028342008043124395	0.11373804324902026	-0.3454481370829094
0.9207474789573583	0.0020623707771482945	0.06878802235589243	-0.3840417094546004
0.970841672677009	-0.09200262692308611	-0.10078902728900506	-0.1970876333286659
0.9802822185729231	-0.027542411194545514	0.10995969593109223	-0.16185503639392923
0.9284606076807909	-0.07424343782994765	0.07900659716393295	-0.3552559211734312
0.9676902283782851	-0.05469920658599499	0.130252526894316	-0.2088489835687271
0.9825408813117344	0.09144008563261544	-0.05208372989166753	-0.15342559229552244
0.9516568153499926	0.0408640900553516	-0.14313280203777629	-0.2686864956090514
0.9406665855889674	0.13744681425084385	0.018413387769164166	-0.30970259146405316
0.9447865987540577	0.1139576060515706	-0.08811278201062168	-0.29432649300408337
0.9879851594379527	0.06075056773698263	-0.04977095536789371	-0.13310726971793965
0.9280980331702464	0.10673761959934933	0.008431740302071718	-0.35660906766831246
0.9897738289949105	0.04951194899729537	0.04371862412313339	-0.12643186405342152
0.919210647046704	0.0558204020987939	-0.0030933715663269273	-0.3897772442278554
0.9535424628170863	-0.1125365023957542	-0.09814286777788793	-0.2616491634566942
0.9764744093113205	-0.11043663131258913	0.057465217440631926	-0.17606597402376117
0.9257192818676678	0.06573487392231427	0.07170926118655711	-0.36548668838810644
0.9379604436813668	0.12063508857064678	0.058344065293470915	-0.31980205055571
0.9546344641836468	0.063821596871064	-0.1351132943301954	-0.25757375887475575
0.955550763459104	-0.14057807493974395	0.050658120552993555	-0.2541540834238111
0.9808396964439735	0.013917669930698286	-0.11059790813490038	-0.15977450065507362
0.9470537932663441	-0.14147047639041815	0.0368279769421536	-0.2858652078935893
0.9853771491441666	-0.08325700562386897	-0.04119147337023466	-0.14284049664101234
0.9830463755142334	-0.08359075529667792	0.06056667260131031	-0.15153906224886476
0.9520376248144709	0.1428602839373485	0.04224407790435189	-0.2672652953396155
0.9693152055713865	0.13448940364988937	0.0349153940527118	-0.20278448612293212
0.9212496847749412	0.03141609271486792	0.06526933571179476	-0.3821674518275246
0.9248654303392191	-0.07508030338019686	-0.055379395905885434	-0.36867330567439766
0.9363063463697106	-0.09528465391787587	0.08939470154324705	-0.32597522576347404
0.978637053935861	0.09058239746083677	0.0764334227102933	-0.16799487440626032
0.9770040844811105	-0.0661391253258623	0.10383441466140152	-0.17408919937859724
0.9301382363037862	-0.05410188707053222	0.10059020263350085	-0.3489949259161806
0.9556824429718388	0.1261396321304384	-0.08009445679457428	-0.2536626487919687
0.9772682682478578	0.030108462618100455	0.11864011317282613	-0.1731032521385612
0.9468341349640401	0.0927384644711547	-0.11276709677996956	-0.28668498383809227
0.9278563268849065	-0.07863329755249786	0.07131083137055122	-0.35751112780570976
0.982758687905571	0.044880771285202056	0.09423605077754885	-0.15261272702110096
0.945070580167236	0.12374206988139894	0.07432472543152788	-0.2932666599416967
0.9780692990586027	-0.01363033913322375	0.1193983552536146	-0.17011376445443332
0.9498156218012734	0.1280785398577492	-0.07425633318355096	-0.27555792347943936
0.9225531538070749	-0.08010785660039546	-0.010998966456871984	-0.37730283917350854
0.9813327239089662	0.006747145092890837	-0.10953198456303839	-0.15793449710619373
0.9607413828945133	-0.12857285020597445	-0.07295360787000078	-0.23478242796810894
0.992716626509445	-0.02881318472114194	0.01884100298682105	-0.11544919421279135
0.9585701202188475	0.015691569601993784	-0.1479987857164265	-0.24288569059027174
0.9665055229523147	-0.13765122709400565	0.03788093777113261	-0.21327036441045114
0.9839433488265665	0.05285265508351936	0.08426956058072464	-0.14819151227420407
0.9740812226386099	-0.07922300546052113	-0.10327353891141366	-0.18499746827831387
0.9760247946350327	-0.1132040265974523	-0.05447507426180391	-0.17774395883949598
0.9288120293300989	0.022963900491737743	-0.10725780515270351	-0.3539443977233341
0.9718722102720883	-0.12981981948211901	0.035621618888638476	-0.19324161466472045
0.9275659783566303	-0.09518999477133583	-0.04438519051596285	-0.35859472326513914
0.9871245468220902	-0.018112367046209724	0.081695586284707	-0.13631911972597355
0.9742255624676689	0.06022268430932397	0.11503364062365784	-0.1844587847027098
0.9480151525812002	-0.024576138445228518	0.14485431471306803	-0.2822773660862168
0.9834239441511732	0.10165818861328285	0.001988666759143269	-0.1501299569124609
0.9331371143917695	-0.10644753851008323	-0.06175117124017253	-0.337802960526122
0.9314759478312415	0.048936555958450395	0.10779628633648704	-0.3440025185298467
0.966589166156972	-0.12921918545721628	-0.06046973991745097	-0.21295820372096247
0.9705701048385799	0.07532205460007703	-0.11435120764092867	-0.1981011382993856
0.9683052134657256	0.1276806466100766	0.058465222180214126	-0.20655382797650168
0.9454600495529766	-0.14473078498508307	-0.0018400171745143468	-0.2918131404061205
0.9820350360422901	-0.06513719827942138	0.0851003587406727	-0.15531343254185676
0.9302455575930673	-0.03070707757749871	-0.1103731129310117	-0.3485943974118501
0.9217934264425665	0.057035947261519095	0.05038594612752278	-0.38013818029775487
0.973126115347308	-0.13200839679496834	0.006612681227973934	-0.18856197721613216
0.9779263136441272	-0.0663350064158011	-0.10069388844869308	-0.1706473932859971
0.9896433283716745	0.036297580284643124	-0.05639291931674387	-0.12691889900975822
0.9817289227974785	0.06595233249999055	-0.08590794491715065	-0.15645586272436388
0.9778473913145468	0.03936799569282346	-0.11420812110338177	-0.17094193542984304
0.9488135748227046	0.12736020051664965	0.0743304952869879	-0.2792976137150292
0.934058533083586	0.12154620738651738	0.03101244819240994	-0.3343641791532195
0.9834615099286198	0.08608943255274151	-0.05380650639167561	-0.14998975952240434
0.9392775239192446	-0.004810464914088118	0.13631212828323264	-0.31488664019030504
0.982936488818398	0.05920799487303259	-0.08509831698754251	-0.15194916498079813
0.9378678346236089	0.10322566006115877	0.08516957101559847	-0.3201476722645033
0.9420263662383654	0.1269365298518547	0.0606245278559201	-0.3046278209933504
0.9560806374810434	-0.1063333745305819	0.10492858202714553	-0.25217656665232213
0.9724385269976049	0.09062736978585145	-0.09808182071019658	-0.19112809187191654
0.9872790264661933	-0.07852740180792436	-0.026220588883026013	-0.13574259384544562
0.9634127619827617	0.13064505062462314	0.0650151386123303	-0.22481270548448878
0.9828553240279302	0.10394282709638424	-0.003256692740876893	-0.15225207610260977
0.9718986793882173	0.1284841082582991	-0.04000797326327976	-0.19314283057849552
0.9368791316281541	0.09099006919355881	0.09543339780058137	-0.32383756207713654
0.9490443625334428	0.10570969794344254	0.10302176125454865	-0.2784363022527916
0.9518288734035464	-0.13773285542278824	0.0566010073654466	-0.2680443662113374
0.9667562562615732	0.0330846769911398	0.13857040238377036	-0.21233461496114858
0.9427456479335917	0.05941998442097045	-0.12856934609477158	-0.30194342516181194
0.9410821476592593	0.11083957031206534	-0.08438907093763229	-0.3081516927040249
0.9449936871029896	0.10403805975745302	0.09994638811264518	-0.29355362876421426
0.9328514267981869	-0.09904092950017436	-0.07174121153344298	-0.3388691611404646
0.9522758259413507	0.060436055945643656	-0.136242036123923	-0.2663763166316797
0.9809029720693152	-0.11086757642963976	0.009233302010503864	-0.15953835280641782
0.9445382931458178	0.05284944651461337	0.1337157702542152	-0.2952531821498388
0.9306574240683365	0.10816689853220411	0.04156823295294152	-0.347057290800211
0.9539946077852053	-0.13040769773619657	-0.07285613757819379	-0.25996173546328777
0.9649422948043337	0.1274812740169201	0.06803050366785181	-0.2191044112825382
0.9564338980107028	0.0871241331298984	-0.12130027817421656	-0.2508581804073249
0.9257722544646007	0.09738199835076479	0.0051411681529717965	-0.36528899196494413
0.9466592506057541	-0.03785067768047378	-0.14085687035887187	-0.2873376611486649
0.9659966354999721	0.13847732690253645	0.03710244391353353	-0.21516955823792824
0.9287460919316063	0.10680220735958271	0.023939287701891045	-0.35419047944462745
0.9770973004821012	0.04532984334829665	0.11419293767158512	-0.17374131252682157
0.992754698013777	-0.016240165158923868	0.02964181376698689	-0.11530710942430375
0.9374243375097947	-0.004239816234501436	-0.13289310201860524	-0.3218028260262681
0.9578027966616016	-0.05916456543319793	-0.13682323851354103	-0.2457493810917579
0.9417879656575331	-0.10101691883707813	0.09741683691519665	-0.3055175440735708
0.9531590325389013	0.13001460451065733	0.0733000596801033	-0.26308014473604074
0.9783193899910629	-0.114964870605793	-0.03243821447522754	-0.16918041238797943
0.9662330182235712	0.02715273045949176	0.14048988766930445	-0.21428736590342462
0.9668134783114731	-0.12965947273545597	0.05886234330787783	-0.21212105936360875
0.9719885452974472	-0.026441390935659746	0.13177408414959707	-0.1928074464393813
0.9274312602785377	-0.05278274843421045	-0.09018994329941697	-0.35909749797727913
0.9766627815474748	-0.09838807132935531	-0.07548132932662752	-0.17536295926769807
0.921691188627642	-0.004798743942381341	-0.07527984194235972	-0.38051973701750763
0.9809758727954139	-0.05969685621843674	0.0935781665853634	-0.1592662835927086
0.9533134156988058	0.034935465810966855	0.14513685168903978	-0.2625039789394442
0.9357269324387913	-0.004689682387388962	0.12930124470938573	-0.32813762799227764
0.9597797283664524	-0.13289672898534943	-0.0658818767078645	-0.23837137152616072
0.9189659914032916	0.03614999569358241	-0.03944318623502499	-0.3906903115194288
0.9265706162324381	0.10097317255360087	-0.0017784612227332887	-0.36230946528455454
0.9502457728801511	0.1260640726566449	0.07804361489820792	-0.27395257779813753
0.9419105923869967	0.1025944125311502	0.09600668204333926	-0.3050598948888466
0.9529924710335792	0.14756853553222662	-0.02214178987034507	-0.26370176073648816
0.9331665092338195	-0.04060776069540995	-0.11625205231217527	-0.33769325748211093
0.9583678933371418	0.09941566912385819	-0.11084608966797362	-0.24364041158745367
0.9835981155969318	0.0424164510675155	-0.09160425286271538	-0.149479940227662
0.9475654583186675	0.1382321497581515	-0.04879308340174468	-0.28395564792186107
0.9646719450548829	-0.13427746826205314	0.05410826335864237	-0.2201133702833022
0.97818845297059	-0.08552999036694023	0.08393078024068293	-0.16966907600097614
0.9331823288021265	-0.06374341661497092	0.10540708160193145	-0.3376342180494355
0.9676729705286711	-0.0550298173379819	0.13013814383703937	-0.208913390740316
0.9453735817459034	-0.08964272990992922	-0.11353246825148097	-0.2921358426553365
0.9204149269010375	0.060550552654555626	0.02696569576190611	-0.38528281062495084
0.9535900423423402	-0.0520755088143496	0.13995277034441414	-0.2614715942510464
0.9670807226814898	0.11673073428618462	0.08096665423181938	-0.21112368979666973
0.9418564061661278	0.05452049036655061	-0.129418174958916	-0.3052621206181999
0.9894085124601392	-0.014139890237722354	-0.06737384215248318	-0.12779524392203342
0.9311595798672356	0.09135679240567057	0.07378562217654411	-0.34518321984540434
0.9263226134780522	0.03765437910146344	0.0925682489518187	-0.36323502416433956
0.9899611933669259	-0.03333779658013732	-0.05528777038275318	-0.1257326106975319
0.9709250338262954	-0.10704940389806564	-0.0844038086319056	-0.19677652528415235
0.9377321530329328	0.12540556387801022	0.0459656232165458	-0.3206540428545587
0.981506092851509	0.09674357588026983	-0.05046900338074935	-0.15728747540416976
0.9361788279417185	0.09625888443769204	-0.08793798007169279	-0.32645113101564194
0.9373177695493022	0.07607427902661201	0.10878838634505052	-0.3222005430692851
0.9871785520370847	0.04102061632232615	-0.07257976785950686	-0.13611756951974044
0.927985644268492	-0.10563205462958773	0.014668230944089308	-0.357028508759867
0.9331908117531028	-0.12095885092599455	-0.023417455737297796	-0.33760255924539384
0.9231084994454581	-0.08200630520734835	-0.018652489409562288	-0.37523026103530055
0.9792280692085983	-0.10113460622741503	0.05829347496871298	-0.1657891753803558
0.923901681669632	-0.07389902029052274	-0.04857588244160571	-0.3722700646750232
0.9609345265957187	-0.07300486908496749	0.12841452155978192	-0.23406160586204872
0.9713692295951354	0.06665345887652986	-0.11801611800582393	-0.1951187641063343
0.9535739149559626	0.0790115608827077	0.1267086765661809	-0.2615317824764016
0.9527770209870439	0.14077927646332947	0.04933364803806345	-0.2645058312566512
0.9353494595637273	0.11897226539492696	0.0486433414264229	-0.32954637594049596
0.9290958174414881	0.032618263698533594	0.10577800224607492	-0.3528852860730458
0.9706407287565941	-0.0576638584868789	-0.12406350182021854	-0.19783756624912646
0.9312653256099479	0.07778674141332403	0.0884022467802235	-0.34478857136091795
0.9706330427214	0.12082672920850188	0.06419769958383603	-0.19786625092297958
0.9713654205249839	0.12420704392171744	0.05426739594420284	-0.19513297974966914
0.9405827949799168	0.06637184734828913	-0.1216112495748757	-0.31001530227422713
0.9264521503771183	0.06952886704134659	-0.07254954620339785	-0.36275158587557005
0.9861743362639775	0.06460058421621415	0.06102971258119225	-0.13986535380673829
0.9875663978113792	0.060491867643386536	-0.054012086621597406	-0.13467010938457252
0.9568733503642222	-0.03953407453187668	0.1439471292942146	-0.24921812189648473
0.9326643677779809	0.07256473969259061	-0.09780389277670348	-0.3395672749078873
0.9563802124781197	0.030663757414075357	-0.14617193262918202	-0.2510585375425563
0.9463931297075574	0.08789770753223741	-0.11610066748682858	-0.2883308378616904
0.978274096527592	0.10840209472879227	0.05049298705589636	-0.16934944989490375
0.9813994931432	-0.05413637045376456	-0.09518209374011183	-0.1576853109316512
0.9794717625141317	-0.06543782087778291	-0.09574780781702352	-0.16487969958264043
0.977969354575727	0.0327254350522168	-0.11592778475138749	-0.17048676234246185
0.9549714968950727	-0.05611532942928618	0.13850144779627507	-0.25631593567190203
0.9814060307791139	0.08388081012595444	-0.07035090067276538	-0.15766091214225864
0.930024870922293	-0.07352971386926217	0.08691475155342208	-0.34941801127973265
0.9360909622984148	0.045666921062766895	0.12191675465376828	-0.32677905006069097
0.9326200867750569	0.07381697632760255	0.09670901295218044	-0.3397325338606098
0.9706469747147921	0.10145689563928048	-0.09176311307481524	-0.19781425601578978
0.9362038900896414	-0.11593457250087573	0.05976762864793822	-0.32635759780624674
0.9842744273908602	-0.05231624722915626	0.08289042346714562	-0.14695591025096288
0.9505534121820679	0.09893335225266486	-0.11062609642487405	-0.27280445229297895
0.9715919142203175	0.1193728627017297	0.06333690804897438	-0.19428769377109004
0.985173519158458	0.0012852433454626638	0.09386370375490184	-0.14360045409362132
0.9819883508000717	0.10628863350484662	-0.015006383658530124	-0.15548766423777943
0.9727173579509218	-0.11231040602002373	0.0712324642598074	-0.19008748058741495
0.9823651143016434	-0.006983714826202938	0.1056829298222	-0.15408156370747644
0.9778513695300065	0.003925036848473496	-0.12072789073573058	-0.17092708852762384
0.984309388050835	-0.09503788970568605	-0.023347797898127198	-0.14682543529167127
0.9795233818067342	0.1156680755368969	-0.005745878465585327	-0.1646870537599976
0.9700110751333114	0.09826003555522962	-0.09668742505160668	-0.2001874655623874
0.9398988660044657	-0.13722917790919384	0.00772462606616631	-0.31256775995937913
0.946281720623132	0.13797982979623982	-0.04623699749625051	-0.2887466222251908
0.9676661116528782	-0.10591200919461646	-0.09353845085206039	-0.20893898841325775
0.9829156312584653	-0.10358709847652242	0.0058620956633114105	-0.15202700645418935
0.978364416020744	-0.03759788923137465	-0.11324436399659324	-0.1690123729575467
0.927414832993555	0.052367191949386396	-0.09035683275861914	-0.359158805439465
0.9676602830267722	-0.005287474658578029	-0.14121270454763635	-0.20896074114202362
0.9269997000424952	-0.08952261323888612	-0.050467043535049924	-0.36070810270471604
0.9218304003043503	0.06539415128098444	-0.03939761614596367	-0.38000019196702567
0.9735847683266807	0.05442712821936245	-0.11940421501154908	-0.18685026099407023
0.9637975017184323	-0.14462058910600198	-0.016794328540684897	-0.22337683724327567
0.930047978775353	0.0873536335240826	-0.0731260093139379	-0.3493317715980593
0.9316341131493885	-0.0595037992120031	0.10288446050164204	-0.3434122375265274
0.9661025044939948	-0.07122233233374911	0.12427898419263235	-0.21477444977328916
0.9295480912439339	0.06322490961909982	-0.09275429408784819	-0.3511973772633855
0.9590017571567065	-0.14840137143355628	-0.008895718139917998	-0.24127479960775822
0.9695911383741007	0.011226789368348186	-0.13806530445157314	-0.2017546908837275
0.9748530868475808	-0.07675892767385309	-0.10297079998178925	-0.18211683183389077
0.9278698002276174	-0.0384885701817411	-0.09898488957600378	-0.3574608446061649
0.9239111425923308	0.07643176914361044	-0.04458331147395508	-0.372234756030825
0.9260519138435743	-0.07624024106435542	-0.06277458071595339	-0.3642452889538016
0.9773317414608125	-0.08191191514380658	-0.09072113585795585	-0.17286636688289486
0.9685267406354495	0.12040665853267274	0.07165583654428709	-0.2057270773238353
0.9729708462065481	-0.058136879504742375	-0.11905186995640639	-0.18914144953829576
0.9713393006729323	-0.09058862113541656	0.10088970232300418	-0.19523046036461172
0.9305757936091268	0.1128487493687022	-0.025170118755362087	-0.3473619398214269
0.9346664562347425	-0.031235496411344776	0.12302690175945602	-0.33209537906600567
0.939874243725871	-0.1318314036194306	0.038740538077394804	-0.3126596515540927
0.9863561289053284	0.04549452818704277	0.07522528360925644	-0.1391868944327749
0.9529713725478742	0.019548164512230105	-0.14792998165422505	-0.26378050135710207
0.9710025903493459	-0.12620412738799866	0.05117924385049062	-0.19648708039966928
0.9665606975567423	0.03296625914952493	-0.13884229848848018	-0.21306444998343954
0.9748830348834973	-0.04954637605342563	-0.11841613701892101	-0.1820050642422635
0.9188996129538851	0.05267265102487626	0.004067259856244091	-0.39093803926514165
0.9633112036379896	0.12718480077235456	0.07172334184083057	-0.22519172638711119
0.9862767691653144	0.07415952981044092	0.047989292570286446	-0.1394830690145825
0.9448069779603971	0.11244415267671098	-0.09007090199651158	-0.29425043677060686
0.9305642689022635	0.1106266435528718	0.03349160295077645	-0.34740495061298293
0.9582975538035466	0.1455405205266477	-0.03154551873393199	-0.2439029223006113
0.9799398662420291	-0.10908142974951082	0.03473929021676984	-0.16313271268691493
0.9383058996224419	0.07879012997548056	-0.10919595160290183	-0.31851279143184086
0.9678620792641578	0.12502837465433442	0.06527239060136168	-0.20820762733132464
0.9845510150129688	0.09661218464051108	-0.005627326329705945	-0.14592367119250926
0.9618825057693681	0.11983941925177832	0.08531929848092322	-0.2305236994214721
0.9436275045088969	-0.1032215015952883	-0.0985863228555133	-0.2986522916177842
0.9689114551471948	0.06329989478375381	0.12437354555431568	-0.20429130321959288
0.9500681430970805	0.1233202196979141	-0.0821521357053728	-0.2746155011734941
0.9456218025845637	-0.14262225820741206	-0.02559966008107248	-0.2912094698739586
0.9491887893781551	0.10026000072841462	-0.1084512258988341	-0.27789729393034857
0.9814758520834339	0.09737328477030506	-0.04948463982582007	-0.15740033548708574
0.9438783127006255	0.055863697460408424	-0.13167385861078323	-0.2977162627032989
0.9767775009330886	0.12072645459255936	-0.026993431458181862	-0.1749348206919744
0.983553824164833	0.10077130670765826	-0.008562793258130565	-0.14964523810259495
0.9664064345192299	0.13992296886771355	0.028949005913892878	-0.2136401674771659
0.9769349980220984	-0.06581866864309326	0.1042546132726144	-0.1743470335537457
0.9661796247592839	0.14285091355482257	-0.009275421833418934	-0.21448663302493715
0.9838724799696072	0.08927454588370959	-0.04456248579475344	-0.14845599844905047
0.9809801618148412	0.01600157780014072	0.10982359030424924	-0.1592502767542915
0.9179175601761166	0.04105221674166253	0.005518486987799491	-0.39460311012748783
0.9843368030641384	-0.057811892717987784	-0.07881096965250477	-0.1467231210691327
0.9909713653532626	-0.021912361766220856	-0.051193029387377395	-0.12196259752014077
0.9522076038971271	0.09301745250401003	-0.11643187951799924	-0.2666309247669183
0.9226541571179406	0.07862660208596048	0.021308155295527396	-0.37692588968562535
0.979730098634115	-0.09870706727210601	0.05930879046724133	-0.16391557605743257
0.9772744027406723	-0.11740397358859016	-0.03455775517570259	-0.17308035789969872
0.9651447486230673	0.079351605184065	-0.1205102467427555	-0.21834884334483784
0.9436819815660442	0.1125937733488132	0.08783601724513579	-0.2984489804726638
0.9864360946617113	0.06271207781532023	0.061000185512877156	-0.13888845816708806
0.9349219771685172	-0.04815023417867574	0.11809989433820965	-0.3311417619587612
0.9791812997892055	-0.11670525217244776	-0.006317396145126688	-0.16596372122976966
0.9708313581389458	0.0020048844514871655	-0.13646883991215666	-0.19712612770877447
0.9798305783672268	0.10307249838494689	-0.050621895204183455	-0.16354058058832863
0.99113174891942	-0.010405690733953485	-0.05310695047045483	-0.1213640379025423
0.935869958611705	0.11108405388455264	0.06695874057918282	-0.32760384704815226
0.9765148200144793	0.09175928231684348	-0.08398152865443728	-0.17591515922640288
0.9844037248303833	0.09200599468546769	0.03208982145267608	-0.14647336563737462
0.9777628601287711	0.10010749465743132	0.06803806543868574	-0.1712574101099817
0.9415863488862932	0.116453962302248	-0.07779663642934971	-0.306269988107496
0.9205567500533727	-0.0673771306960987	-0.0005669993820226725	-0.38475351941474667
0.9601246850492893	-0.13554747259884087	-0.05982190498973526	-0.23708397565940337
0.9790452367038908	0.11009336816701276	0.04046120703211047	-0.16647151557719914
0.9673368728010463	-0.13475934255663544	-0.043918352388326004	-0.2101677245361202
0.9593325420966821	0.01566839846028078	-0.1477031905744127	-0.2400402934053911
0.9423791285465265	-0.13582327773381253	0.03841710758108622	-0.30331129413629837
0.9803233283455709	-0.08695081733495373	0.07251424506881292	-0.16170161263371996
0.9654703131635194	0.06622794989010117	-0.1278039017092437	-0.2171338199387279
0.9868439283750943	0.04034642206848295	-0.07511124316270415	-0.1373664020277034
0.9644871261796633	-0.14331097947729574	0.021737689672292185	-0.22080312371581928
0.947233094876084	0.12109275867702374	0.0821536583685762	-0.28519604517616104
0.9604633077090168	-0.08920131036141363	0.11807703092503641	-0.235820218688706
0.9530594943822613	-0.09446737186584554	0.11552816313077535	-0.2634516261939129
0.9458869925619424	0.11290702999828721	0.09122656678094297	-0.2902197674047235
0.9925399707641815	-0.037090193706849364	-0.002746684206399695	-0.11610848242956393
0.95350137716558	0.0958374163652159	-0.11449788570074981	-0.2618024971955776
0.975256555606948	-0.09975592731950012	0.0793917412320366	-0.18061106592466547
0.9337323277911193	0.05106732051291345	0.11367085230365614	-0.3355815938784032
0.9639568665460742	0.13994240929997517	0.03964122251929784	-0.22278207960957686
0.9834871112160781	0.08151422926309888	-0.06033454270816466	-0.14989421421687088
0.9664790740430508	0.04731766348336627	0.13473261227629713	-0.21336907308362907
0.9704738796228123	-0.053209930948457454	0.1263434965811011	-0.1984602556935993
0.9593795313760303	-0.12871393293105118	-0.07408410779812492	-0.23986492702745266
0.9255884299508719	-0.04163400066072271	-0.08726363809403039	-0.36597503438985696
0.9656706476830688	0.008265399749563234	0.14348837079637763	-0.21638616133325955
0.957584094584809	0.04654102216274051	-0.14167584724945423	-0.24656558835406867
0.9249721805290071	0.026188343794068144	0.09007900773671412	-0.3682749085423911
0.978879741001416	0.09974356773143397	0.06266488639095477	-0.1670891539472696
0.9223851975682352	0.04081088458565024	0.06862354409101701	-0.3779296603903068
0.987532759373464	-0.049959296267071775	0.06413462941995361	-0.1347956497439593
0.9901891517793127	-0.058346585197289635	0.022926865394144305	-0.12488185832049187
0.9538651398900415	-0.029496270665568036	-0.14642305327855032	-0.260444916225988
0.9314460891910181	-0.011968354055113813	-0.11768827100506353	-0.34411395249220567
0.9254441622323681	-0.06969443897371792	-0.06605815303020825	-0.36651344884520465
0.9654975210863245	0.025447137862549915	-0.1416473437854439	-0.2170322785884511
0.9626719598205119	0.10644536059549203	0.10070055783929795	-0.22757741679236193
0.9516574336807523	-0.1332264947801353	-0.06639003799628095	-0.2686841879672406
0.93509008623739	0.028889204125109702	-0.1246282290768356	-0.3305143703725151
0.9708544679662342	0.0573418259526374	-0.12380954105493512	-0.19703988065918027
0.979293573053959	-0.07390929663956845	0.09009140954143144	-0.165544711701378
0.9280518185762545	0.06570129499633989	0.08432136462642667	-0.3567815428811415
0.9221946969653152	0.030505618938116926	-0.07250951841688517	-0.37864061831927665
0.9261864955702724	0.07198499518246286	0.06846713831602712	-0.36374302311199386
0.9936954571017192	-0.001330161316622244	0.008318073081806546	-0.1117961487104214
0.9516625248799271	-0.13335409036108206	0.06613729982070789	-0.26866518735324874
0.9564406927198629	-0.11477552248492852	-0.09555457106424965	-0.2508328222075166
0.9577885150309893	0.08032919965183025	0.12557636019044488	-0.24580268086281817
0.9685948431113477	-0.08647047153039167	0.11012614802450836	-0.20547291542366197
0.9770729075341162	-0.1211118523756091	0.021042036012379653	-0.1738323482480476
0.9574218070550926	0.07120963088448432	-0.13106884911602784	-0.24717125366040527
0.9281129295640674	0.0970681144579891	-0.04531877775205244	-0.3565534735697229
0.9432360495089716	-0.07807597359138602	-0.11891993733396203	-0.3001132215663824
0.9512971182042584	0.009105939043123644	0.14844280371096066	-0.27002890363226906
0.9256507187119258	0.08339626994480359	0.04947910581805243	-0.3657425695688628
0.9862077656675386	-0.08763466990202154	-0.013673846413507336	-0.13974059357418162
0.9501541831806303	0.032629239037382074	0.14458542699892557	-0.2742943952101992
0.9234804022383579	-0.07651413246032247	-0.03964174896262589	-0.373842300916722
0.9704020287432993	-0.03274547360266081	-0.13324660179390413	-0.19872840682651016
0.984585140488892	0.06746865037747435	0.06916297714161819	-0.14579631318253125
0.9394852449561244	0.11471164733480387	-0.07444952393233602	-0.3141114147268687
0.9264093459890876	0.09868377565591817	0.017961061257022397	-0.36291133402648745
0.9654336319804965	0.07903185154272734	-0.12035491124719944	-0.21727071597745132
0.9530109150272003	-0.14898655248595988	0.008419199262291115	-0.26363292681520006
0.9709167452952688	0.082400365458018	-0.10861711538791677	-0.1968074585030632
0.9874397181095131	0.08183155206757982	0.001673607966135516	-0.13514288446822434
0.9638809432995253	-0.015252684550060423	0.14471591872610776	-0.22306542902317253
0.9384006591091996	-0.0469270596011364	0.12639941856833753	-0.31815914421276237
0.9231830732826214	-0.06301615286381876	0.05632951809756438	-0.3749519476860922
0.9355761421086862	-0.12060127303083303	-0.04592027931544393	-0.3287003851655202
0.9763325712576634	0.05635095863880271	0.11141531500213354	-0.17659532084645613
0.9927832073589984	0.030037949327471294	0.014422931337349341	-0.11520071109944732
0.9365734672699526	-0.10513347186172697	0.07852507233540632	-0.3249783169920074
0.947862496493541	0.13890311424846047	-0.047540912169961445	-0.2828470863614455
0.9767239106822755	0.0745861234214964	0.09886913844401582	-0.17513482223079932
0.9232928001502545	0.050809163297762486	-0.06831393470589352	-0.37454244144113014
0.9870849888700511	-0.051274423468501716	0.06641523801397815	-0.13646675201282688
0.9303416607934378	0.1147778234881549	0.004724196025885929	-0.34823573538529723
0.9448139090472994	-0.009913529291427955	0.1437369188837276	-0.2942245696021358
0.9185939387194233	-0.043467259930030686	0.02387390444447625	-0.3920788310387179
0.9561177406051063	0.14703641943685028	0.026380971747571494	-0.2520380959082
0.9717970054226175	0.08541730295813409	0.10422854981089667	-0.19352228298392127
0.9855775118143845	0.020171400675306407	-0.08966458629819021	-0.1420927329758192
0.9898465113900287	-0.045912547350372146	0.046684284877202394	-0.12616060966202503
0.9699586639671948	-0.07613903750482587	0.11502027535974296	-0.20038306669721867
0.9339161161197391	-0.027119358470566967	0.12210695153387405	-0.33489568649815543
0.9303332506778614	0.1148181370629557	-0.002617167343899267	-0.3482671223639259
0.9239274867607403	0.07732354600414186	0.04319446409978752	-0.37217375876391307
0.9909262814794328	-0.036393728402334374	0.04271599224946841	-0.1221308528278752
0.9489714995409697	0.1295107836282922	0.07072320803646012	-0.27870823064269307
0.9351080335937783	-0.10165233601200804	-0.0777450357409938	-0.3304473899266124
0.9790771891009294	-0.09697996282370075	-0.06580021014102944	-0.16635226760802702
0.9576834070351276	0.028038131976971525	-0.14643907269491227	-0.24619494924365554
0.926086060153692	0.07311612856987298	-0.06660953325612273	-0.3641178531895511
0.974199760622343	-0.12802741755760935	-0.02198248749827851	-0.18455507850039493
0.9857442973377543	0.021700611413805384	0.08845011783110782	-0.14147028092863614
0.9508672591877154	0.09522774890477335	-0.11401121874651862	-0.2716331593220991
0.9481512955723056	0.07829530860948346	-0.12443890810657093	-0.2817692735263169
0.9885873182996403	0.023740020470840718	0.07076150486107283	-0.13085998225189402
0.9830261064047833	-0.08704939735860376	0.055633236351938176	-0.1516147075951568
0.9651150242356376	-0.058111518331229864	0.13210362441812204	-0.21845977626894966
0.9878292762269282	0.07728893661202407	0.01862749454238271	-0.1336890337815306
0.9320449162710424	0.020951602304793773	-0.11820315479910892	-0.3418790994046069
0.9453474161938001	0.10721593688195682	0.09707002967420214	-0.2922334938251939
0.9838621212389139	0.09762080862618104	-0.020852835099344626	-0.14849465775830006
0.9917579362897165	0.02046874198550151	-0.042775949636700554	-0.11902707482153763
0.9190617776878537	0.0544075963537447	-0.002354215093486137	-0.3903328322387751
0.987210695538117	0.04477961687626679	-0.07010334552042827	-0.13599760834075453
0.9909959795370153	-0.033236003536194145	0.04438310809457223	-0.12187073613578875
0.9809942544601155	0.07827848794422292	0.07860565498828659	-0.15919768228611464
0.9386550768997644	-0.13477041906332618	-0.011900523131507544	-0.3172096440920251
0.9926116623268381	-0.03573381280143388	-0.0051051275974947925	-0.11584092587525549
0.9431444702422196	-0.040952241591579605	0.13611838637530332	-0.30045500004282055
0.9888366929325199	-0.022077073670420284	0.06951959172017946	-0.12992930345186884
0.9894759409155227	-0.019230347553264526	0.0655758097083802	-0.12754359750066624
0.9665302420311256	0.11824410634486891	0.07995445771752911	-0.2131781115524128
0.9356485991581052	-0.1215464878874598	-0.043839523436019295	-0.328429971775722
0.9566529939512269	-0.073442066366076	0.13000407223908406	-0.25004050322555643
0.9931891613813072	0.025240221385999392	0.003713402952387741	-0.11368567006265387
0.9719583798268436	0.02056896966684304	-0.13287471215056434	-0.19292002550830784
0.9597352840457469	0.06689551892243889	-0.13241283640225218	-0.2385372399891416
0.9673798066340307	-0.02084162169689603	-0.1401384646832364	-0.21000749329005863
0.9797279877419042	-0.05757068653517251	0.09973859489211179	-0.16392345401441277
0.9445700268330963	-0.12310214326826226	0.07435594009769907	-0.29513475041660425
0.9652927793662676	-0.03041015566158984	0.1408893437334947	-0.21779638509013238
0.9310098774689798	0.11502013945676288	0.021295599095154414	-0.34574191680170974
0.9313336720821941	0.04830878102761238	-0.1076128295741682	-0.34453349885397677
0.9350266963088811	0.08119983773021841	-0.09866851601174748	-0.33075094480639805
0.9828414842343614	-0.08320747895972902	-0.062471650217123295	-0.15230372691537492
0.9561153465650025	0.09771977891562011	0.1129893058815295	-0.25204703058750283
0.9836899102611568	-0.006254185162187519	-0.10036480510541777	-0.14913735787691051
0.9863207689541892	0.02650075497505283	0.08401967676875034	-0.13931885956697948
0.919360772284693	-0.047192537717066184	-0.0325389865422902	-0.389216969212182
0.973635261929674	-0.11361849694323113	-0.06544142582679584	-0.1866618163022422
0.9326300338710126	-0.0492764533838988	-0.11126580314613657	-0.33969541079311544
0.9595063006706359	0.01493628262348249	-0.14770282363887344	-0.23939181757914457
0.9765617542603684	-0.05110485062530447	0.11327350695746148	-0.17573999823612976
0.9811532305368814	0.08351893550115363	-0.07216354824344454	-0.15860437549043602
0.9585188017553592	0.14471565090595578	0.03482176392055579	-0.24307721370337665
0.9693273684316438	0.02357649769939829	0.13691406592116478	-0.20273909371048648
0.978525857844784	0.10673783727938989	0.05227138197990901	-0.1684098638677627
0.927434536646084	-0.03410049988648681	-0.09879324227998583	-0.35908527040713195
0.9416173451876245	0.05982114445037747	-0.1266796961068063	-0.30615430833608115
0.987661654418515	0.018668536622862095	-0.07832961450458796	-0.1343146068869853
0.9316526123656879	-0.10092875546699935	0.06286688249564468	-0.34334319751139786
0.9559987151810491	0.051844961662433325	-0.1401115350926093	-0.2524823048381742
0.9228924145007013	0.054434182509736716	0.06247327838066451	-0.37603670102788433
0.9586870050953697	0.0438487192574646	-0.14217865675149272	-0.24244947029245417
0.9479966995862343	-0.1335582061808032	0.061196956678523845	-0.28234623360098116
0.9765719206726119	-0.04447850411992217	0.1160074726356275	-0.17570205666910657
0.93500685961421	0.11608020301283832	0.05331410657690629	-0.33082497635876484
0.9340510189347205	-0.12499526080851406	0.010330558644150487	-0.33439222233856103
0.9695956801999144	-0.13413480783400922	0.034553643789553765	-0.20173774055903188
0.9499852844039762	0.14807063891162184	-0.004408619844010128	-0.2749247340260084
0.9310999831418822	0.021007104808003614	0.11535366609066768	-0.34540563785238776
0.9197769690947442	0.04697130570607948	0.038998436472853414	-0.38766370157112306
0.9477550687281195	0.11822890808071233	0.08690695343991844	-0.28324801224014184
0.9308702217105493	-0.08528234207186439	0.07943176161754098	-0.34626311918774166
0.9261973318093226	0.05230790297887591	-0.08451519323422262	-0.3637025817172953
0.9674737128741845	0.0454049820723461	-0.13407808206954797	-0.20965703043065712
0.9330859575173835	0.11091175406022874	0.053002975249454555	-0.33799388058048685
0.9337204074875077	-0.12353456977696059	-0.01614138859024326	-0.3356260810571229
0.9422208025066792	-0.10824807620446408	0.09025398260227935	-0.3039021749611695
0.9766951915550262	-0.08572917028050811	-0.08948325192532117	-0.17524200347284258
0.986857917424253	0.07738166285677067	0.035613777471307714	-0.13731419418549357
0.9676255139315508	0.11930684028379814	0.07581493896239924	-0.20909050117192307
0.993753324148809	-0.0016768125729542133	0.0011752216884723132	-0.11158018595059821
0.9894707705942652	0.06552875613313923	0.019526507267565447	-0.1275628934022904
0.9845471093856947	0.0830576837657542	-0.049703506659866864	-0.1459382471919316
0.9407294800076393	-0.05685845337591655	0.12658910479651514	-0.3094678662980568
0.9392772189838797	-0.13576783462785716	-0.013080065105320768	-0.3148877782245798
0.9904855229239099	-0.01630055669501166	-0.05789883843648111	-0.12377578615095758
0.9397332940108238	0.08286518020676405	-0.1093134299532475	-0.31318568305196104
0.9534484545644313	-0.027977941554815824	0.14666040907593156	-0.2620000070319336
0.9444179618305882	-0.010186539293692787	0.14328683966551653	-0.29570226473201733
0.967821840343763	-0.11198083400773301	0.08583824858343042	-0.20835780102667992
0.9312005860403166	-0.10540169738446412	0.05205884896978498	-0.34503018272404196
0.9382137705142771	-0.10446882917172307	-0.08468553117917425	-0.31885662194436826
0.9862007510268035	0.06946747795512677	0.05520504928123701	-0.1397667725698019
0.981359074260429	-0.04969382720828278	0.09773760117028356	-0.15783615625573721
0.9791684184460708	-0.03621458412793071	0.11116562470599559	-0.1660117950568185
0.9776778432717892	0.11766795085225294	0.02936684100191451	-0.17157469733973826
0.9408891059784416	0.11399636038170394	-0.07956459557529448	-0.30887213406481545
0.9611767926604862	0.1458109912564504	0.022714059782812643	-0.23315745659938664
0.9902300136924811	-0.015765528472423806	0.06032043561038009	-0.12472935958445264
0.9595823117476705	0.14674919229767294	-0.02222068284478867	-0.23910814037771366
0.9695241904890564	-0.097720714931995	0.09832431142416356	-0.2020045437921727
0.9834196931701653	-0.015850143608194665	-0.10045253720953876	-0.1501458217895642
0.9789907892581518	0.012701584864043176	0.11677004438473053	-0.16667471621103946
0.9304694112175637	-0.03835738562062667	0.10871563133972584	-0.34775896431177106
0.9822362134394935	-0.0885339597407093	-0.05902671362747648	-0.15456262827415945
0.9275749722924379	-0.10204896841199002	0.024991502519889384	-0.35856115743974565
0.9640321631906544	-0.05317535087287867	-0.13530574569477666	-0.22250106870636388
0.9231489925556454	-0.07471103946292124	0.039113141588093966	-0.37507913869072523
0.9350890619787701	-0.05606104512831145	0.11499273677387442	-0.33051819295772467
0.9683149771108812	-0.07111210311884097	0.12107742028738967	-0.20651738955671434
0.9786336431940131	-0.05738897330175838	0.10371182829879723	-0.16800760346812818
0.9613253253949451	-0.11972498184315263	0.08611233227239123	-0.23260312488779888
0.9309075540959422	-0.07451331587828151	0.08976197146797327	-0.3461237928286882
0.9358608995111164	0.057184755607165516	0.11639521818424035	-0.3276376560718193
0.9507628095315246	-0.11489576469672183	0.09408797294599987	-0.27202297074583615
0.9412371584549388	-0.06385759650557335	0.1240707663587518	-0.30757318453882765
0.9450549934373191	0.0204639278057884	-0.1428734786553689	-0.29332483040967033
0.9847417986430026	-0.07933085243123453	0.053886737992978925	-0.14521165699197075
0.930381241422851	-0.015820319647638113	0.113908711236674	-0.34808801846533177
0.9786981410408039	0.0473595267556533	0.10844949585040307	-0.16776689422692642
0.987938711166715	-0.038966365628581225	-0.06852008795299191	-0.13328061702612304
0.9778619683127097	0.012546356181370039	0.12010832954396393	-0.17088753333207718
0.9523210914745612	0.14118642463029404	0.04779708439247689	-0.2662073833619065
0.9187075782735922	-0.028186977624725933	0.04229016787150531	-0.39165472244881017
0.9325311918060591	0.08019081356430954	0.0911662514415897	-0.34006429440144675
0.9268858138123534	0.018800563080671403	-0.10055887839467298	-0.3611331319018879
0.976826691807897	0.10277016863667911	0.06862879483604324	-0.1747512378479202
0.9359026037718111	0.07984689603184233	-0.10230503497700406	-0.3274820136520149
0.9930400782154436	-0.009057697920577326	-0.02716824993164343	-0.11424205601221007
0.9474682581221346	0.060178265526393104	-0.13358713021711968	-0.28431840399382746
0.988421035836731	0.036046982635577304	-0.06661331794944453	-0.1314805568518792
0.9269418692526715	0.09247713630426141	-0.044279418830710335	-0.36092393015058
0.9174956237146084	0.007119633883082767	-0.034557825475871065	-0.3961777984394024
0.9660375904484331	0.08857482196292724	0.11266626909176	-0.21501671228945043
0.9881041527610295	-0.05782501285770775	0.05202818178677822	-0.13266318059045604
0.9731527010493821	-0.1146380278200946	0.06567900619933395	-0.1884627580252365
0.9517611926969896	-0.09238299179496831	-0.11675940798141476	-0.2682969540468994
0.9382529979772517	-0.11450207909704527	0.07067092320410276	-0.3187102230594949
0.9761686173337984	0.07055012294480723	-0.10351384981276865	-0.17720720522042044
0.9830673099226233	0.008725381148838095	0.10277216240447742	-0.15146093397312724
0.9326682790764361	-0.12179007361803157	-0.0010189259288389367	-0.33955267774332887
0.9812913066379323	0.10837765991115449	0.01815215636096464	-0.1580890684660034
0.9860167619628895	-0.07607773591508753	0.0474969207325847	-0.1404534291043662
0.964426972684092	0.11472564207952317	-0.08868727515850776	-0.22102761961754397
0.9249125269768579	0.057254649551022475	-0.07394786386235004	-0.36849753862986373
0.9322774727103965	0.1118384777315028	0.04541188330583194	-0.34101118695730986
0.9443251846081826	-0.12099452428303044	-0.07723696099057241	-0.29604851403982047
0.9824550886699376	0.0372742904439436	-0.09876670872087347	-0.153745774793624
0.9224860319518989	0.07482917879683547	0.029556543974260545	-0.37755334134732393
0.9187863894152172	0.05128656161476776	0.006176058422780718	-0.39136059526406314
0.9849472805870155	0.0947470906777899	-0.006127520722795966	-0.1444447879368766
0.974881077282654	0.10819141513999067	0.069086901608485	-0.18201237010807114
0.9379067203976429	-0.09957704250277426	0.08951963662553686	-0.3200025485801171
0.9625426312582818	-0.1323352471380885	-0.0631479722537703	-0.22806007755747487
0.9878552680206173	0.0367118456556807	-0.07033760773969867	-0.13359203108690276
0.9797306092648397	0.11040189440581205	-0.032736274238922364	-0.16391367035762405
0.9563316031405152	0.08117173650073602	-0.12537743625503764	-0.2512399500602183
0.9873842648104201	0.03284980085951561	0.07532347092057272	-0.13534983899788672
0.9383021937776121	0.07883688473306494	-0.10915369870665459	-0.3185266218330308
0.9657947468573072	-0.12058255130815522	-0.07795900224737058	-0.21592301690982457
0.9321650445667355	0.11661668725813613	0.029898230115425906	-0.34143077450165354
0.9789514472335437	0.05112043546509633	-0.1058836056549905	-0.1668215426457494
0.9397364258770523	0.08561530809067402	-0.1071798390620582	-0.31317399476807367
0.9500802962207887	-0.1379430308121343	0.05413304355063367	-0.27457014509834454
0.9353169808433868	-0.10764110700126794	-0.07010576821097139	-0.32966758817497177
0.9602867277921684	-0.04002152681093425	-0.14256666678036872	-0.2364792239099805
0.9879026524336219	-0.05377787093978206	-0.05793683608636879	-0.13341519005008276
0.9480795647776677	-0.13977328415585352	-0.045428094567784176	-0.28203697649637255
0.9262570589018522	0.014105548702130283	0.0986479529044219	-0.36347967717338664
0.9767426833993174	-0.12274469738008904	0.016118280707591665	-0.17506476149700284
0.983080296682146	-0.1021073557704492	-0.0141944740172903	-0.1514124667267628
0.9523457375229684	0.13795075412746516	0.056478118889383803	-0.26611540305704534
0.93490381454659	0.03315387868275174	-0.12310936054729457	-0.3312095457865924
0.978131462966446	-0.11200529446175889	0.04305625258904012	-0.1698817655919649
0.9696384971493313	-0.03265480308949978	0.13454062790744079	-0.2015779455283831
0.9845329171336825	0.08881675721982091	-0.03864044937520771	-0.145991213397515
0.9191388017488208	-0.054661781137695445	0.007781941304900469	-0.39004537452984056
0.9221748090816742	0.05740114690877648	-0.0536078268737608	-0.3787148409114801
0.9455026666671642	-0.10770305179014934	-0.09676079300916558	-0.29165409117070035
0.9293086472347941	-0.06525056642940706	0.09033124247820501	-0.352090994471063
0.9283865181843143	-0.10473671897982524	-0.026932989921354532	-0.35553242693858883
0.9245195030544882	-0.05178532910309516	-0.07555373729998131	-0.36996432387673783
0.9308846905255109	-0.10647266964858607	-0.04750271796075001	-0.3462091208351797
0.9508846466822444	0.13742342778276428	0.056425755183381124	-0.2715682683091007
0.9284583132657666	0.10682491520598397	-0.018459263090091965	-0.35526448404687544
0.9513765748773151	0.14825877033903925	-0.012099579646842787	-0.2697323672914211
0.9748337079331246	-0.08751230844694269	-0.09406354009148242	-0.18218915492723634
0.9616709690848594	0.07742122509997891	-0.1252562205483505	-0.23131316507572283
0.9617688852234297	0.07273773127263428	-0.1279569326252128	-0.23094773707169744
0.9253009635092884	-0.07414353154477128	-0.05997267736688572	-0.36704787375531744
0.986427873100442	-0.012308433224786624	0.08666040491757282	-0.13891914145146286
0.9771576792569614	0.12024373928581081	0.024423741505555464	-0.1735159758713446
0.9267048703102168	0.10155170209242878	2.716471929716663e-05	-0.36180842224516124
0.9475541048819293	0.12163482764070312	-0.08180043968293932	-0.28399801952460846
0.972470699823363	0.05119626075659927	0.12327050209666073	-0.1910080212515644
0.9376881936341871	-0.13172231473457685	-0.02158307273759915	-0.3208181015641477
0.988683395357169	0.07397887212312113	0.001284592835284308	-0.13050141779175534
0.9325435187809333	-0.07333478787431146	0.09680990274376935	-0.3400182895049128
0.9452707456925353	0.07062797992900785	-0.12612363246142977	-0.29251963203135617
0.977750983530025	0.03944574565180882	-0.11446730198179889	-0.17130173417992356
0.9364116438627746	-0.11569615313474446	-0.06118685939510144	-0.32558225016944914
0.9857430048537142	0.06679794466139535	0.06191573115968097	-0.14147510454474144
0.960262355419463	-0.1306360243363241	-0.0697494551906355	-0.23657018284321787
0.9375282988882053	-0.06460496572396643	0.11644479301792056	-0.32141483688001504
0.938429323950272	0.09731846987894183	0.09339346522757941	-0.31805216556948923
0.9780110633411409	0.12015304111154049	0.006702388158843241	-0.17033110311081603
0.9240142757930255	0.0846241521627941	-0.027641532888133296	-0.37184985768588497
0.9875987241280283	0.07709479338174394	-0.024527416343647506	-0.1345494659284163
0.9386104103457745	0.008487101260647098	-0.1349471166010304	-0.31737634194091413
0.9474285847770216	-0.05466495836326618	0.13590308408909219	-0.2844664669334954
0.9488085855607639	0.03769503705484476	0.14256154330969337	-0.2793162338940845
0.9386855897086037	0.04363365519998048	0.12812392928342575	-0.31709576873915524
0.9693913952680818	-0.0085800666693081	0.13856549932458453	-0.20250014230385177
0.93933735714574	-0.07962850986040756	0.11086754543918931	-0.3146633395490438
0.9292049836457245	-0.029630537036661617	0.10704895709586641	-0.352477872252366
0.9557540974903531	0.05872869021638575	-0.13738960383398366	-0.2533952304882815
0.9821107356657298	0.024019552366331534	-0.10414882885085736	-0.1550309177010662
0.977384993131184	0.06266847000991163	0.10477179001815656	-0.17266762894348076
0.9448174087528229	-0.05063997117764615	-0.134889753833144	-0.2942115085233104
0.9534785543750786	-0.09607913394775994	-0.11429038932663048	-0.26188767300929966
0.9406422398695878	-0.12488975511615899	-0.0601892299641825	-0.30979345092572463
0.9269066283490836	0.040541793935422656	0.09401822469646179	-0.3610554509932751
0.9485859792859338	-0.14302786339612283	-0.035289119594900734	-0.280147011821834
0.9324271449099684	0.10275266783752009	-0.0641368380836687	-0.3404526027040274
0.9758440236752579	-0.10564884729192632	-0.06880089988709809	-0.17841860524590833
0.9774510475211147	-0.12121212377801716	0.012962691353021322	-0.17242111060419626
0.9612347378691879	0.09954611745330745	-0.10888868426401493	-0.2329412021364565
0.9912613401503761	-0.03810753667917553	-0.036560919439562606	-0.12088039684439839
0.9436742612646438	0.0637412564353067	0.12777694597529332	-0.29847779302973965
0.9445552786859734	-0.02546203885218322	0.14152737270631863	-0.2951897912509842
0.9346725158303323	-0.0042898805146831115	0.12687223595116726	-0.33207276434739164
0.9171633889025375	-0.014645062316387868	-0.02561248725838255	-0.397417715638094
0.9624413999277376	-0.0956364240111947	0.11124909882911727	-0.22843787802638346
0.9462648637820872	0.14500193291876168	0.012095485850494116	-0.2888095328124254
0.9699605570029666	-0.059686945068034514	-0.12435209830548805	-0.20037600179153783
0.9659176946355923	0.014537168856571442	0.142712541669085	-0.2154641695545868
0.9262962552011682	-0.0849278445122682	-0.05245334308138493	-0.36333339459287073
0.9497878451911896	-0.14567309649600182	-0.026326553647919908	-0.27566158719953426
0.973114605453997	-0.05582725773832458	-0.11983096969554294	-0.18860493272275866
0.9497450497456175	-0.12697229159791523	-0.07605910218983203	-0.2758213019767421
0.9433776460891674	-0.04447525131744538	-0.1353127152470868	-0.2995847759349135
0.9549591721192465	0.040154823673313515	0.14394140945877199	-0.25636193236147675
0.9864952405018423	-0.032753143083888055	-0.08078140079725146	-0.13866772288666274
0.9251207373692487	-0.027541938691134197	0.09041408320033283	-0.3677204868667974
0.9385066608005748	0.10531263907944124	0.08450342006414802	-0.317763540514862
0.9691820808536696	-0.13854230186243655	-0.01299353646153787	-0.20328131433319477
0.9225585886339561	0.04534273901893306	0.06698924839803556	-0.37728255612345774
0.9586338344703083	-0.1399551439962755	0.05055415813553163	-0.24264790576665407
0.9897435573745157	0.05376825183438022	0.03876943876593319	-0.1265448392787625
0.9257149398240943	-0.09344633131722475	0.026967915643358167	-0.3655028931153318
0.9765686689898916	0.12340183193456004	0.014496389624659847	-0.17571419211422884
0.9611169472369298	-0.12551529525053573	-0.07767577032065379	-0.23338080276069972
0.9927510245732611	-0.026283655994456756	-0.021346694512884727	-0.11532081889094767
0.9489534842815136	0.06245327969215246	-0.13368288190702832	-0.2787754645062946
0.9457028298039758	0.12112829146320192	0.07966912869439854	-0.290907072174317
0.9371812006255751	-0.12060835898598572	-0.0548008345541527	-0.32271022523136994
0.9624850689024572	0.0027850847450088187	0.146646868410335	-0.22827490319401547
0.9364543546633317	-0.07812469929095717	0.10511774754976203	-0.32542285129173826
0.9771375517326191	0.09858259513251229	-0.07314239144489734	-0.1735910928148209
0.9228768256922275	0.004646828465059108	-0.08264026491379356	-0.3760948792531375
0.9737263560262724	0.11939343914095722	0.05372484564330636	-0.1863218485054669
0.9452613095026826	-0.12957097079444502	0.0640631015413304	-0.29255484837131623
0.9298432550095705	0.11300745993221925	-0.007331996159001108	-0.3500958110934762
0.973593046143754	0.1112714956247378	0.06952523708444083	-0.1868193677601771
0.9343417340943232	-0.00594192468562486	-0.12600193978771432	-0.33330725859239335
0.9791115453205961	0.0051553504819957	0.1169767921341219	-0.1662240484506754
0.9216515271273291	-0.06570591696941537	-0.03651376110418845	-0.3806677557517796
0.9757789427025376	0.10776017345071584	0.06575159102092627	-0.17866149074270676
0.9338491123973174	0.11598852849668889	0.0463661974628138	-0.3351457477945297
0.9460133187353018	0.1311025114646284	0.06258472757619553	-0.28974831170742066
0.97850260608353	-0.003052353354938288	0.11887899362710809	-0.16849664062212816
0.9448887711985827	-0.12021498920594388	0.07956002413808295	-0.29394518024998256
0.9456039971129551	-0.10260361955900388	0.1022932835541473	-0.29127592079865505
0.926071018277538	-0.0362766975505559	0.09194441340892348	-0.3641739902355991
0.9771631523950217	0.06096227842981397	-0.10646627820621024	-0.17349554984202664
0.93783252734279	-0.03070174283254151	0.1301869172622495	-0.32027944083039694
0.9748800447263826	-0.029098938060117242	-0.12502897473152652	-0.1820162236605382
0.9720250431834113	-0.13420019795712004	0.005951277055638655	-0.19267123447459444
0.9244987421356616	0.06347643305068813	0.0658929512577636	-0.3700418046806102
0.9754145252583274	-0.08446147274383584	-0.09500009271907589	-0.1800215151596636
0.9824145699011815	0.057704286960665235	-0.08858636288623482	-0.15389699289728156
0.9166661644990679	0.016236577004038168	-0.006346854094867778	-0.39927338237460575
0.932522553014875	0.06481666596335874	-0.1026393440298721	-0.340096534809062
0.9284924606858079	-0.002381002465312698	0.10850696362971417	-0.35513704414033365
0.9635015250520504	-0.0690700031360119	0.12846100669758242	-0.22448143720006772
0.9770564989795066	0.11096919320357362	0.05298543928907749	-0.17389358580752967
0.9304655717155735	-0.08018815594095295	-0.08280951519781515	-0.34777329352827385
0.9571643579544004	-0.10332181336559573	0.10766369944327703	-0.24813206678455138
0.9331870606738581	-0.09227499950612941	-0.08162287490736587	-0.3376165584637181
0.9584696379990826	0.059624803217520395	-0.13640040314467242	-0.24326069533969166
0.9845885305448541	-0.08343669572734849	0.0486915538604213	-0.14578366132144066
0.9525688579974303	-0.044686695969287316	0.14227001024706015	-0.26528270611014443
0.9780345555670344	0.033311881845356967	-0.11556773576912709	-0.1702434289301985
0.9707677678816967	-0.012857489269486481	0.1359863761658905	-0.19736344977969458
0.9875610814991364	-0.005138853862157181	-0.08096492958489132	-0.13468995013197155
0.9542005131792484	-0.0733476317712177	0.13015508448632868	-0.2591932860711662
0.9723657791229491	0.053207976031092494	-0.12263726832232234	-0.19139959063627476
0.9486536362939789	0.11847140345802547	0.08763484934824456	-0.2798945124303214
0.9267767456147011	-0.05360350813100244	0.08660384506776526	-0.36154017995701593
0.9408080364976334	-0.06748082446576978	-0.12139846857370029	-0.3091746894861347
0.9219488730647678	-0.0021896962761525397	-0.07707899000831663	-0.3795580456058343
0.9480649206109595	-0.14443816640833324	-0.027107841799250493	-0.2820916292705623
0.9909614380654905	0.0264766800016644	-0.04909684203176977	-0.12199964666248739
0.9395098306336073	0.13312056735913982	0.031493586525600845	-0.3140196597293643
0.9915328355538042	-0.04890156837689301	-0.010155592246873422	-0.1198671622047836
0.9689313268846885	-0.1388304780084488	-0.013911920281558354	-0.2042171408856317
0.9749806497669748	-0.021651880119309613	-0.1262955374453383	-0.18164076053755018
0.9590838794951497	0.0741163604236286	-0.1288376825297737	-0.24096831486825204
0.920767311149468	-0.019882909775045792	-0.06603815593730242	-0.38396769470602166
0.9690264703822428	-0.011727099998206293	-0.1388900108186837	-0.20386206051874942
0.9193756459201488	-0.05410448342285683	0.01935160393896276	-0.3891614600489679
0.9778612695156834	0.04500207088631886	-0.11206565402064654	-0.17089014127808336
0.9875217594748782	-0.07911775785541056	0.018979430174132363	-0.1348367019243596
0.979382421728122	-0.08931741752156161	0.07441165645787381	-0.16521312393521706
0.9472690370199327	-0.07513131646925583	0.125604003968745	-0.2850619072691847
0.9621319730325415	-0.12858387230370893	0.07110174312032977	-0.2295926749204834
0.9290775755627343	-0.04468459567486174	0.10120309848503953	-0.3529533656913802
0.9445675009126555	0.030767215012947206	-0.14048319941425247	-0.29514417728002507
0.956566886058848	-0.14591333373443913	0.03174947971960805	-0.25036186225484763
0.9404130496746355	0.025638880149181524	-0.1358796035103481	-0.31064880037788334
0.9353196680252922	-0.10551176998859868	-0.07328218391628556	-0.3296575594755711
0.9266353362659293	-0.035232515268373656	-0.09493387072735372	-0.3620679268312976
0.9864909615030607	-0.08591838124132384	-0.014847495413120738	-0.13868369232752145
0.9817069005373776	0.07506092081430343	-0.07818732773673091	-0.15653805091795747
0.9860377780335543	0.03319614523917049	-0.08320082158742019	-0.14037499606086956
0.9719729621136444	0.10479973232107587	0.08419284972774306	-0.19286560367307692
0.9343210547169922	-0.08692060052031693	-0.09134437237507531	-0.33338443507926113
0.9834986065109517	-0.005561704613344844	0.1012133507366339	-0.14985131319235462
0.968768396525114	-0.03806768764072751	-0.13448152415751358	-0.2048252052656591
0.992792281290801	0.02039165750648988	0.02615843896298523	-0.11516684672493555
0.9855142958509387	-0.021979591187539057	-0.08956016586689784	-0.1423286581632479
0.9879660478641427	0.004600682029763863	0.07851995800076877	-0.13317859508241148
0.9434981035306399	0.055376141481570926	-0.13138847043370622	-0.29913522264318865
0.9355053360123199	-0.10932267534790845	0.06826848815729034	-0.3289646371146451
0.9600161644284827	0.08875970688659351	0.11869988536759296	-0.23748898012992237
0.9835744121321964	-0.0969245424635152	-0.028570995120152997	-0.14956840276236977
0.9677499779022625	0.11547121188476697	-0.08125006816703383	-0.20862599530951537
0.986775230842265	0.0759801676265399	0.039517427195398094	-0.13762278471057682
0.9167896482968938	0.017915425861389854	0.011150810012833084	-0.398812534567208
0.9774675615162177	0.014170543565163899	-0.12103128394295642	-0.1723594795354358
0.9902230595743876	0.007848618167715406	0.06190963924543261	-0.1247553127064995
0.98295477613838	0.045814428889783446	-0.09291465759532148	-0.15188091577349144
0.9345032230624273	0.03201174833247096	-0.12241993623526284	-0.3327045735585671
0.9627016315905461	0.12995217925216096	0.06765285671383799	-0.2274666802390438
0.9384117310749768	-0.10416900640935467	-0.08563464093022882	-0.3181178230739422
0.9435517302551926	0.13026365549912308	0.0581319822037306	-0.29893508498251464
0.9696335966855035	-0.09156164923945753	-0.10385620289597526	-0.20159623430836882
0.916986867515117	0.025790742675640865	-0.0022406727725311926	-0.39807650242456954
0.9773037521082765	0.05781041905612025	-0.10777952222796454	-0.1729708245686303
0.9226046083234598	-0.049964853931228605	-0.06396630622592317	-0.37711080830408134
0.9712617071595608	0.030806532235794243	-0.1321876183517785	-0.19552004329885195
0.9269543647091012	0.05255234508159955	0.0880989992224645	-0.36087729647232064
0.9705132513213395	0.10508409965794828	0.08793855075335538	-0.19831331851431544
0.9295212724427914	-0.06378487564310195	0.09225932918787552	-0.35129746639184745
0.976948782283275	-0.0334984259403804	0.1186169446771427	-0.17429558999068964
0.9926317397155365	0.03573872123803498	0.0017908864611423311	-0.11576599604054957
0.9798564771984879	-0.06209590838176006	0.09649593612792065	-0.16344392483420533
0.9436717187238849	0.0430885079954432	-0.13613379554992866	-0.29848728192103235
0.9770622018967011	-0.12257050012300091	-0.009713322877663907	-0.1738723022308083
0.9675529822508382	-0.047366563463081685	-0.13328738136578275	-0.20936119308950119
0.928785641662179	0.036239102484861785	-0.10342920256648096	-0.3540428778407042
0.9602136723770686	-0.14599857512971767	-0.024953382289891704	-0.23675187043090135
0.9317129745632993	-0.08304154994177877	-0.08535294441254598	-0.34311792272305536
0.9642874869135712	-0.07737549262842591	-0.12279689040666228	-0.22154818760006048
0.9288375924280469	0.10952553965084964	-0.007468054264199581	-0.3538489949429934
0.9818915834443076	-0.08404627067655207	0.06735200627843141	-0.1558488049260055
0.9683123619346946	-0.01771131974486348	0.13929829642014108	-0.20652714952711343
0.9590783258600386	-0.10453044980209407	0.10567133904213435	-0.24098904131665347
0.940537169001564	-0.09538321065135746	0.10038317763015447	-0.3101855807435848
0.9589872435545077	0.018784130850181616	-0.14748204544133287	-0.24132896510856516
0.9708837714730677	-0.13172581098185948	-0.035374904967845205	-0.19693051848283752
0.9708269194226246	-0.10044215006383907	0.09241875093006363	-0.19714269322360584
0.9318504967040419	-0.1105939129549657	-0.045229076080986176	-0.3426046831066386
0.9428714895388809	-0.13432267923902158	-0.04543493476602169	-0.3014737778971668
0.9851978763408701	0.05314714873475	0.07723686660032422	-0.14350955185133024
0.978035725495752	0.11289160260735256	0.04147610452853773	-0.17023906269678313
0.9737557483794	0.08985748164503506	-0.09513363713092748	-0.1862121547502411
0.9198397265684468	0.06091525409169767	-0.009088534981747883	-0.38742948749071027
0.9222475642669036	0.07565615819831195	-0.022720769472393404	-0.37844331486368965
0.9797970687201935	0.07002692291764656	-0.09114544630033962	-0.16366564029360037
0.9574739684372746	-0.05424442885549488	0.13893778570741702	-0.24697658473190873
0.9825450666275786	0.09498252334588295	0.04526469537144094	-0.15340997248414642
0.951551120212357	-0.13562808110773425	-0.06124482646424185	-0.2690809552328207
0.9349589812752955	0.033072168888490405	-0.1232660194308681	-0.3310036607521758
0.929258918720683	-0.08144807062765261	0.07579764024445597	-0.35227658381231053
0.9454265161446804	0.10378528756613954	-0.1008432059879447	-0.29193828878963257
0.9850186656913767	-0.06131190023782042	0.07205328085651391	-0.14417837510049675
0.963436147765079	-0.13171494524240396	-0.06277295707054184	-0.22472542855670602
0.9834023070155995	0.10142615549760943	0.008329513735379268	-0.15021070780175227
0.9554633866255258	0.0815146202495693	-0.12523946025045807	-0.25448017820612945
0.9285452294605294	-0.10255003310292735	0.03612155881661587	-0.35494010839202
0.9660255265514796	0.050121013905509444	0.13427961869719135	-0.21506173536581816
0.9646479120593013	-0.13057569770422062	-0.06256999385445072	-0.2202030626438706
0.9632356106636701	0.08526010916116128	0.11861457821129137	-0.22547384320796637
0.933163642337547	0.11055102419154997	0.05422292111243665	-0.33770395688466015
0.9708392211176459	0.09641475608550584	-0.09658291675394244	-0.19709678267276712
0.9353641325189708	-0.09406784272483472	0.08763820929468502	-0.3294916157260303
0.9716332560023158	-0.11461790960063992	-0.07144068886885573	-0.194133404140197
0.9668821778816596	0.03312483550523165	0.1384014500082	-0.2118646690772147
0.9575690755733857	-0.14576063070180315	0.031513024184016566	-0.24662164006778
0.9774390590718286	-0.11227002680978465	0.047580003554512966	-0.17246585210603585
0.9477870608219494	0.025389139021689378	-0.144545029979941	-0.28312861612052853
0.9289850070118971	-0.07165434175605502	0.08385967073488128	-0.3532988362262874
0.9425599469384863	0.138164228064055	0.030042621500746186	-0.3026364707105613
0.919695317580415	-0.05914421711851095	-0.011957523514333959	-0.3879684291711145
0.9929041820065304	0.00468180146414952	0.030854187097403833	-0.11474922756843003
0.9311515628087413	-0.11166370055722047	0.03627496501322121	-0.3452131399150321
0.9166243797631541	-0.015802960310349452	-0.002495414559580704	-0.3994293251320165
0.9580174213289524	0.12373660849153473	0.08301902149931484	-0.24494839092864715
0.957472427222566	-0.10001262759462864	0.11065148361472091	-0.24698233662350685
0.984795603984006	-0.029011074365230576	0.09114729030387121	-0.1450108527256275
0.9166588688341963	0.01689743229909223	-0.00316507344384545	-0.3993006101665814
0.981906456073474	0.03916022644449131	-0.10027280793537038	-0.1557932995183141
0.9781426074821304	0.08214910418386279	0.08742356381267921	-0.16984017369320503
0.9707706014959199	-0.13528255889726148	-0.018839092906270657	-0.19735287458744488
0.9313648414451253	0.046106261182319176	-0.10867638013468615	-0.3444171732078779
0.9735542745247922	0.13110912054204832	0.006849183148427654	-0.18696406541203414
0.9739368615069123	0.09271911329698027	0.091795766141658	-0.18553623135644753
0.941041157271716	-0.050859460477857665	-0.12962671597268371	-0.3083046709129586
0.9850824725189588	-0.06343474495667416	-0.06978367575185299	-0.14394024477809098
0.9759575763353152	0.09018279574700397	-0.08770243018411432	-0.17799482094924
0.9270740037847348	-0.05924758042750295	-0.08433952828863865	-0.3604307973634855
0.9832656153944488	-0.09404398760007396	0.04034456586127435	-0.1507208478768557
0.9463412367439686	0.030157189542826396	-0.1424163528150604	-0.2885245050383589
0.9610036488976769	0.11191002467962731	-0.09635347465089773	-0.23380363791920455
0.9886262450336174	-0.07406314111632203	0.006816485290299098	-0.13071470570291863
0.9811300299792108	-0.017869646983381157	0.10900329737597757	-0.15869096115042658
0.940008963685018	-0.11631515664882203	-0.07356644036962509	-0.31215686982176283
0.9706351660378939	-0.09636995555387749	0.09711997072175735	-0.1978583265979441
0.9376914920981653	-0.037649402122274904	-0.12806573424615653	-0.32080579152899397
0.9250630880758609	-0.0941470555666423	0.004240526317434712	-0.3679356369587413
0.9248998558321295	-0.022025483190144638	-0.09082865482257382	-0.36854482798578025
0.9219260961418544	0.06366543198811687	-0.04324512027201076	-0.3796430502393874
0.9285998047942422	-0.09985185780372041	0.04352095959389235	-0.354736430473764
0.9199173965321652	0.04817875133501525	-0.03941708629609626	-0.38713961923989126
0.9689581456384001	0.1393193715740573	0.006815703551366577	-0.20411705193418425
0.9745115259828333	-0.04324625671889348	0.12175625160542626	-0.1833915543350054
0.979185816445671	0.1168246866866471	-0.0029609968777793427	-0.16594686483836013
0.9387653320945187	0.11643817968470355	-0.06928725368133	-0.3167981661034033
0.9538881664462564	-0.08167074443605077	0.12506181262622218	-0.2603589799482706
0.9301496030983798	0.07625811009348932	-0.08507976334666856	-0.3489525044612384
0.9306419102764517	-0.054586909760782704	0.10216139018133841	-0.34711518905974315
0.922867033109112	0.018626786357678986	-0.08058928373658106	-0.3761314256708622
0.9631374268941991	-0.14184743024142413	-0.035238840573465165	-0.22584027002411092
0.9653117025410646	-0.06729396838684194	0.12743755706858872	-0.2177257628403496
0.926844415863286	-0.01208386891773725	-0.10141329534249163	-0.36128763115113616
0.948830869326453	0.14612477894457784	0.01991037796023832	-0.27923306974834844
0.9784700468189383	-0.08894786075583234	0.07907315518933634	-0.16861815345184136
0.9442033569711658	0.06042359438238101	0.1300571935742607	-0.29650318097093337
0.9861448637686283	-0.039572520910382485	-0.07974475267914058	-0.1399753466568075
0.9923332114861421	0.02176158873630328	-0.03376786227522177	-0.11688011856014321
0.976562100870536	-0.1095397794083505	-0.058680555140740207	-0.1757387046693743
0.9787585132892809	-0.06102307755352693	0.10118189064568138	-0.16754158192824306
0.9590903744529722	-0.11751279946192539	-0.0910074070902042	-0.24094407535566545
0.9237989172139205	-0.03211890000184993	0.08181223031217129	-0.37265358684495087
0.9278664452284571	-0.05925596884060544	0.0881214096490316	-0.35747336563349075
0.9290413428264748	0.035658210865659304	-0.10459026851369072	-0.3530885881039979
0.9243570419297242	-0.04603358541210931	-0.0782455813859306	-0.3705706370486113
0.9421859532770663	0.08652992453586092	0.1111872396532187	-0.30403223405668955
0.920959543231552	0.017898826198497222	0.0680615795467326	-0.383250274808839
0.9405294395262462	0.13731846739115908	0.017748826579338385	-0.3102144275381865
0.9559341252302126	-0.042716394405815906	-0.14316480811757454	-0.25272335781635424
0.9209457879540836	0.01279419520574972	0.06910166303559614	-0.38330161020322395
0.9790419179358771	0.1019831649983019	0.05796091407133004	-0.1664839013880446
0.9829600439003408	-0.056715240189256194	0.0866665592113923	-0.15186125621821156
0.9843209145251652	-0.042533851489714	-0.08808025034078909	-0.14678241790383845
0.9319909927997131	0.11725947435404295	0.024980850551431365	-0.34208034453932845
0.9866146809436664	-0.08139999017060912	-0.029329188763161942	-0.13822196508929696
0.9338142444921949	-0.002875793831121784	0.12479091782441516	-0.3352758765880007
0.9826320813687458	0.10113549929511882	0.027761773974966646	-0.1530852290491026
0.9774666506440995	0.015644606395492845	-0.12085210435559902	-0.17236287895646007
0.9625466276259245	-0.05374095924251955	0.13642324808781284	-0.22804516291038657
0.9724376077308926	0.10001338343155103	-0.0884938600434566	-0.19113152262199257
0.9800428048340952	-0.06071939306437957	0.09665489393303606	-0.16274854063126482
0.9807728297717009	0.11159618320158879	-0.00482198574835499	-0.16002405047332802
0.9271904455285305	0.10343659753072369	0.004632685917768737	-0.3599962308595182
0.9366699696877208	-0.06353439150915502	0.11504692907700968	-0.32461816506584346
0.9828418403324114	0.01621716877958066	0.1027759695196018	-0.1523023979393598
0.9881799896422087	-0.06712001340860682	-0.038349795708899424	-0.13238015349680754
0.9235975511534629	-0.02171169153080382	0.08405236952516928	-0.37340509521349863
0.9166064284026922	0.0021709067671273393	-0.015186588313080776	-0.39949632052132533
0.9776175975525384	-0.06942682821840555	0.09964269877777408	-0.1717995374249206
0.9619319028345342	-0.015855654380923297	0.1462169543082202	-0.23033934706452705
0.952682391460535	0.14100438279282132	0.04861829510526653	-0.26485899345747826
0.9794185400065774	-0.07867343251007111	-0.08543395055277894	-0.16507832868493955
0.9594046360200266	0.07258373401248117	-0.129553466572285	-0.2397712352205525
0.9532157379579074	-0.11586332529322742	-0.09410414130102861	-0.2628685172312456
0.9421810046264724	0.12645142369016388	-0.062114106065874995	-0.30405070267213485
0.9306199093441925	-0.0715160967083353	0.09102784597947024	-0.34719729765674834
0.9901718218219904	-0.06116156397327802	0.014401036528194673	-0.12494653460171187
0.9668048816153052	0.04677409358229463	-0.13450482931630112	-0.21215314267048496
0.9722112235107212	-0.11521156424315185	0.06838635956484113	-0.19197640003370392
0.9226249083601569	0.07621928029829744	-0.028257259491138012	-0.37703504753573264
0.981090170266795	-0.0038386182731378025	-0.1105318338123517	-0.15883971962233756
0.9831479044987372	-0.020497676514059888	0.10075044372623014	-0.15116015092025561
0.9753115191389522	-0.030043367168389876	-0.12376806459809052	-0.1804059392306623
0.9513995265935369	-0.08571539489267865	-0.1215831546284006	-0.26964671032036064
0.9199998727113208	-0.013378841322711357	-0.061501126274592234	-0.38683181394886823
0.9434746568340607	-0.052498312371609845	0.13253399116025527	-0.29922272690609175
0.9286045056583022	-0.0868425875589473	0.06577650446131549	-0.35471888661025264
0.9522436108508429	0.06804802734602022	0.13259397828886652	-0.26649654498622555
0.9730954321787701	0.1165923690184285	0.06239136237975558	-0.18867648836005235
0.9265192198967621	0.05922757474415859	0.08152945639604697	-0.36250127902062
0.9878177716652821	-0.024874986048885918	-0.07558469034365586	-0.13373196939011275
0.9279074029362234	-0.08373102709576619	0.06556691428572939	-0.35732050938714527
0.9934662997355608	-0.0034943034236185775	-0.01794905843948142	-0.11265137564385339
0.9186364617363095	-0.04375038593487369	0.02432209416772936	-0.39192013297920725
0.9680087760435454	0.09405334315257834	0.10483435165002958	-0.20766014749734324
0.939798754252544	0.09029431633995424	-0.10340662120441729	-0.3129413821039856
0.9308807807536965	-0.04654926479971935	-0.10687974087567549	-0.34622371230223736
0.9815641674034508	0.0933811598750519	-0.05604040902059143	-0.15707073822569628
0.9353150630550553	-0.09546690078094741	-0.08594396944810233	-0.32967474545846265
0.9863881136772408	0.08627451554880249	-0.015981879605970913	-0.13906752563892916
0.9635722314323455	0.0973828360701508	-0.1084971198079574	-0.22421755739638716
0.9773962036938808	-0.11946737325465895	-0.024990881698287358	-0.1726257905539147
0.9393430426770636	-0.09973530200597272	-0.09320865566249234	-0.3146421208572757
0.942598952409902	-0.11083685260520736	0.08787298931011808	-0.302490900309465
0.9413373596317132	-0.08498304210244155	0.11086249063452229	-0.30719922865612737
0.9292137711330327	-0.08616395560294243	-0.07014276910870142	-0.3524450769032608
0.9592653089516344	-0.0015281099439618043	0.14855256940614578	-0.24029121091866168
0.9475117477245144	-0.13975706428910928	0.044099461907037577	-0.28415609858814495
0.9323008205376107	0.02004026783682367	-0.11909810525817208	-0.34092405167990064
0.9488245807084651	-0.1360965526090837	-0.056792858097183097	-0.2792565391901887
0.9422321579814671	-0.09476418738828046	0.10434334564114053	-0.3038597957523173
0.9517730567967908	-0.12281425477924215	-0.08417368153381878	-0.26825267662365515
0.9784918732475366	0.09791521819421531	-0.06753995927131841	-0.16853669611136496
0.9458675464322169	-0.08206938028503329	-0.11970613175656386	-0.2902923413488694
0.9718714133545333	-0.10938762873117089	-0.07846547956753155	-0.19324458880152495
0.9701128653374322	-0.12082425638724133	-0.06602619790660248	-0.19980757934889587
0.9301036311257874	-0.08156439533646807	-0.07979264123299776	-0.34912407419867736
0.9869870414298364	0.04973680583223766	-0.06826238157082017	-0.13683229683617937
0.9745127720228249	-0.07904400278437237	-0.10220639026501885	-0.18338690405044838
0.9784009012443424	-0.08736790310669484	0.08111320631265356	-0.16887620824935162
0.9554845779797513	0.07118514839960105	-0.13138485753881024	-0.2544010909954788
0.9638069658401245	-0.0018724571019461955	-0.14557195278742432	-0.22334151666027152
0.936527964817882	0.09025241039527987	0.09512394121538842	-0.32514813445500373
0.9374796351853876	0.048471099837327405	-0.12392823716493294	-0.32159645229141537
0.972217288909621	0.12953282085915183	-0.0341839740736887	-0.19195376365684164
0.947772058997355	-0.016520824784483572	-0.1458138085508053	-0.28318460369212106
0.9251734590972331	-0.08590465224777195	-0.04000964405378063	-0.36752372669929656
0.9188272672563038	0.008941603713026108	-0.051310548526208234	-0.39120803708422386
0.9740200225977629	0.060419181152283154	-0.11543784142318496	-0.1852258699401802
0.9226987547909989	-0.04653762038370248	0.06718314861490787	-0.3767594489038722
0.9930014735097705	-0.0026517648407737484	-0.02927208304998105	-0.11438613073519324
0.9463349795518727	-0.016873709155078964	0.14458740789856417	-0.2885478571971736
0.9636648654281217	0.0012114192952988115	-0.14570503658306594	-0.22387184261764237
0.9284587485325924	0.09808703688881008	0.04616910276499883	-0.3552628596089669
0.9932943778391193	-0.0034237505235252177	0.022787139789864935	-0.11329299689630634
0.9574926656042575	0.07114413714747955	0.13108522508966075	-0.246906805954771
0.9767576180667017	0.11569452320833265	0.04394512681721928	-0.1750090245595301
0.973573923618419	0.07788465704904132	0.10563923983499515	-0.1868907339962964
0.9574938249250312	-0.0015094128329694659	-0.14913907138487276	-0.24690247931074158
0.9424885231110267	-0.09403206824520557	0.10546615350661118	-0.30290302806351144
0.929362184399782	0.06513032421605439	0.09064524662507295	-0.3518911910512351
0.9380142937363888	-0.0695204762037441	-0.11467884797029063	-0.31960107941437765
0.962325872489962	0.018900740856856148	0.14557006281643542	-0.22886903229382996
0.9422418883622834	-0.044575111450797816	0.1337332245853064	-0.3038234814767337
0.9747844391296818	-0.013733536629808498	-0.127854470550469	-0.18237302860491306
0.9317075111599101	-0.03929903945502356	0.11239571919891458	-0.343138312422086
0.9192039374717289	0.045199682379667136	0.032791597855420226	-0.3898022847025597
0.9769262730263295	0.0852337593356135	-0.08911801136946229	-0.17437959568125072
0.9805722353347942	0.0524308242130008	-0.09940445471269249	-0.16077267910357929
0.9750743300295301	-0.12636025509575083	0.019916300628621916	-0.18129114103802718
0.9351988798618229	-0.10682641150156244	-0.07084950335986288	-0.33010834703859143
0.9326514662567874	-0.05713154028876877	0.10751089873638221	-0.3396154240404765
0.9599183293572799	0.027658604045513957	-0.14566134367727568	-0.23785410558641326
0.969995981155558	-0.04051697273057479	-0.13178995866192478	-0.20024379705425185
0.9461990822465083	-0.013353305190928946	-0.1448315365626036	-0.28905503284540546
0.9784016885907869	0.06258229032663276	0.10146630690173554	-0.1688732698324179
0.9666044335123378	-0.13880283437970578	-0.03290456809349359	-0.21290122517503984
0.9642118687750053	0.07832548953668254	-0.12227781555422892	-0.22183039833516233
0.9696742979380287	0.05215042684402247	0.12818841105146853	-0.20144433516601323
0.9713198524867972	-0.12759219264465102	0.045985849271200405	-0.19530304198338289
0.9663596853781121	-0.12175830803279085	-0.07488106321880234	-0.21381463764702785
0.9793263167398689	0.0904134763995442	0.07335367483789416	-0.1654225106019356
0.9523461747855155	-0.09677491481632103	-0.11337918692086787	-0.2661137711710029
0.9230589663410544	-0.017591782540741584	0.08195218542359695	-0.375415121097592
0.9332702593266458	0.007882763240921686	-0.12316293721187947	-0.33730605686439363
0.9281803460576714	0.07457691875658906	0.07725609710401696	-0.3563018717903249
0.9497669313012772	-0.12598266228513394	-0.07770969405295729	-0.2757396388992713
0.9272346133598541	0.09331156317921	0.0452801464541768	-0.359831394268958
0.9277364544029534	-0.10569193382790558	-2.450670512296055e-06	-0.3579584979987884
0.9194238792982732	0.016111174325005365	0.055620062053552494	-0.388981450631187
0.9503977463109191	-0.1326432784776411	0.06641012488586773	-0.27338540523311056
0.9780105259496163	0.10839924389559713	0.05226516182797433	-0.17033310868328924
0.9332289630955363	0.11066800350671835	-0.054377612287074883	-0.3374601764970551
0.9278552637281722	-0.07839713468010855	0.07156434372036041	-0.3575150955606589
0.9782596478858723	0.05967555868314703	-0.1036792469295165	-0.16940337295990215
0.9278511029447171	-0.1061319193143798	-0.000446655037345485	-0.3575306238159125
0.9854436340937283	0.061901000954895154	-0.06882242159735212	-0.14259237143130976
0.9265184823299867	0.03477365489272605	-0.09457865434939812	-0.3625040316572999
0.9491698609243724	-0.028912445724898365	0.14482566145800685	-0.27796793588157437
0.9397842917922447	-0.06161022837973798	-0.12265223731491527	-0.31299535674062534
0.9749834833784313	-0.09457914533333155	-0.086443439166646	-0.18163018535562553
0.9338584131051841	-0.07535858318924474	0.0996500930225011	-0.33511103708022466
0.9321584469842089	0.004882602522680905	0.1202705357019099	-0.34145539701484995
0.9275225973689719	-0.004147497874281758	0.10477745396219987	-0.3587566233151631
0.9636672864307925	0.09566409708593507	0.10990534606622276	-0.22386280731266972
0.9669062817507376	-0.14227757247295517	0.0008977467353270541	-0.21177471221315664
0.9781817159446077	-0.10261154072520161	0.061929592000570674	-0.16969421892423406
0.9536966451074718	0.08715517603438402	-0.12127317454363151	-0.26107374731534844
0.9292056829646682	0.09712880648771924	-0.053888617738034605	-0.352475262358537
0.9921146546277396	-0.029200803302504165	-0.0316785040830385	-0.11769578386004376
0.9276671734313834	-0.09747743236036092	-0.040153515426215876	-0.35821705810468535
0.9485221061919478	-0.12584734833990055	-0.07650027687422545	-0.28038538945382635
0.975080631469047	-0.10074494849449046	-0.07880524137641028	-0.18126762374558986
0.9634311376094786	0.08597608511683973	-0.1178924653273734	-0.2247441267119604
0.9728419167259169	0.11978543193166076	0.05721290935604159	-0.18962262091060464
0.930116021252653	-0.0812699695013911	0.08015014126341305	-0.34907783361570244
0.9456136168612713	0.14429478104862864	0.013158832137078906	-0.29124001940918287
0.9438285081258356	0.13168850857124942	-0.05567945205699973	-0.2979021359068639
0.9344121705948427	0.007207725482352635	0.1261086083328712	-0.3330443859937471
0.9265508476931547	-0.05012696944467038	0.08757396385253724	-0.3623832424775516
0.9776168026507852	-0.11738090888728919	-0.031161017468929627	-0.17180250403865072
0.9598631296249673	0.06458390737671027	-0.13348810252556137	-0.2380601137919681
0.9893845782764793	-0.000954518800682938	-0.06901291585588519	-0.12788456751148966
0.9385157216282026	-0.08145908469943536	-0.10770552260189348	-0.3177297250457963
0.9292497737576321	-0.06297160789627154	0.09168749030895515	-0.35231071327905
0.9235699450936995	-0.0817519137736055	0.028755235904856496	-0.37350812243113235
0.931738314419931	-0.048670793903633214	0.10876509778942642	-0.34302335309064913
0.9763751258453046	0.11956479808485365	0.03558134912892833	-0.176436504963284
0.9359263635013273	-0.12682132316507114	-0.027781185625720267	-0.3273933411342864
0.9778962813604625	0.12064836508903415	0.0020091042453925616	-0.17075947529450136
0.9628446655207187	0.09876056078690627	-0.10806467539666947	-0.2269328703444338
0.9609463202930535	-0.14757950928412034	-0.006182634629019759	-0.23401759118438598
0.9865576973659291	0.06572236954745408	-0.05674797734718726	-0.13843463069660927
0.9180245264218669	-0.03582783228851887	-0.02346519321307112	-0.3942039066636528
0.9464290844369784	0.126563825564389	-0.07208519541969147	-0.28819665298471914
0.949011587665231	-0.0367752034959142	0.14293245349186035	-0.2785586197261697
0.9740464817597071	-0.12958616810002974	-0.01299325737227458	-0.18512712300347872
0.9755687667162378	0.11992519404621542	0.041020800053269885	-0.1794458782021084
0.9396066949261404	0.13401137791761789	-0.02826251612505111	-0.31365815726819135
0.9867063918727575	-0.03989752638708337	0.07620940404911478	-0.13787969524231947
0.9340405142091998	0.11909787624176033	-0.039238178530495105	-0.3344314265079239
0.9372947814296354	0.04634399183911911	-0.12434727507040598	-0.3222863358998521
0.9796230188954036	-0.08453825711048812	-0.07869268054175307	-0.16431520308276482
0.9603505047313045	0.14648826255842468	0.021405372978705088	-0.23624120513277352
0.9575122450068849	-0.10322289502189229	0.10764962635367314	-0.24683373462938385
0.9432896464103502	0.10033419857670439	-0.10094437533389022	-0.2999131952073092
0.9879600414058466	0.07287804172337159	-0.0296856557613187	-0.133201011489946
0.929230890687901	0.10571189252834462	0.03438673327155012	-0.35238118585468925
0.9824515977795912	0.10032538653968003	-0.032892329562808735	-0.1537588029737601
0.9274085129049635	-0.04376096558987895	-0.09479682020660685	-0.3591823923311967
0.9838062700726017	-0.0986568275210362	-0.016716526185841185	-0.14870309714863927
0.9167514688462325	-0.014078270708864651	-0.014263131144707938	-0.39895502221688073
0.9663553952393571	-0.08399406684684324	-0.1156663326934243	-0.21383064866283313
0.9167691923279657	-0.0012044363779034704	0.020505143539982736	-0.3988888772825655
0.9743110243159477	0.06877302750886782	0.10991277954814466	-0.18413983674282458
0.9282209186513942	-0.04648149872016664	-0.09696520725766387	-0.35615045280915636
0.9444573899897539	0.04478465632971244	-0.13653477931134245	-0.29555511683876207
0.9452334106316591	0.05470332337629094	0.13376125771929492	-0.2926589683754499
0.9805891749330122	-0.05688455440620369	-0.0968580768404525	-0.1607094596623701
0.9737872922212323	0.12497748004218336	-0.03857203059634332	-0.186094431529857
0.9854929330629159	-0.042599624427809395	-0.08190728120213245	-0.1424083851735406
0.9225519212037773	-0.06032391335869727	-0.053833766359080125	-0.3773074393116413
0.9830870634830494	-0.0559363484784777	-0.08656132142907656	-0.15138721268198657
0.9845335020080425	0.09445550265048881	-0.021427654617879693	-0.14598903061668772
0.9302436971025293	0.11450129343775495	-0.003636338096939029	-0.34860134085706496
0.9816590060827772	0.0418915736840954	0.1001525728719385	-0.15671679545592723
0.9227077640347567	0.007651462853683785	-0.08142167628863442	-0.3767258259484305
0.9911540682523621	-0.025478987924480525	0.04749122044397436	-0.12128074101801148
0.9925377997975596	-0.017569660122630094	0.032817096153917466	-0.11611658458729843
0.9869564057543779	-0.009994844683639335	0.0840403269323003	-0.13694663073351465
0.9384253661351601	0.06923464376503652	-0.11574895380211904	-0.3180669363365735
0.9247180716813098	0.051436737782157405	-0.07697361484832531	-0.36922325567265
0.9685260162611494	-0.04854075090302905	0.13143975292773588	-0.20572978072552692
0.9760168915491035	-0.0697348589470221	0.10452117521643836	-0.17777345355772012
0.9279891297141303	-0.1051198972675444	-0.01805310079289286	-0.3570155008996577
0.9770368301139588	-0.09906564287109823	-0.07294187440186589	-0.17396699101308138
0.9742903026222338	0.10653186488575835	-0.07398244272328686	-0.18421717115658393
0.940466817774578	0.13711114415403727	0.018564865431236664	-0.31044813509707153
0.9216180191323526	-0.07072210769429502	0.02480819795407588	-0.3807928092914915
0.9842655214534258	-0.04705065882522293	0.08603376808985772	-0.14698914766195736
0.9628006885184386	-0.12327591107143716	-0.07902429318160469	-0.22709699475130743
0.9790662510304725	0.010851466757797197	0.11672558280499254	-0.1663930890427094
0.9238274991239405	0.08247411638297869	0.030815030392166834	-0.3725469177045791
0.9262782121498055	0.06587738548160754	0.07489159920634904	-0.3634007321772798
0.9600297072238577	-0.14654195315945162	-0.022167667907526292	-0.23743843772950615
0.9762972599758402	0.09235025389885394	0.0841583112863042	-0.17672710434430103
0.9753240679396156	0.061652959258613235	-0.1114112553832657	-0.18035910646901254
0.9731602700105297	0.09473294140339054	-0.09207167872102719	-0.18843451027767333
0.9833396927032599	-0.0889352804225298	0.050000508908238234	-0.15044438759668455
0.9447156450383382	-0.03672303778349209	0.13921112351306014	-0.2945912958761347
0.9269088497668273	-0.020279546367360065	0.10036768445218758	-0.3610471605493904
0.9194923761228724	0.057551145188454944	0.010671229349526894	-0.3887258170016254
0.9434686917692017	0.14217713697696413	0.010243340849057661	-0.29924498883121614
0.9507460742447033	-0.06617497740127308	-0.13293718334184249	-0.2720854276865329
0.9791323548027538	-0.07011356465275667	-0.09369790880447355	-0.16614638640598334
0.9590316249479303	-0.12467078781915626	0.08096779950873659	-0.2411633314934016
0.930645150125872	0.09491660494517513	0.06640694366116551	-0.3471030977770976
0.9643776258964546	0.145022359082601	-0.003107492112721627	-0.22121178433619743
0.9739193946386299	0.03851006347839053	0.12470004479809196	-0.18560141859632678
0.98024692855824	-0.11150426168351653	0.02104886157723075	-0.161986740521726
0.9922526445092062	0.017344445171613272	-0.037450235285660355	-0.11718079861147998
0.957582832392954	0.09953168967656434	-0.11104796057472201	-0.24657029891820012
0.9812311823363168	0.07905380675016217	-0.07663362371657695	-0.15831345541440198
0.9250008326283835	-0.02757631218293492	0.08980727711191305	-0.36816797745177465
0.9796691234587962	0.0733721368008244	-0.08900543895140825	-0.16414313850972267
0.9535682300770693	-0.14429462508703692	0.038428122674845897	-0.26155299873326593
0.9894263222062087	-0.04088189344868834	0.05522303168223581	-0.1277287770448317
0.9549905852523745	-0.13406643254622871	-0.06601385481333016	-0.25624469695261864
0.9310079316881342	-0.08758447000693174	0.07752868679493477	-0.345749178554686
0.9214306022029544	-0.031576415582819144	0.06657500869648865	-0.38149225879420445
0.9591337299394541	0.05351975349487657	0.13864350796939837	-0.24078227047732798
0.9398648814662428	-0.07656799114284141	-0.11407646323220488	-0.31269459198269867
0.9302341690013933	0.1029306520515285	0.05021935383183089	-0.3486369002146037
0.9280996608521358	0.0509540588446769	0.09417541474328284	-0.3566029930768029
0.9270627834143068	0.09973974291058234	-0.025807591456216698	-0.3604726723560026
0.9324414613524258	-0.10106816427390888	-0.06683225518455228	-0.3403991730133927
0.9629475704959125	0.14370053081244585	0.027527520381247762	-0.22654882374865876
0.9631032718938806	-0.13034624639630915	-0.06618553468203066	-0.22596773822063237
0.9681785643708015	-0.10972362068200892	-0.08792626159800367	-0.20702648883349117
0.9183290937114208	-0.04401601002813426	0.015244886862979772	-0.39306724606471416
0.9221111316042636	0.07596566992357232	-0.0183109101338107	-0.37895248849247415
0.9377324660325905	-0.12978989297114676	-0.03152998195769125	-0.3206528747239329
0.9432273496592956	-0.1370027966576457	0.038274866802094895	-0.30014568984739154
0.955979542092775	0.09161801944781577	0.118007633328984	-0.25255385977775074
0.9821106830631768	0.008231046035965334	-0.10656551872508893	-0.1550311140164664
0.9740492359722891	0.08823240717308614	-0.09578560560480588	-0.18511684414218785
0.9841575887570785	0.06658001879762193	0.07263988102252332	-0.14739195796852336
0.9529126356420579	-0.05120341864773011	0.14014232630506457	-0.26399971047388776
0.9837526155137152	0.04027770254665336	0.09184929980635141	-0.14890333868846123
0.9362786141647539	-0.027451129868524136	0.12767716333322862	-0.32607872376137853
0.956834906446486	0.141328502210383	0.0480833696218447	-0.24936159655071768
0.9479542141972467	-0.14211537048547215	0.037108923304756694	-0.2825047912312622
0.9819825797875151	-0.07938707783411157	-0.07228272944305056	-0.15550920194985207
0.976700741136164	0.11398675294671458	0.04858169606537638	-0.17522129215407534
0.974002889052091	-0.0525655734852445	0.11925987475044704	-0.1852898132031417
0.9483746022135497	-0.12571647438994238	-0.07652458600361225	-0.2809358817955263
0.9572181103475816	-0.1424484587917091	-0.04440627086527538	-0.2479314601221706
0.9391667061996084	-0.13602918557289412	-0.006908795209381924	-0.3153002175503661
0.9781956205261315	-0.016324265669524583	-0.1186942604119742	-0.16964232631952902
0.9812569640754409	0.007407236110622273	-0.10975978012093536	-0.15821723665408327
0.976333220545091	0.06211996901178575	-0.10830281806838504	-0.17659289767278766
0.9344219673040723	-0.09221995111863357	-0.08635309300807267	-0.3330078241771551
0.9344248269421725	-0.01994755980494088	0.12476070897281558	-0.33299715186247403
0.9808781985151106	-0.04648026944283476	0.10117089036896784	-0.15963080896939316
0.978413407307501	-0.08842191376106284	-0.0799084331224601	-0.16882953498624115
0.9299195355838434	-0.10599655767354499	-0.04057784799662542	-0.3498111281146591
0.9722002638254539	0.114042552040914	0.07035836142308848	-0.1920173021359566
0.9816191105641865	-0.09140316992553883	-0.0588433375124109	-0.15686568755830188
0.919883611557125	0.04412457375238033	0.04350213514072629	-0.38726570648327363
0.9686454182861773	0.020115635366304493	-0.1384912485064124	-0.2052841663015961
0.9877044574734724	0.026616565042462164	0.07572275546368264	-0.13415486371116506
0.9289233081033244	-0.03876140201040067	0.10303502826932548	-0.35352909968785257
0.9349152447458744	0.10283582741214366	-0.07541067717446556	-0.3311668877021221
0.9758069251205351	-0.04868059876030084	0.11639768423343302	-0.17855705893702126
0.9330436762003032	0.0821959543939727	-0.09125112050689105	-0.33815167660404194
0.9776002845969108	0.09524797379071154	-0.0754202950269095	-0.17186415025495205
0.945638177885947	0.11380364774104892	0.08972068234769545	-0.29114835641720743
0.9848957491576562	-0.08905653014030382	0.03360662646039351	-0.14463710584943223
0.9897235719863476	-0.03964387970952039	0.05332105471253356	-0.12661942576281487
0.9699831058946056	-0.12075546501295394	-0.06658879410443888	-0.20029184818228699
0.9340423411647761	-0.12500396136767028	0.00995469601713939	-0.33442460821688963
0.9254380969165843	-0.05680103099604811	-0.07739037479345953	-0.3665360849118739
0.9323511631389387	0.054022786065341624	0.10817443907439102	-0.3407361705339588
0.9752929142574971	-0.015072449579507364	-0.1265116286713216	-0.1804753735935214
0.9173004913550376	-0.021216398283717425	0.023984715423106616	-0.39690604231952165
0.981659082811515	-0.05839796505377105	-0.09151534618097822	-0.15671650910037938
0.9745423499638364	-0.10708970583056171	0.07217147014008878	-0.1832765176718104
0.9487644374768174	0.05986244408876462	0.13473270724765213	-0.2794809967864293
0.9356788176518133	-0.015308525937618493	0.12836907266011038	-0.32831719482187527
0.9352510874233567	-0.06296717937652069	-0.11179273906525339	-0.3299135057664083
0.9319280065352831	0.11727422071534069	0.024023034166253954	-0.34231541247836
0.9889966505314216	-0.043007968940544594	0.057524667227945914	-0.1293323335657105
0.9838782585884344	0.08652715216023937	-0.049637118258061344	-0.1484344323499902
0.9478204644121546	-0.018017515589558768	0.14567257600074107	-0.2830039522247273
0.9497040898465572	-0.11990933251225386	-0.08673034753995648	-0.27597416640110795
0.972477113773021	0.0903875394126008	-0.09820099561749876	-0.1909840840655631
0.9736583773491689	-0.129045067606327	0.0229412181482352	-0.1865755483822488
0.9238610851742688	0.08818030178500333	-0.0026649104031888117	-0.37242157285832833
0.9355880004361977	0.03516272876250602	-0.1241926915294711	-0.32865612928475446
0.9716323732789807	-0.12881883195728755	-0.04058549028436986	-0.19413669850853282
0.9606821639284334	0.1476987893885511	-0.006944963407752133	-0.23500343615829067
0.9450109850997491	0.08929068533293298	-0.11333832674866019	-0.29348907176143857
0.9233542352812666	0.016034778442535907	-0.08396129176266108	-0.37431316241082335
0.9843840728172237	-0.035988486493578366	-0.09064705407788667	-0.14654670794895705
0.9312668452284681	-0.10652037973584338	-0.05020182765862881	-0.34478290006739215
0.9626599299678065	0.03353702640592271	-0.14265065651265912	-0.22762231281386613
0.9878497221060091	0.05442246201787622	0.05778201178962128	-0.13361272872199526
0.934563900716232	-0.125255074368298	0.01896788247836944	-0.3324781214716839
0.9834963813728599	0.0162536577927337	-0.10006388694916937	-0.149859617520767
0.9667610041380208	0.009663427018373638	-0.14213132969183354	-0.21231689564501793
0.9761102736128081	-0.12022659731112528	-0.035702762439190475	-0.17742494695145913
0.9847540715689734	-0.09509311889062534	0.011982994449487392	-0.14516585380868993
0.9488647364566251	-0.13658629786826748	0.05567188350503738	-0.27910667589784005
0.9292989805114886	0.07181124990614884	0.08516498666670276	-0.3521270711735818
0.9399482927379875	-0.10320668166894434	-0.09089699482969354	-0.3123832968786237
0.9236065685298163	-0.08536306850835523	-0.016056757825132037	-0.37337144190679683
0.971247093231168	0.008739283346758959	0.1354743193896502	-0.19557458322211219
0.980148266127231	0.10657596541590747	0.03989748117033662	-0.16235495372704986
0.9660456004158066	-0.14233659288832892	0.016639111581846926	-0.2149868186842454
0.9580594113079633	0.01971181350447996	0.1476842616579223	-0.2447916821935697
0.9536337410478282	0.1492285106989335	-0.0056038321796695115	-0.2613085084619406
0.9476438690684492	0.08362259518719233	-0.12047262303530365	-0.2836630150198159
0.9892330686259174	-0.03637613236814316	-0.059960887759656335	-0.12845000922522343
0.9398604081255495	0.12245561922978632	0.06227909534221322	-0.3127112867174456
0.9769964771890713	-0.08519458580231251	-0.08889786780556731	-0.17411759017899553
0.9275405851528199	-0.02420236699802471	-0.10210071821799635	-0.358689491991927
0.983256693525546	0.04436144884218611	-0.09225792289048379	-0.1507541447448993
0.9267739034022074	0.035094982278138565	0.09560074496985421	-0.3615507872384486
0.9748182484468264	0.08093270758369286	0.09982667386722242	-0.18224685051556044
0.9505212737149474	0.14750598259880446	0.016234780522680174	-0.2729243946851499
0.9676645891633362	0.11193396624380006	0.08624473771019144	-0.20894467042158255
0.979146370224103	0.026695465989288587	0.11389685822951572	-0.16609408014141885
0.9328398483869641	-0.12128668983377788	0.015419467962976736	-0.338912372359419
0.924989781336005	0.09363309254035247	-0.006979803327046761	-0.3682092214364208
0.9816871012829379	-0.09903007581416082	-0.04422870843337019	-0.15661194274147866
0.9799709865814483	-0.0626580114772795	0.09568927297267668	-0.16301656999905356
0.9301876832687725	-0.057003340136661654	0.09916051027820591	-0.34881038733057174
0.9365481364466456	-0.10288666204374508	-0.08136069807796245	-0.3250728529115868
0.9809817939434361	0.08778588491387936	-0.06789438654531224	-0.1592441855674508
0.9658987281357004	0.1395409116534608	-0.03335663026011064	-0.21553495349582502
0.9549874467825749	0.03170916368980329	-0.14603478291319477	-0.25625640988136844
0.9303673966490935	-0.007572058137582962	-0.11470801594316635	-0.348139687864414
0.9193757219474972	0.006595602592193819	-0.05708203545924976	-0.38916117631104086
0.9809706478518944	-0.11101631203053434	7.576002791950462e-05	-0.15928578334739013
0.9211472281445676	0.011836428723155119	-0.0707341098283577	-0.382549825177651
0.9767924999736135	-0.047787009153672136	-0.1140622805480208	-0.1748788435106703
0.9790420321496541	-0.10701395852103236	0.04804127883844614	-0.16648347513642592
0.9403909385008836	-0.014151591729170493	0.13751604182185137	-0.3107313204017401
0.9833820331879106	0.09792321280136682	0.028014781145558536	-0.15028637075675094
0.9733915409884465	0.03341676767292284	0.1273153535870161	-0.18757139523777167
0.9936242138378869	-0.011082376020401382	0.0054957763841850665	-0.11206203219074079
0.9782079543659792	0.08408219796838373	-0.08530227693315476	-0.1695962958025654
0.9623179313710347	-0.08394031722594864	0.12043098213193432	-0.22889866895313576
0.972355520995162	-0.11943746096723147	-0.06009137973568821	-0.19143787449036653
0.9517326293999012	0.014380845042316556	0.14818139485224247	-0.2684035537228649
0.9306940304311307	0.10506542101542013	-0.049152059794002806	-0.34692067399438253
0.971712768259133	0.13423377983770107	-0.013525437292014386	-0.19383666035793076
0.9685342951355596	0.09974011248482058	0.09839308113822937	-0.20569888354559904
0.9234113324644216	0.019560496415686784	-0.08353462498023445	-0.3741000728223195
0.9338277061165695	-0.09659703644922109	-0.07911131432685206	-0.3352256371218819
0.9753519598658897	-0.10911092051404822	0.06550947962803709	-0.18025501238303654
0.9505540926655471	0.10490374853701905	0.10498207889979257	-0.27280191269406073
0.9930369383274684	-0.005925068715450839	0.028082160730397175	-0.11425377423366351
0.9315306089514578	-0.11020134887090835	-0.043691699767499904	-0.3437985204520012
0.9892905287051861	0.06661673520008604	0.020545077275410693	-0.12823556528998586
0.9467691514912235	0.13796545738024577	-0.04760580809922263	-0.28692750546029594
0.9495186703047952	-0.03529290068943601	-0.14361246796778795	-0.2766661615516797
0.9801930518261082	-0.06675969054006041	-0.09197738179238597	-0.16218781122338774
0.9587002121852577	-0.04855873555068435	0.14063464979948437	-0.2424001807619722
0.9616001550112974	-0.07448697664575796	-0.12707760749951422	-0.2315774467961473
0.9495067799644813	0.12485052971951842	0.07924959807793043	-0.2767105369058508
0.9727049053938877	0.007587632343151237	0.13280314127479878	-0.1901339541629505
0.9539651345081385	0.1119747695584625	-0.09886793079573547	-0.2600717312307665
0.9315851133930984	-0.09585866528714052	-0.0700192485404348	-0.3435951071065604
0.9855405577566398	-0.0896679541326603	-0.020974030596479832	-0.14223064739686764
0.9380359924703161	-0.11335274921579341	-0.07173937302845358	-0.3195200986369006
0.922119312337141	-0.07191034393033247	-0.030708733499235308	-0.37892195758173275
0.9871184444098475	-0.08368146446109889	-0.002340317709829013	-0.136341894238512
0.9566514917451774	0.044169072635629344	-0.14263225256132478	-0.25004610953485684
0.975670306117551	0.058259181012696795	0.11228693996086386	-0.17906692799743754
0.9595837637324592	-0.10381948672130434	-0.10606791753795941	-0.23910272149671014
0.9726035053937472	0.07603207092622807	-0.10939185063406132	-0.19051238411536223
0.9590418409062268	0.03879184929621266	-0.14350113353004312	-0.24112520501799103
0.9696078075665033	-0.03980406192631787	-0.1326517222855497	-0.20169248061076012
0.9297917618733653	-0.11255059613851726	0.010861383865445204	-0.3502879860940349
0.9356088738334835	0.1198036682325324	-0.048160812937369624	-0.32857822870555775
0.9743607205930291	0.012140442439784925	-0.12897513877700403	-0.18395436771180962
0.9724629287858436	-0.0715152215701739	-0.112722140699153	-0.191037023158414
0.9568954948382515	0.13032229558996972	0.0727916549769142	-0.24913547759430033
0.9182148855876868	-0.045208089881286724	-0.0007323792918730206	-0.39349347658512634
0.9695716309414083	0.043869583078446614	-0.131422886042608	-0.20182749361366106
0.9799101563101935	-0.050486621029616374	-0.10285288736068281	-0.16324359166201502
0.9207174422653918	-0.06692116836335964	0.015059900314340322	-0.3841538079151109
0.9336970860581827	0.10998476077660083	-0.058393547669688434	-0.3357131178162692
0.9816431225068898	-0.06910378600866937	0.08380160790841919	-0.15677607376814473
0.9398218437474298	-0.1186731564085779	-0.06908835613494169	-0.31285521093595065
0.9279819229670367	0.08417984458625735	-0.0654525115356186	-0.3570423968459683
0.9578443338529554	0.11747946957126355	-0.09173993459153455	-0.24559436218322184
0.9608253562863128	-0.10079542225793396	0.10807029746274112	-0.23446903500342914
0.9827988716779776	-0.1041179381910588	-0.004576008140199251	-0.15246275914083948
0.9326545776615333	0.05862001823927093	-0.10671636717138736	-0.3396038121198821
0.9708688053579108	-0.09507451113329346	-0.09783132960702934	-0.19698637278499542
0.9629870924669308	-0.026421980577731805	0.14387556563027742	-0.22640132574480304
0.9437956881943529	-0.13736358749480898	-0.03952554517172598	-0.2980246215586584
0.9784622918913234	-0.09867796913990357	0.06657596429463401	-0.16864709523570928
0.9318478198249123	0.09671575282527164	0.07014905162911687	-0.3426146733555556
0.9533650731817387	0.10226888462865989	0.10876098457630114	-0.26231119058854785
0.9285076943195811	-0.05909637718143296	-0.09109960173716568	-0.3550801914451084
0.9730861091063133	-0.08565273869628807	-0.10077243899110161	-0.18871128254014408
0.9298722204977874	0.01802979711324336	-0.11189808987505705	-0.34998771041978466
0.9855465982140512	-0.08076168277366189	-0.044184934895668146	-0.14220810410290782
0.9726797329723624	-0.12952996867057118	-0.030487222796852505	-0.19022789891903213
0.9484824095465899	-0.044513742207969845	0.14035875047331564	-0.2805335393511918
0.9342605957314152	0.08880747387381199	0.0893011327937959	-0.33361007108520885
0.9406655761084496	0.08441143163971768	-0.11002252220377712	-0.30970635889663467
0.9673233856438966	0.13636142214512095	0.03872205682239116	-0.2102180592918524
0.9664146229553905	0.09770019887045119	-0.10425153776693011	-0.21360960781738014
0.9543132333582621	0.1462620946552541	0.03050228391532151	-0.2587726086360487
0.9322062791087611	-0.02927047907909703	0.11689644966377474	-0.34127688509578746
0.9817241933984662	-0.0240304810064591	-0.10562283741018906	-0.15647351308176713
0.9554343420233776	-0.14519030704473074	-0.035350399452978784	-0.25458857413703184
0.9807785668463078	-0.1108819932260157	0.013331983046459897	-0.16000263941940823
0.9357898491506007	-0.11789895215821286	-0.053637078474217656	-0.3279028196271603
0.9522159358969228	0.10639669252461106	0.1043507846167421	-0.26659982932035226
0.9468482328968889	0.09448225478662957	-0.11132570263458744	-0.28663236963641864
0.9545432055780936	0.11749213117293969	0.09232042404537999	-0.25791434062730834
0.9303425329547724	0.006065055671851952	-0.11471759257046624	-0.34823248043488414
0.9433338173393826	-0.004775000308641024	-0.14230051606790062	-0.29974834705594267
0.9471643949437043	0.055129551793256806	0.13548892126956835	-0.2854524368142788
0.9642903533071203	0.12242778570077463	-0.07795314168831835	-0.22153749007370094
0.9425729499209876	-0.08684892314345921	0.11159764973325263	-0.3025879429192164
0.9570273167073685	0.1391106184090424	-0.05406805915312057	-0.24864351168120702
0.970278365380463	-0.04208218553679101	0.1308142087135072	-0.19918992477965014
0.9194662244327243	-0.04003970252513979	0.04236785548786208	-0.38882341643796225
0.9695975102305271	0.12040190395794076	0.06847400462346331	-0.2017309107918061
0.9303119832101424	0.10284008094759264	0.05097305189215906	-0.3483464936340015
0.9543591386622298	-0.005410755803050657	-0.1493142061848638	-0.25860128770930463
0.953010483737148	0.14223600909210476	-0.04513055301771704	-0.26363453641158774
0.9799821389009831	-0.06816799510793349	0.09180031527349286	-0.16297494897592762
0.9791104509461229	0.09450712602942839	-0.06913274096173098	-0.1662281327118117
0.9645924367064881	0.07658282445857582	-0.12294669614993081	-0.22041009947913714
0.9375398688414639	-0.021640283687492143	0.13141898792060452	-0.3213716572266126
0.9818470388686655	0.05011256117690528	-0.09552187402107622	-0.1560150475455032
0.9913796749526985	0.03714494078184516	0.03579241911360584	-0.12043876534982756
0.9658516324150745	-0.08637821132092835	-0.11462249033484773	-0.21571071711802012
0.939357113739011	0.04499576367737927	-0.12890683971326578	-0.3145896069391716
0.9343709186301077	0.04006766241405603	-0.11968473080135719	-0.3331983404220503
0.9192147686274434	-0.007992803558198548	0.05537160771714432	-0.38976186227912846
0.927946784665731	-0.08870324609518868	0.05893695800915958	-0.3571735347717331
0.9812750171148329	-0.006693853355535302	0.10974130638974439	-0.1581498617938412
0.9760055795921472	-0.1233088024341875	0.02428240562950182	-0.17781567035581436
0.9370289085037752	0.02632495231514335	0.1295174760130907	-0.32327858716751945
0.9768642856225556	-0.029801451899757553	-0.11982930372541628	-0.17461093582156462
0.9200625759770742	0.0034703015310773126	-0.06336365398996446	-0.38659780217527623
0.95970168480153	0.02162123643583582	-0.14678332814104014	-0.2386626340756552
0.9759080881216564	0.007646542637540981	-0.12568609669143366	-0.17817951347699024
0.9399652098345392	0.03226807785438673	0.1337172099101011	-0.3123201614147759
0.9538437307190402	-0.06705616951562635	0.13346320679846338	-0.260524816339913
0.986227934506034	-0.081650791598775	0.03436869415349389	-0.13966532244418728
0.9480366337690562	0.13450465523083005	0.059158943910106246	-0.28219719720173114
0.9777055633121533	-0.07389202309477608	0.09606983198953228	-0.17147124474071138
0.9188991733663121	0.019726559936855053	0.04900345656699441	-0.3909396798282986
0.9849881850127523	-0.06425220308316368	-0.06963986536431488	-0.14429213054177215
0.9676933892606323	-0.09822174845132615	0.10153335333949184	-0.20883718699521048
0.9274668766577587	0.01072111409736954	-0.10408978675596643	-0.3589645758404445
0.9649244095262348	0.10221315394076153	0.10216338710446271	-0.21917116004911052
0.9450909095925488	-0.13593188166415543	-0.04862979651329977	-0.2931907894935408
0.9279664569924188	-0.10640781339759592	-0.005927784925933682	-0.3571001166490311
0.9275229197654601	0.07031254940062154	0.07779413374147776	-0.35875542011508893
0.9262568478001532	0.0764644908884566	0.06390137000485621	-0.3634804650156531
0.944738372223893	0.14320719958851547	-0.01506788367256505	-0.2945064768649307
0.9301128955563155	-0.07235082970303242	-0.08827163042312719	-0.34908949887324314
0.9177607523935357	0.037708653753629265	0.01092917142523146	-0.3951883247391021
0.9235773088445612	-0.0807647008518156	-0.0315313942998963	-0.37348064053878227
0.9864543645230748	0.02162088595707541	-0.08467145621814853	-0.1388202741162325
0.9265268408485436	0.016170556655859605	0.09949858565250444	-0.3624728372413693
0.9225273554178782	-0.07775988521045016	0.02160053068958545	-0.37739912007274407
0.9281018225917336	0.06367865228898686	-0.08609352679366439	-0.3565949253547912
0.926579800836432	-0.02459060914775951	-0.09798909568524732	-0.3622751878758017
0.982809306208528	0.061465496087118175	-0.08411207077050743	-0.1524238169426722
0.9581969039935496	-0.0942035802830302	-0.11537923307490777	-0.24427855250529243
0.98481756630617	0.05765726575064197	-0.0761946071534215	-0.14492888822345906
0.9798136254629165	-0.08522078584734688	-0.07704840935322645	-0.16360384968855035
0.9858629123029035	-0.019439075227518237	0.08836093849464452	-0.14102760385216123
0.9778785636791485	-0.057856343286932746	0.10594702972519303	-0.17082559858135726
0.9278208751397934	0.025276509397445517	-0.10295967539373226	-0.35764343551968913
0.9437325903031176	-0.1428570520415556	-0.0012529142838880597	-0.29826010609459896
0.981846293112776	0.06891340788262565	-0.08298936922596581	-0.15601783074437303
0.9459406143230473	0.10585812528448893	0.09939323469914497	-0.2900196482678886
0.9850324433764781	0.09382918006515417	0.011601335926087638	-0.14412695607968767
0.9442228881327719	-0.06968786078023971	0.12536276538208602	-0.2964302896834885
0.9825978125594245	-0.07787253530059204	0.07044960078247316	-0.15321312198660508
0.9649606100806564	-0.035437117188676946	-0.14006583140621912	-0.2190360577407473
0.9228047671689504	0.07875688257977582	-0.02406244333542471	-0.3763638053231261
0.9298819410887286	0.022823882032228085	-0.11105242370562532	-0.34995143268051276
0.9462666592915535	0.13444396589532406	0.055652078538959905	-0.28880283187987144
0.9314949883200951	-0.11619642513571321	-0.022948407420752482	-0.34393145845804424
0.9364743693356404	-0.11904795476026475	0.05469842544340096	-0.3253481555177854
0.9731214165428146	-0.02428082241131598	0.1299342813006105	-0.1885795133932363
0.9430657433005998	-0.08622860413674557	0.11287950711843589	-0.30074881298887046
0.9313286949718931	-0.09677498850122636	-0.06741907774236	-0.344552073682495
0.9286595803436858	0.08120741638113765	0.07291795057727346	-0.35451334508619026
0.9549896648238433	-0.1493933814895337	0.0036403946850131277	-0.25624813203866165
0.9899456295999125	0.03624892462117338	0.053575804556014524	-0.1257906954667833
0.9348832303449987	-0.1265803782449297	0.014835648108533894	-0.33128636707276427
0.9324610690559894	-0.10391262335580367	-0.06242385604044498	-0.34032599606747344
0.9538778407990023	0.045443558562315536	-0.14228521212351503	-0.2603975157884437
0.9286970360844812	0.1077344374444012	0.018288993760409277	-0.35437355835850665
0.9396383025032301	0.0199258846199137	-0.13555576331344907	-0.3135401961845885
0.92613996843334	0.08248045351708082	0.05501267830644732	-0.3639166647509563
0.9604278986448794	0.14671403349685505	-0.01948651668304776	-0.23595236711511533
0.9601799169507285	0.09312742442936287	-0.11519850396681823	-0.2368778473970335
0.9301617390885516	0.11299497446679467	-0.01717649747749698	-0.3489072123293171
0.9366291103882152	0.008208255044436539	0.13108225048429048	-0.32477065404755967
0.9589531671891649	-0.13410919892491396	-0.06420652955419323	-0.24145613983536188
0.973139457505939	0.06337215659848264	-0.11596000451284887	-0.1885121836022384
0.9727655242028528	0.08097973122062818	-0.10537824869040806	-0.18990772168799822
0.9773669688975133	-0.10617703419568768	0.06035645050831409	-0.17273489629930694
0.9401536672325483	-0.07222957393617131	0.11742624335262566	-0.3116168288303437
0.9771573987556521	-0.03453908066499197	0.11773832337651281	-0.17351702271648245
0.9405095240818644	0.07065719803369273	-0.11903900724632079	-0.3102887529884747
0.9643735539669219	0.03275077858872994	-0.1413140396270014	-0.22122698098409824
0.9334807299503802	-0.0800683974689696	0.09463976245449146	-0.33652056980311595
0.949341200017933	0.10734368086305074	-0.10157523782694707	-0.27732848967908363
0.9389549842197765	-0.10399267081061017	0.08738384876885326	-0.31609037473617774
0.9572065334906639	-0.123602690315155	-0.08358583875142502	-0.24797466554037975
0.9900067771343414	0.009829005719865119	-0.0634352665283053	-0.1255624897615369
0.9245125031561789	-0.06645862792973471	-0.06298373424322981	-0.3699904478528756
0.9647547804492845	0.046877705836692	0.13688242122072397	-0.21980422438272998
0.9905821949516782	-0.043619516506752984	-0.04016205043847712	-0.12341500123165544
0.9578959625529649	0.1322022957539499	0.06881782298920641	-0.24540168125165754
0.9679369008244192	-0.14031803598271309	-0.013220803835703974	-0.2079283894669272
0.9704538837063185	-0.07375689543149402	-0.11559879244769095	-0.19853488146989798
0.9683916345492867	0.028805890826857604	-0.1373190214316659	-0.20623130010180687
0.9772367684661276	0.017744445023817102	-0.12119399197719306	-0.1732208109244056
0.9305648997154365	-0.10993399032258953	0.03570603889399329	-0.34740259638617094
0.9927240771606811	-0.029492107931477288	0.017522139895048847	-0.11542138800382903
0.9279864860938974	-0.08711482633802972	0.06152215828533791	-0.3570253670246825
0.9343283552153713	-0.11837230223127213	-0.04349145986765973	-0.3333571892483902
0.9626510964855843	0.09175176037030464	0.11426965684245087	-0.22765527981832703
0.9376373969433819	0.08362664991004994	-0.10390748929442592	-0.32100767739508884
0.9645016394702581	-0.03076848707969778	0.14163256897892396	-0.2207489593779342
0.9366033186274504	0.07548557736713063	0.10741341534816379	-0.3248669102091506
0.9692365763942143	0.11156728385581886	-0.08302139959574141	-0.20307793420709572
0.9332445319874667	0.12293548804354566	0.01006730844369541	-0.3374020726013533
0.9581447421280588	-0.1395243825683713	-0.05219619642394645	-0.24447322323752205
0.9800598564872675	0.040193966792301423	0.1067742715876567	-0.1626849029952729
0.9927558585977857	0.00783327185674765	0.03285900853793976	-0.1153027780658169
0.9701397645859664	-0.12405269803054245	-0.059638943217099186	-0.19970718998668094
0.9283490179994859	-0.049711764452743515	-0.095885346592938	-0.35567237953366204
0.9346531522069035	0.029530509828689544	-0.12341439485292272	-0.33214503037384646
0.9255800664363582	0.09358339465906886	-0.024147788441683027	-0.366006247450952
0.9432236150038984	0.12706740164094424	-0.06393188090085955	-0.3001596277710827
0.9779029238977066	-0.1191567565920373	-0.018899897512844217	-0.17073468500801509
0.9767049782017732	-0.08519797487636582	0.08995404764463151	-0.17520547920994706
0.9869070794074944	0.08460689774562014	-0.007159282798054193	-0.13713071916623537
0.9281746243756954	0.101112764984534	-0.036080943225867794	-0.35632322539816386
0.9839475065578752	-0.0755139482847974	0.06472111199076187	-0.14817599540971574
0.9455404474556983	0.07052048641272135	-0.12649205822471532	-0.29151309134834097
0.9293694853816777	0.08586818151194985	-0.07134970475811525	-0.3518639434158549
0.9300738107792289	-0.07458584101754938	-0.08622249406627916	-0.3492353652471328
0.9725942633274957	0.004706059254014055	0.13315457184964383	-0.19054687597617975
0.9473322607233842	0.14395557949294888	0.026693731694056137	-0.2848259531956611
0.9726986149528818	0.020020308102001116	0.13151708403369472	-0.19015743040838634
0.9447862066616357	-0.1377997379600837	0.041967964600477047	-0.2943279563129234
0.9299639510837894	0.02219088116289831	-0.11145730870999504	-0.34964536721221734
0.9417007158318637	0.04831202010601786	0.13162700720576037	-0.30584316485592067
0.9343358675945377	-0.0928054704254094	-0.0854125703122428	-0.3333291526676553
0.9828413924519545	-0.018271598630871765	-0.10243249677197976	-0.15230406945198072
0.9357216921774342	0.030022599838066884	0.1258428395934456	-0.3281571849139079
0.9804668565795622	-0.09249760186673324	0.06445518434398109	-0.1611659579721433
0.9686128881799279	0.10891438677183292	0.08795044565611972	-0.205405570310895
0.9767033417516823	0.12378782358864983	0.005296875468959222	-0.17521158652483054
0.9241741200248496	0.03696194426425936	-0.08189621300559935	-0.37125331089142116
0.9501025680067816	-0.10086028859629621	-0.10857801432483702	-0.27448702566144395
0.9692604707325269	-0.03533857460809639	0.134465194785641	-0.20298875932250018
0.9624796730232081	-0.127329114052663	0.07281174381205649	-0.22829504088952457
0.9599032401650521	-0.0025700405164887155	0.1482491040096969	-0.23791041921845274
0.9429354399263111	0.0591781757553758	-0.12895001769215914	-0.3012351118021132
0.9459625317362554	0.06991767117986959	-0.12728884535533438	-0.2899378513682254
0.9610118074456506	0.124362823927871	0.07962593612482921	-0.2337731898036507
0.9195417361902904	-0.0377091473797938	-0.045347971973763675	-0.38854160272215615
0.9300065464929116	0.04597414019570539	-0.10408390288965938	-0.34948639898120415
0.917861329701354	0.018603475795356855	0.03615539660022972	-0.39481296511623565
0.954455303971375	-0.10448879209452261	0.1068083847161872	-0.25824239388964887
0.9499045122162463	0.09879611586274124	-0.11032359240134437	-0.2752261799344549
0.9377718256389697	-0.012099253579341482	0.13309217171302182	-0.32050598267316033
0.9854446955111905	-0.07137331722636102	-0.05893341126128674	-0.14258841016741253
0.931334156895663	-0.08443983637738804	0.08236818049771903	-0.3445316895054785
0.9909689473609784	0.0050646358077747824	0.05547808898174586	-0.12197162159019745
0.9698654396339894	0.12451233584493437	-0.05970577048625899	-0.20073098464524275
0.9879149153513668	0.06992762016014999	-0.036699382130984656	-0.13336942421800999
0.9205318348050815	-0.06017331577666	0.029891156547460496	-0.38484650438725254
0.989758880002125	0.06606612899379695	-0.0036741430884880705	-0.12648765445401938
0.9911100547594847	0.05430350097813921	-0.0017608861976042313	-0.12144500160964827
0.9753027050372748	-0.06282953338260465	0.11081024546747129	-0.18043883390594526
0.975118962683803	-0.028815855356026304	-0.12452527993900019	-0.18112456970460433
0.9236036227588422	-0.0839063716651098	-0.02239699870706794	-0.3733824356737395
0.978773603685763	0.05155753370563862	-0.10626730379282398	-0.1674852638018651
0.9239349376743222	0.048557993046822914	0.07411978805761987	-0.37214595157586283
0.9283004687590996	0.07711671163492886	0.0753623964378103	-0.3558535677654524
0.9796520526054308	-0.0016486989259437458	-0.11539171873583734	-0.16420684780181105
0.971482351309594	-0.0006278428080646048	0.1353324997242475	-0.19469658812053497
0.9796752461835556	0.0019470086466784192	0.11531327840714292	-0.16412028818983995
0.9702178977523866	0.13150516169905235	0.040212492835095245	-0.1994155930398443
0.9265571277846413	-0.10006716796204218	0.01318418262520581	-0.36235980485704744
0.9688507638385019	-0.13870013757225172	-0.016215306553890432	-0.20451780626721283
0.9239765445438298	-0.06101694045815028	0.06455398972978145	-0.37199067262491636
0.9697798506213944	-0.11754867196011815	-0.07271921904399972	-0.20105040718881717
0.9303246426750459	0.047863750641234576	0.10436835986464946	-0.34829924786778516
0.944543036536248	0.13033339241294298	-0.06072619329986598	-0.29523547957575336
0.97366782624523	0.12808461891749054	-0.027713115031796062	-0.1865402846220734
0.9526552057245972	0.11314386181797355	-0.09717244677335143	-0.2649604520052395
0.9760843773126163	0.08704538263717805	-0.09037960862051148	-0.17752159325950273
0.97076753294752	0.052065351867274234	-0.126281109866362	-0.19736432656597824
0.9738845893208242	0.01688584360731574	-0.12948959046661282	-0.1857313138107509
0.9663882578207824	-0.13507829720954	-0.04665273694127517	-0.213708003839286
0.9925943153775832	-0.025192559936840345	0.02622473436329538	-0.11590566557123091
0.9838901020785723	-0.08290906393820631	-0.05537773236844261	-0.1483902318430565
0.9607466564294377	-0.047975444850088235	-0.13982371592172965	-0.23476274686783574
0.933927153330168	-0.1251089698251896	-0.0005339237794924415	-0.3348544950680615
0.9209722846495928	0.06758332859331437	-0.019955388841696318	-0.3832027231893508
0.9935271888175286	-0.00705368953589813	0.014655528889213496	-0.11242413449632338
0.9208139925246475	0.05268795864778278	-0.04503484048223081	-0.3837934774420847
0.9686732646887776	0.048697572327848396	-0.13115533147113695	-0.20518024211228422
0.9901868722093479	-0.06270133117792884	0.0009474730969907634	-0.12489036579141996
0.9429952331564309	-0.13384401535890975	-0.04730295419238799	-0.30101196042935785
0.9826552108707546	-0.028562180158876526	-0.1008180161913685	-0.1529989085724524
0.9447262448801967	-0.13499174038824646	-0.05008818874915956	-0.29455173672776624
0.9786201187268884	-0.11114602050357902	-0.041300217280600585	-0.1680580774665832
0.9417931385021412	-0.12332855806307678	-0.06698191662054181	-0.30549823875467386
0.9455511324576058	0.144820321840187	0.0018696497533400372	-0.2914732143783433
0.9649189116692691	-0.07050233714114294	0.12615832319441816	-0.21919167833063932
0.9692043537751572	0.12233311360719609	0.06624217124711479	-0.20319819065856995
0.9555869176164203	-0.03829280227540802	0.14443536075796592	-0.25401915427180144
0.9822914564829821	-0.10196237175837994	-0.02968590586750625	-0.1543564584290951
0.9776578330621495	0.12039809761178442	0.01503167006676541	-0.17164937645878356
0.9686077921526834	-0.13791365654601181	0.024072942832392884	-0.205424588943488
0.9271058243149272	-0.09244402955216419	-0.045870738509014276	-0.3603120415280837
0.9611810727752191	-0.10165631675102738	-0.10696722633953251	-0.2331414829937409
0.9837928155357101	-0.0998348846671698	0.007559406001296641	-0.14875331016391108
0.9395239286371455	0.07870756124885017	0.1119133674265711	-0.313967045263874
0.9705736923715218	0.06654333484682087	-0.11966593409954716	-0.19808774944417248
0.987656718535451	-0.046787763012304404	-0.06557247282082321	-0.13433302785335988
0.936168153486381	0.09045037157546543	0.09386994239835471	-0.32649096862530413
0.935510598700727	-0.09574786283567245	-0.08629864287744254	-0.32894499649412545
0.9181025823049498	-0.024032984863642984	-0.036645996076263856	-0.39391259814215795
0.9299114673514457	-0.026861897379980536	0.11024612798144132	-0.34984123916789456
0.9231336719117861	-0.05410636519047789	0.064571428375445	-0.37513631611201315
0.9665422415950669	-0.04847513046306244	0.13424023685764155	-0.213133328570115
0.9296381275693009	-0.08407037697078631	0.07484271216043052	-0.35086135712258926
0.9230812855126678	-0.044134793779290735	0.0714078538766638	-0.3753318248151484
0.9853883413784826	0.017141250045047882	-0.0912387959602837	-0.14279872665389465
0.937856772681861	-0.03379530347382297	0.1294665356681068	-0.320188955993137
0.9700379919190021	0.006905632949618917	0.13763645809231997	-0.20008701075061366
0.9345537184359575	0.051858248602700496	-0.11555560500131484	-0.3325161222590052
0.9463551530538369	-0.12414808140966671	-0.07604442977489806	-0.2884725686628768
0.9325933749515855	-0.029085057508453815	0.11805810489776072	-0.33983222374296806
0.9545783866334516	0.12115881887125224	-0.08745597207073338	-0.2577830431412483
0.9305842556214418	0.11177284985694502	0.029688294478872636	-0.3473303591615333
0.9732305208697436	-0.08333444400581688	-0.10231763153711965	-0.18817233050181148
0.9518927971128083	-0.09405714921732011	0.11547038210432346	-0.26780579968056367
0.9364557955828443	-0.014642274757292871	0.13015227433836074	-0.32541747370690793
0.9182165990324413	-0.0012228442216425158	0.045218340013997035	-0.3934870819222468
0.9209629388929117	0.0408956083394217	0.057304055668129766	-0.3832376020281195
0.9339519036631129	-0.08607824649319544	0.0908773701748364	-0.3347621255680068
0.9326874679529383	0.061105060720709516	0.10541757891304263	-0.3394810638812823
0.9763725212352011	-0.016681493217454477	-0.12363315521117639	-0.17644622550052425
0.9688486365792011	-0.0005707921453219494	0.13964674397050703	-0.2045257453070044
0.9196898579164209	-0.01326013763917731	-0.05881684500596922	-0.38798880491453264
0.9895521101940152	0.06765056590654211	-0.0038839542653302996	-0.12725932988335611
0.9313805009381821	-0.11039488212492038	-0.04195708200047801	-0.3443587311841691
0.9646000146312469	0.12340701482423247	-0.07582463081114377	-0.22038181827892148
0.9936808986081568	0.009346989591180311	-0.0006125843543286296	-0.11185048174807818
0.9416473755532329	-0.06998704866989544	-0.12140916133131095	-0.3060422334858609
0.9903466649713554	0.0011899048628257088	0.061343835182938504	-0.12429401108492596
0.9598175324604241	-0.0030861999098040355	0.1482805152092585	-0.2382302847267244
0.9220605267364251	-0.059369654632700164	0.05031368654501708	-0.3791413484303576
0.9286592549170366	0.09115733775031666	-0.0600146237711036	-0.35451455959497896
0.9239242007393247	0.051926303903843334	0.07173071175479571	-0.3721860223627912
0.9464261437359129	-0.04540285742956835	0.13839255128334152	-0.2882076278305051
0.9731130126720517	-0.10879552882825543	0.07510349211410891	-0.18861087706590335
0.9743702163938788	0.12231074669961363	-0.04262147625777355	-0.18391892890058018
0.9605109922663062	-0.005737835721707968	-0.14784599236365747	-0.2356422574981654
0.9703551878462218	0.041403882194408353	-0.1308970483159779	-0.19890321943427566
0.9874733260235989	0.0779432164244111	0.02432224154327495	-0.13501745802531956
0.9758310774004545	-0.12102842364995149	-0.035431441035305086	-0.17846692140124343
0.9521099612247963	0.11590599911034866	0.09362645833461121	-0.2669953321810439
0.9347654074080761	-0.11496497961421849	-0.054355210821617136	-0.3317260882596562
0.9566984778574428	0.12791578902366466	0.07700765670446702	-0.24987075497663247
0.9245283387589818	-0.0017041045579863426	-0.0916255651987832	-0.36993134857864685
0.9641502935694832	0.13247170935843897	0.05962151580985593	-0.2220602001306574
0.977770673645464	0.02536235410910459	0.11833066917893174	-0.17122824966869843
0.9325005766803552	-0.10385579612246515	-0.0627311814792389	-0.3401785516060536
0.9221088702971783	0.03906881260664373	0.06765703509342415	-0.378960927805408
0.9234198891860431	0.024493940644631187	-0.08227261230199098	-0.3740681387024821
0.9282619263998431	-0.05720403904417637	-0.09123233047097565	-0.3559974098084412
0.9794588238381307	-0.04277911782363701	0.10783839048787724	-0.16492798737885897
0.9397629425085261	0.09120091811396719	0.10252818107439948	-0.31307503335216813
0.9338544847634299	0.1217793523450274	-0.027863188427981782	-0.3351256978512408
0.9680332056866993	0.10279381076174271	0.0962302751004771	-0.20756897482788214
0.9470975386241591	0.09044043184741096	-0.11489637736158792	-0.2857019479956283
0.9352334132569504	0.07777591994900786	-0.10199470864199478	-0.32997946665341815
0.9385302248662556	-0.07633410157535885	0.11142861500476121	-0.317675598224508
0.9469476440450925	0.02958949137048858	-0.14307010156024272	-0.28626136218048426
0.9422242961225044	0.12529890028400759	-0.06453645508437873	-0.3038891366094079
0.9813650908815442	0.10801935725805917	0.01868722405562493	-0.1578137019200455
0.98937240870961	-0.06591065151908748	-0.02078321077959011	-0.127929984953352
0.9774256592957764	0.059559270543803	-0.10644271525953888	-0.1725158607510725
0.9276881700007732	0.021597067770121246	0.10327099792849224	-0.3581386978409379
0.966277945367277	0.14179793707569882	0.018789181144703626	-0.21411969552047586
0.9521903701325436	-0.1313674835380989	-0.07035432582697902	-0.26669524205194967
0.9808173277226551	-0.0194996067342564	0.10982968911908957	-0.15985798185953418
0.9375736888157616	0.0778328605021493	0.1081618766208577	-0.3212454393642229
0.9849634573148698	-0.02633526462498895	0.09114045278006222	-0.14438441556662407
0.9791158064564879	0.10781980707440317	0.04562870873439287	-0.16620814567502934
0.9261849290131625	-0.045669419948229775	-0.08821871245811735	-0.36374886958272074
0.9399415254596828	-0.04406423314753373	0.13026576016113303	-0.31240855270508583
0.9837855137397009	-0.012989197669565411	0.0993060341402362	-0.14878056083760388
0.928736262581617	-0.009877942633138941	-0.10897016909614103	-0.3542271630781925
0.9722616211278908	-0.10662718048788002	0.08096435785294126	-0.1917883135658464
0.9670103446481869	0.012754732692709981	0.1415772708671152	-0.2113863441926931
0.9782832125607304	0.07095451315956973	0.0962273287127996	-0.1693154283960679
0.9821860612547841	0.05788492923981982	-0.08951187531620591	-0.1547497987756053
0.9266454604191683	-0.09121500806321808	0.04407026848804678	-0.36203014297702624
0.98235466972034	0.10592813967456417	0.002321680645270628	-0.15412054341556447
0.9393540859511855	-0.10053884160658118	-0.09236943205204459	-0.31460090679717073
0.9524823569418217	-0.11962185248846324	0.08900378226013445	-0.26560553244458407
0.9807226001499222	0.10745541465683633	-0.031125351210897073	-0.16021150997385095
0.9468058425259596	-0.14581909610743024	-0.006830461597575492	-0.28679057265447877
0.9413212627252099	-0.07971996758805198	0.11467662250795246	-0.30725930312904237
0.9388676073136871	0.05951193542173301	-0.12192851645791358	-0.31641646978911175
0.9578035814297731	0.09586062128451373	-0.11415656735663955	-0.24574645229706987
0.9835258228447487	0.10110096633397289	-0.005528619945956766	-0.14974974045182848
0.9742437226583786	0.022941886336336228	-0.12776069099029838	-0.18439100994830643
0.9298206946893929	0.014733354572816071	0.11220680210882411	-0.3501800073546141
0.9368880423524746	0.12246512788121733	0.04892708295977946	-0.3238043068012403
0.9453339237864777	0.10031950414106464	0.10416295753991044	-0.2922838481748378
0.9301987144724982	0.0013359427179092526	-0.11440541597650725	-0.34876921831779883
0.9240501594462328	0.02508170248972443	-0.0856123379725484	-0.3717159380689544
0.9690515671435005	-0.1193017640562429	-0.07200409178005937	-0.20376839813063038
0.9440238115324407	-0.13191558953251134	-0.055725916779610876	-0.2971732536705222
0.930243508241652	-0.11418052574424731	-0.009297131384196286	-0.3486020456954544
0.9861755248829137	-0.08748544417526302	0.015590216348082353	-0.13986091782047766
0.932026957344113	0.09531034384641077	-0.07290087847820555	-0.3419461230323568
0.9218674734254002	-0.06161362435213106	-0.04548747537165471	-0.379861833195672
0.9490194900447266	-0.14145035452069746	-0.04213466239179262	-0.2785291276443914
0.9303511071625592	0.10588555857818535	0.044626123274410345	-0.34820048105578916
0.9300174655000985	0.1129581611433846	-0.013989507009722228	-0.34944564869161426
0.9287717688820535	0.013294037647332071	0.1087347574835503	-0.354094651760975
0.930614644407057	0.0648022968252179	-0.09590327359750449	-0.3472169466696366
0.9406693207981391	-0.13755538752761967	-0.017617373761030564	-0.30969238352445466
0.9803666762746005	0.008708534130820077	0.11273962427444718	-0.1615398359601783
0.9755567752344771	-0.10698897528566444	-0.06801066708250837	-0.1794906310212973
0.9240169783495046	-0.0056245430045202965	0.08886041013018267	-0.3718397716077949
0.9265525204118449	-0.09118814792770431	0.04322104356995303	-0.3623769998064129
0.9317101696282372	-0.10590935606136827	-0.05442679009348671	-0.34312839088321934
0.9441476467375047	-0.11106992695998023	0.09061577649048277	-0.29671109439345783
0.9454210188143731	0.0798801545254799	-0.12065783943972247	-0.29195880510564554
0.9627630098728092	-0.12439789457818785	0.0773021197286578	-0.2272376133711571
0.9838914496070166	0.07786997145498233	-0.06225523693851148	-0.14838520279843787
0.9398025280179904	-0.011038969242883633	0.13684244779317584	-0.3129272982196039
0.9478414237221142	-0.12852597957197168	-0.07092770108420793	-0.28292573101506674
0.9688633866320001	-0.1323063583201739	-0.04461501443368551	-0.20447069736054385
0.9354440966240826	-0.12168408411949275	-0.04206152995974166	-0.3291931856229713
0.9725120476879862	0.1298018198702311	0.03076794519583217	-0.19085370892000628
0.9812740072475327	-0.10994626240804822	-0.0007557703314677172	-0.15815363066991467
0.9816687633821778	0.07299856600353091	-0.08030508488844038	-0.15668038071881957
0.9871822552597275	-0.05959135763310048	0.05827378938984763	-0.13610374890468588
0.9294257028462689	0.03396420170645414	0.10655357260457408	-0.3516541369817282
0.9201961819702577	-0.045181859725383605	0.04609784295859047	-0.38609917782051956
0.9366933589745295	0.026093109451705176	-0.1288581081093316	-0.32453087505911987
0.9741929374611035	-0.033447435834127764	0.125536499972627	-0.1845805428848092
0.9487961556713684	-0.13943335359500442	-0.047965819393499504	-0.27936262287284075
0.930743938402799	-0.08124742995337121	0.08300495027730861	-0.346734414908414
0.9360697002341432	-0.11271185586722665	-0.06506258093943224	-0.3268584011648264
0.9317334823135777	0.10306924393210808	0.05976667853298814	-0.3430413867570675
0.9771914336714649	-0.05382772650045637	0.11016072253316983	-0.173390002681438
0.9253884746474517	-0.061029705463564995	-0.07380413601121058	-0.3667212777414638
0.9170404302617577	-0.004965830223924172	-0.02657815186932834	-0.39787660353271365
0.9571314605245962	-0.1012702508334871	-0.10960491394343896	-0.24825484166401904
0.9246988064243278	-0.07749480608122764	0.050475352636851184	-0.369295154590528
0.9675517309402235	0.1365396218928712	-0.03696640366127246	-0.20936586304429108
0.9651646416066849	0.13486021723436983	-0.051245825625460525	-0.21827460171926286
0.9928459059648985	-0.02122300838946064	0.024274368602105727	-0.11496671671666403
0.9287413558735621	0.08543333586694545	-0.06839021998413992	-0.3542081546538758
0.9624291353844827	0.08005439171926673	0.12294988998169769	-0.22848364992494233
0.9538314710770631	0.13810022963965804	0.05689314048385244	-0.26057056994665373
0.9747051653274023	-0.12743377504580514	0.018508188497903897	-0.18266888246272983
0.9488409988736651	-0.13690874005078937	0.05483392498610655	-0.2791952657634954
0.9662252574024158	0.14166380801856424	-0.02021455631045818	-0.2143163296822851
0.9324078052924636	-0.119553129500377	0.019120895601084625	-0.3405247791391543
0.933196190199182	0.11979864413377704	-0.02883088959313011	-0.3375824866113606
0.981643983688532	-0.1024505160748387	0.0360728634289232	-0.15677285979450156
0.9389144739142995	-0.043547144584371034	0.12858667041389238	-0.3162415612544484
0.9933097904706162	-0.02109412840045625	0.008271930744198765	-0.11323547617248189
0.9788252814451629	0.05648723294814022	-0.10355440065068772	-0.16729239977816335
0.9438275884307186	0.13452417995759708	-0.048425207547288164	-0.29790556825576797
0.9664703387763885	0.04851773236528699	0.13431619277208465	-0.21340167354263012
0.9767598962504593	0.08618573451051323	-0.08880845371755548	-0.17500052226199792
0.9216868701517297	0.06806214848143259	-0.032454912032830394	-0.38053585378902355
0.9774043794859626	0.06995540899302995	-0.0999889478788131	-0.1725952780824734
0.9351475744256215	-0.10703364990336847	-0.07031955438834955	-0.33029982153320003
0.9586546925379283	-0.13336684280462108	0.06598659366342488	-0.24257006239854803
0.9838295071334795	-0.00014866468487752596	0.09996325223715409	-0.14861637525682475
0.9849808995863372	-0.06171558587415286	-0.07194266987988407	-0.14431932012330856
0.988971067353808	0.011153624383185484	0.07113554854165716	-0.1294278112843837
0.9253823063852069	0.09304220209691597	0.022568906389762715	-0.36674429800955544
0.9886236608499722	-0.05379658263206817	-0.05138413393068028	-0.13072435000757845
0.9581808262097099	-0.14517302892448342	-0.03336114804194257	-0.24433855561145532
0.9791162173254874	-0.10998272361528622	-0.040132225294963714	-0.16620661229104766
0.9640686615312837	-0.12054577920806665	0.08120469327156751	-0.22236485504474335
0.9419001893506602	-0.055747173720407064	0.12896145646251517	-0.3050987195490074
0.9896406010233957	0.022175667570914503	0.06331453095756678	-0.1269290776121042
0.9796657286313534	0.0974650314649606	-0.06171303288680815	-0.16415580817822228
0.9368767009656916	0.09620852920697279	0.09016276454070436	-0.3238466334329421
0.9766691453657221	-0.12398945512003119	0.00039652948104188304	-0.1753392091746689
0.947607702207016	-0.14061740955571517	-0.04153416449784279	-0.28379799158423524
0.927024931068242	0.10270862669761086	-0.005770789325784877	-0.3606139392347018
0.9290631000937062	0.08307441982097642	0.07298068383991443	-0.3530073888772565
0.9329167416320673	0.11536551805244707	-0.041109451026367025	-0.33862540286193493
0.9838708805948656	-0.0919925617523748	-0.038658804125021276	-0.1484619673968468
0.9381918294569989	-0.06750853468053283	0.11626227928210622	-0.3189385070849023
0.9229726826748146	-0.07028535271027761	-0.04475489657999312	-0.37573713612386234
0.9411267546666148	0.13223035544929448	0.04405304535221438	-0.307985217086201
0.9414265598073012	0.09401812728491603	0.10348758531859219	-0.30686632906878897
0.9689099427404275	-0.13206252178976313	-0.04511951239995224	-0.20429694759848993
0.9761870864084413	-0.047486462442463934	-0.11586992184849404	-0.17713827769548462
0.98209862435778	-0.10073225946194517	0.035870623800811546	-0.1550761177176811
0.9794417892530262	0.045949055644344226	-0.1065844756273024	-0.16499156131595485
0.9710678704915717	0.12369975411703359	-0.05669276353773993	-0.19624345159215703
0.9601403611761791	0.14770281424945533	-0.0115451867142374	-0.23702547155738465
0.929283492289503	0.09649136192566607	0.055564580031454605	-0.35218487400495124
0.967245097260632	0.1391495318250354	0.027563932252313288	-0.21051023551583817
0.9634653169158462	-0.0830348456918557	0.11994663383820146	-0.22461656780402894
0.929666403910716	-0.11225714750803933	-0.009437114532157034	-0.3507558283797756
0.9761692764156099	0.06486301872445425	-0.10716720934464585	-0.17720474549361376
0.9915387032565941	0.03812429875925326	-0.03216598469567369	-0.11984526363984807
0.9521714836890038	-0.10828905884068887	-0.1023669486030324	-0.2667657272188145
0.9450305472555763	-0.10527984354613798	-0.0986936280255391	-0.2934160648019856
0.9821879138587214	-0.04870879869272807	0.09481030753461288	-0.15474288476358533
0.9462816542177483	-0.05328225386360541	-0.13541520353515793	-0.28874687005345656
0.9803310163808578	-0.10020027527169754	0.05265804720678753	-0.16167292049541862
0.9302773570944699	0.11005820237631336	0.03218545475530339	-0.34847572005696
0.9452870692425073	-0.08040745628019531	0.12014532716813847	-0.292458711713501
0.9263121773164656	0.014574796189601042	0.09881976731370753	-0.3632739724496169
0.9840587052141134	0.07539418218988218	-0.0641160661187018	-0.14776099637490175
0.9461967039652702	-0.06222765030593029	0.1314593991424947	-0.28906390871182075
0.9446743560604028	-0.14303714912354393	0.01599659232687513	-0.29474538843958176
0.9319334234205241	-0.11128035934882569	-0.04416757255039634	-0.342295196387422
0.9862894352978414	-0.08533076096009608	0.022571424153176856	-0.13943579836445633
0.9375332998147463	-0.11449867125786943	0.06801371840716716	-0.3213961731680789
0.940448700111984	0.13460688567571516	-0.03189352730276399	-0.31051575113438656
0.96363515756448	0.1202634312790943	0.08231484731343765	-0.2239827138741374
0.9686180593132324	0.0654886274363772	-0.12372054953779565	-0.2053862713786698
0.9310571244653781	0.11591577765860388	-0.016750744468232555	-0.3455655886106462
0.9675845852627158	-0.048021492707659985	-0.13300853104152927	-0.20924324904350144
0.9777341117430178	-0.050544398826162316	0.11007002265870633	-0.1713647005462485
0.933074918735973	-0.06221766864800654	0.10598322443140304	-0.3380350778735648
0.9766044165241979	0.054080934524084745	-0.11176070716249112	-0.17558078049995235
0.9875964396518733	0.06474536316826891	-0.0485330526781487	-0.13455799170949556
0.9452965625791075	-0.13528856531653094	0.05099055752961718	-0.29242328209897506
0.99015472052514	-0.0431644895702729	0.045857025383614386	-0.12501035751043268
0.9412546041830295	-0.12235283015746332	-0.06714415932471873	-0.30750807619521814
0.9612788342833547	0.1282544242824119	-0.07286182106618022	-0.23277663207835428
0.9676750797330661	0.1318320406469673	0.05083047530167513	-0.20890551908235014
0.9424763168078197	0.141167022994066	0.00569387140841416	-0.3029485826072527
0.9854768010301017	0.06343883149848661	0.06718400064187158	-0.14246859073963258
0.9796386464948228	0.0031947786286135767	-0.11540187618557206	-0.16425688008773207
0.9175031994924195	-0.03539661447953275	-0.0007157146148841255	-0.3961495252517042
0.9463322473993149	-0.08145450822452323	0.12064282096337879	-0.2885580537293335
0.9304389495816136	-0.08470851128296608	-0.07805414476308006	-0.34787264868481876
0.9460997687800576	-0.08312368280519018	0.1192411803404913	-0.28942567574807515
0.9330717938683435	0.08380918987403434	0.08987462784028988	-0.3380467400383249
0.9716974047788232	-0.05721772257861117	0.12221048827932554	-0.19389399764702828
0.927041700954501	0.0066735736588117225	0.10272229473364404	-0.36055135316714626
0.9305530782436411	-0.09035757869051186	0.07202261433102823	-0.34744671471953187
0.9405503454450114	0.13057638426869803	0.04615479914428769	-0.3101364055871763
0.9783796732300158	-0.09105057693281095	0.07705238058943546	-0.16895543227736248
0.9556336515336372	0.10820915437897466	-0.10304343973872998	-0.2538447409183116
0.9256072439618546	0.08708129288743795	-0.04221067860330108	-0.365904819544975
0.9468649284035779	-0.017142820920251624	-0.14501907149938456	-0.2865700611571972
0.9320715748905518	-0.11314235819932744	-0.04034954226954108	-0.34177960808213825
0.971783616691818	-0.06808346543267758	0.11632294673114958	-0.19357225040751355
0.9836952459516929	0.0050843372842411146	-0.10040816829387866	-0.14911744480873662
0.953426494830507	-0.09365733887776471	0.11627238317622154	-0.26208196187465965
0.9884366639982833	0.06279887167535302	-0.042159933346098355	-0.13142223175893708
0.9690324193409711	0.1393627232053223	0.0018744735571169166	-0.20383985870252314
0.9305315218335127	-0.10944266122247812	-0.03685459030273311	-0.34752716433735986
0.9598558345391537	-0.1052569102285686	-0.1044613735158541	-0.2380873394228701
0.9542726758520277	0.06894287644719672	0.13254779134517744	-0.25892397130994377
0.9497797430735561	0.028100397888797445	-0.14533693636299216	-0.27569182471419157
0.9359228203957668	-0.10233377737537833	-0.07988250121009749	-0.3274065641842547
0.9861854600367337	-0.0012452945246131907	-0.08880304955934153	-0.13982383932164072
0.9604224284836724	0.08459227123076211	-0.1214485596965502	-0.23597278203466543
0.9851152059391697	0.09193677379789733	0.020298274398603704	-0.1438180819907583
0.928874065168814	-0.09721205650612343	-0.051283407622447	-0.35371287682135927
0.9625884729398448	-0.14559664827932187	-0.01707788492942705	-0.22788899407277718
0.941272097790678	0.03190458776832494	-0.13589652899154495	-0.3074427891626661
0.9242767427292019	-0.09011239823219507	-0.0068895537325528375	-0.3708703177447681
0.9467085105417389	0.13520561065790793	0.054818995334717485	-0.28715382056479155
0.9848458091906787	-0.09450948024651944	0.01314719155150891	-0.14482348434352066
0.973830134359435	-0.11068544325969575	-0.06951221455015631	-0.18593454249337982
0.9553124960039684	-0.14667543847870193	-0.028587775660504078	-0.2550433096721673
0.9895020638396139	-0.058509808877710665	0.0349250359388531	-0.12744610542071544
0.9805111461076693	-0.019638151642147893	-0.11086487504566998	-0.16100066720300465
0.987692668171729	-0.0434407752867664	-0.06757779017122247	-0.13419886198425707
0.9711572733388335	-0.03849755018977767	-0.1303489203986551	-0.1959097956238347
0.9235238250898421	-0.06477247343241843	0.057195681227285695	-0.3736802446287734
0.920775214372876	-0.05525064879190081	0.041374259978503816	-0.38393819947471924
0.9223926951362574	0.07703394049526713	-0.0211614960574995	-0.37790167908551453
0.9695738251018152	-0.058701018310841346	0.1254980330450835	-0.20181930489554245
0.9333083592515222	0.0710691407594895	-0.10102084557560942	-0.3371638660089901
0.927506006255347	0.09252071103649895	-0.049211585701039035	-0.35881854219416537
0.941093289390694	-0.045708293645372565	-0.1316143302778258	-0.30811011119622667
0.9490524975936425	-0.1433705056796496	0.03513383676427831	-0.2784059417948039
0.9678966357912453	-0.008727368960684836	-0.14072386596116704	-0.20807866061650085
0.9887588514732293	0.05994272561441215	-0.04249239827910388	-0.13021981173287656
0.9390101209337731	-0.0936316937287642	0.09853941907059442	-0.3158846017181802
0.9259035724432257	0.04185187149988058	0.08872853619119353	-0.3647989065967684
0.9479914718959174	-0.058395466719005876	-0.13480254269349665	-0.28236574360685013
0.9738519667568197	0.08371562328114238	0.10031291183954694	-0.18585306287708891
0.9922674188911638	0.025010125256416563	0.03257979193243191	-0.11712565986736428
0.9898768443013046	0.04471951326362522	-0.04749789223600014	-0.12604740569600167
0.9313718777915186	0.11619374760953732	-0.02098421256415973	-0.3443909132056387
0.9488135456142515	0.037904412529139245	-0.14250927426585655	-0.2792977227224605
0.9282421822102124	-0.09282513346820802	0.054436387324446694	-0.3560710961272972
0.9805099967102945	-0.020900008002649968	-0.11063787732283546	-0.16100495681240565
0.9331052893661532	-0.0889351850239971	0.08493499923005453	-0.3379217331386743
0.9254937971728008	0.08376144039483771	-0.04742252618205499	-0.36632820872567934
0.9264953661382433	0.053588143978728325	0.08522276639316881	-0.3625903024593635
0.9284388339577031	0.011528061851330956	-0.10772150486095425	-0.3553371818142647
0.9498565079958192	0.039608106309818855	-0.1426734525710705	-0.27540533412406665
0.9323160878892793	-0.061111384576254285	0.10421971685660714	-0.34086707314777587
0.9279622589268296	-0.025253678560518376	0.1035210824608066	-0.3571157840431035
0.9414905496328122	-0.09310425969727934	0.10443518726706544	-0.30662751578881436
0.9514877899147939	0.1458148099619953	0.029617814300002397	-0.26931730712098456
0.9184338463924379	0.03079772879809476	-0.0365525674224609	-0.3926763037369293
0.9180899450413285	-0.037978502043975106	0.021545135606648363	-0.39395976105206154
0.9293958324705869	-0.0010329884071045951	-0.11172856307520561	-0.35176561474141455
0.9730509572970009	-0.04213405885445989	-0.1254395343595906	-0.1888424708784761
0.9286606281057975	0.09966407814199865	0.04449235870174468	-0.35450943478475505
0.9458950269159252	0.10159587510182909	0.1036859015671127	-0.2901897827874538
0.9872979903574856	0.0003408332632361087	-0.08267840966314967	-0.13567181963963362
0.9642831696709144	0.07149071181901907	0.1263182800741645	-0.2215642997690044
0.9515247473200693	0.14736965554106302	0.020622830423585183	-0.26917938020678056
0.9515424436339467	-0.12221361094431195	-0.08490478957341303	-0.2691133366642836
0.9866029923030561	-0.01803880209951921	-0.08468627077767389	-0.138265587689926
0.9477084901270497	-0.09932580451461824	-0.10795860104346139	-0.2834218459458802
0.9719985648584347	-0.11365581734966164	0.07169973353916534	-0.1927700529287063
0.9419723333758668	0.12558632533286498	-0.06320751214948175	-0.3048294743814738
0.9778900591150079	-0.058867500398689515	-0.10535141231034922	-0.17078269703067472
0.9760783889047244	-0.12360140107561436	-0.021721439113522274	-0.17754394230201195
0.9891415848965934	-0.03041659213833004	-0.06392591972737051	-0.1287914311511265
0.9641298656100982	0.01415155193488949	-0.14459854283537188	-0.22213643831297722
0.9280986694786125	-0.013282278098971582	-0.10624550510870992	-0.3566066929331609
0.9287398194206239	-0.09172793764072355	-0.05967289399812036	-0.3542138887743045
0.9790858646975861	0.11111247191750218	-0.03718309262554776	-0.16631988984051854
0.9527679083954629	0.12045845666247242	0.08798719253317658	-0.26453983991142005
0.9877428812717077	-0.05586106482438955	-0.0573102906269922	-0.13401146414393095
0.9795571199717107	-0.023340189517583335	0.11332570347589763	-0.16456114121415072
0.9663457445211697	-0.13753342735296162	-0.039006508908244954	-0.21386666563343804
0.9869670453412598	0.054431597383506114	0.06472825489347846	-0.1369069232547
0.9400894006920673	-0.10418065024775108	0.09013171022287654	-0.31185667482464574
0.9864062899738538	-0.01653443447747464	0.08607165352525437	-0.13899969077647595
0.9226904197695173	-0.07630359742959382	0.029138076030447577	-0.3767905556275239
0.9773180161955092	0.11546518251776731	-0.04020937478880907	-0.17291759027035403
0.9847491446240582	-0.015114142809596096	-0.09466900703693566	-0.14518424141744007
0.9868565992554839	-0.06271658713394031	0.05765538334160553	-0.137319113658313
0.9313548928389974	0.013017909049239076	-0.11730230826188873	-0.3444543019114121
0.9827785140637365	-0.07685156103814014	-0.07051357492625718	-0.15253873479150826
0.9613841293866818	0.09499766265928117	0.11275562915693034	-0.23238366540294952
0.930635768715789	0.016332368095174108	-0.11465361987145746	-0.34713810967617403
0.9187631179202235	0.037766192636438656	-0.03488474057547651	-0.39144744566574785
0.9314742788043436	0.11711154640048102	-0.017278174731560916	-0.34400874742302906
0.9286496032503997	0.10843408850039724	0.012076795145938367	-0.35455058010524554
0.9284919059763008	0.06949635205069024	-0.08336214399125863	-0.3551391143443978
0.9272008928421819	0.02122860237366855	0.10138360537376886	-0.3599572409541683
0.9604046745231624	-0.1247795972504377	-0.07961459992565595	-0.23603904071732434
0.9263075158749314	0.0714657327180948	0.0697597029484269	-0.3632913691862588
0.9233530709095101	-0.07061296203175621	-0.0481593117744288	-0.3743175079053773
0.9533100438064449	0.05824959183225275	-0.13744817049689603	-0.26251656301305304
0.9443027636827238	-0.1408447961131628	0.027581876508083338	-0.2961321900727852
0.9781436029306337	-0.07613248340912857	0.09270660352024762	-0.16983645862881447
0.9721518411972169	-0.13292812015881023	-0.017630498133810638	-0.1921980178447732
0.9254027463545176	0.04737047100486054	0.08330883679514102	-0.36666801500558316
0.942836237285427	0.12931524820636214	0.05806560482644395	-0.3016053410981379
0.969571315922586	0.13427240113222294	-0.034169780377293235	-0.20182866927991103
0.9350931486379924	0.11531294005922836	0.05542143080249941	-0.3305029413378737
0.9477793690431993	0.03358278575415061	0.1428579538731197	-0.2831573222296245
0.9815897009764382	-0.06953399071833755	0.08369822303832479	-0.15697544563400828
0.9782278179783997	-0.07952477092271036	0.08948956881256442	-0.1695221637917897
0.9769471863015515	-0.022829883558965577	0.12112787689095789	-0.17430154627556965
0.9737095059992551	-0.014923170021480168	-0.13010698667170387	-0.18638473366240477
0.9603052550135145	-0.14537049607634908	-0.028133795196380873	-0.236410079378594
0.9487841828979889	-0.06846371132291741	0.13058656875871014	-0.2794073058714004
0.9236709781185264	-0.08662315813048335	-0.01007785647223695	-0.37313106204923613
0.9663265413164287	-0.11426442501507378	-0.08594792847860155	-0.21393833296919956
0.9781251414423773	0.02316854251271515	-0.1177565101941183	-0.16990535784097088
0.9671609565548588	-0.10759845790298433	-0.09260340360881064	-0.21082425290476892
0.9313742060945288	-0.09629937853496298	-0.06833302133270647	-0.3443822238605093
0.9872344002991179	-0.009327273371895347	-0.0825223984063762	-0.13590914096831797
0.9176158477490582	-0.027387641550713694	0.0250906280171098	-0.39572911623454465
0.9195809279586801	-0.03475787847462105	0.04808189862529156	-0.3883953370512876
0.9247599158999662	0.005793237448650061	-0.09260139708700046	-0.3690670909226216
0.9672652874005696	0.053382886646895944	-0.1313974521267635	-0.21043488488777937
0.9852856732505595	0.010957553156434877	0.09268775909327874	-0.14318188932362202
0.9374678214768649	-0.056289464339652866	0.12055265184010638	-0.3216405416518476
0.93099447757467	-0.061988493973359884	-0.09914379064333652	-0.34579938998970494
0.9867607728343245	-0.04450096138907113	-0.07326633703069632	-0.13767674273078706
0.9664035574595918	0.013536919592578314	-0.14224699227504042	-0.2136509048099119
0.9796175407021502	-0.08208232580625653	-0.08127583000161953	-0.16433564797831998
0.9766779599530753	0.010923046445336433	-0.12348500447586029	-0.17530631268681934
0.9360489655789348	-0.12842845040745374	-0.020771623348626474	-0.32693578395154155
0.9304340143668927	0.012695936432645223	0.11446905040070085	-0.34789106715690316
0.939042812134252	-0.05239968705428308	0.12548646313073447	-0.31576259649703253
0.9768052895293065	0.047542090535309306	-0.1141282531556844	-0.1748311122390182
0.987328669084407	-0.05193870226746931	0.06409900178703869	-0.13555732507205126
0.9753501463494947	-0.050683984382626904	0.11674294936941723	-0.1802617805183629
0.9529452714114668	0.13060070652885958	0.072161018850925	-0.2638779121243096
0.93991727352356	-0.13627381410789358	0.018146698538473414	-0.31249906216287787
0.9795931117297969	-0.11394810670130542	0.01941612488774232	-0.16442681814431942
0.9795619297982757	0.09399891268767374	0.06744011045848197	-0.16454319069703444
0.9761031400594967	0.08117194469817775	-0.0956280071869224	-0.17745156973485576
0.9884734597002844	0.06378191177897764	0.04020398043559191	-0.13128490832956852
0.9812789453450906	0.0660497705211871	0.0878767164975585	-0.15813520143893545
0.9773273120066817	0.04949946113209262	0.11177044417494872	-0.17288289783076083
0.9814162013717812	0.04590056694992252	-0.09934979468536298	-0.15762295497368128
0.9183702825420865	0.04302919874012515	0.019064949478734602	-0.3929135272559652
0.9793437036260298	-0.11622444664905138	-0.005886005621580811	-0.16535762185939756
0.9475289628721183	-0.1345729729746677	-0.0580585892194122	-0.2840918507826274
0.9865692310851206	0.04038615613115842	-0.07679765307985795	-0.13839158627058645
0.9252621695281629	0.07005096547238152	0.06443860714215466	-0.3671926548639058
0.9525078756578618	-0.1243893511158542	0.08222116046704994	-0.2655102952997784
0.97595323837558	-0.12422994565910409	0.019856416331548575	-0.17801101043537293
0.9840652718232381	0.03380349328184064	0.09298814073102975	-0.14773648945601486
0.9762507439475157	0.011060262509238084	-0.12457245391166988	-0.17690070452537443
0.962434088468986	-0.14495977745985858	0.02260435272172394	-0.22846516476192183
0.9527759499359361	-0.0002806346354851594	-0.14917258832853728	-0.26450982847380305
0.9743028720124147	0.12416442187187729	0.037395516961052394	-0.1841702615538084
0.9365724626484103	-0.11794376505936156	-0.057514755339622366	-0.32498206629064536
0.9511447388407247	0.11820406522706513	0.09015779721328007	-0.2705975911590019
0.9686821530209883	0.04281799056030106	0.13317727136150537	-0.20514707040487934
0.9791506395164181	0.09257357848942555	-0.07149969799946576	-0.16607814692558642
0.9455503482831995	0.0009852582250572395	-0.1448282685822231	-0.2914761409570696
0.9457758504396568	-0.0869615098123463	0.11609173835181315	-0.29063455545195443
0.932430321970259	0.11798254355377157	-0.027457471073488147	-0.34044074575360384
0.9798181763628683	-0.024502820708639177	-0.11222874178467039	-0.16358686549871
0.9187417482478759	-0.012996152688469076	-0.04950912016284583	-0.3915271983686897
0.9849150655604269	0.07646251754711961	0.05653983707165293	-0.14456501605287242
0.9383940860560235	0.1306848738411066	-0.0331232826334288	-0.31818367518117624
0.9522642485125596	0.14842901442997902	-0.013500585677911892	-0.26641952418414894
0.9746713215547671	-0.07466348123023062	-0.10500999160036192	-0.18279518914172388
0.9638308387140447	-0.05255602493574719	0.13574363598566938	-0.2232524218818785
0.9925206513638841	-0.029521012644412526	-0.02309412190285509	-0.11618058341304557
0.9456247131864417	-0.0781049262148929	0.12205283029777886	-0.29119860735986947
0.9462817025848558	-0.1109602135856293	-0.0941494536944736	-0.28874668954495436
0.9778112056726712	0.005556401885149689	0.12077681342102689	-0.17107698208382704
0.9293019851878859	0.07741080496082046	0.08012371964591095	-0.35211585756860686
0.9748383377687754	-0.08915908974054244	-0.09248934789763319	-0.18217187614535713
0.9200006402234084	0.06046825007035482	-0.01748646643284725	-0.3868289495547618
0.9730570564382626	0.11482058512258603	-0.06575192622323073	-0.1888197085734047
0.9299796142026576	0.10426648929838417	-0.045336603039149506	-0.349586911656796
0.9800216727077333	-0.10004606188155693	-0.05509575409907979	-0.16282740680051938
0.9808356235464882	-0.00046835632781927483	0.11148323508887546	-0.15978970091542247
0.933569262665513	0.10815491345339041	-0.06105015975602858	-0.3361901612121082
0.9539196857857324	-0.13665187870518308	0.06031531993160839	-0.26024134817192507
0.9382361284644661	0.04032884844773198	-0.1283363173126036	-0.3187731809383097
0.9521488507913862	-0.14725621643180709	0.022784785233206137	-0.2668501943426458
0.9806745197834307	0.09497958883149059	0.059423123799649154	-0.16039094834444392
0.9880711997022299	0.06048536307022974	0.04924083739851931	-0.13278616308016067
0.930543804897053	-0.05769865832579036	0.1000790784269767	-0.3474813233201548
0.9832805355935641	0.10161303685701305	0.011583917231567792	-0.15066516493569837
0.9437477654709154	-0.12688310796690178	-0.06569262978899221	-0.2982034715973638
0.9931447854093671	-0.008398920763683697	-0.025115306134141473	-0.11385128344456924
0.9884264206897198	-0.030847114964279634	0.06913619715300107	-0.13146046030693392
0.9694774527750684	-0.11421549243282961	-0.0786889662337468	-0.20217897131540538
0.9654754844274581	0.0724907362294041	0.12435218980903401	-0.21711452051896932
0.9609416728141017	0.09802056794816301	-0.11050212001516789	-0.23403493581196128
0.9188736228626557	0.009193825783343445	-0.05175267822303537	-0.3910350356061032
0.9453513605770639	-0.12643874462274618	0.07022989043651301	-0.2922187731864489
0.9553759826728772	-0.06580142583730891	0.13416637342337334	-0.25480637419819635
0.9649110044068704	0.016858243013544452	-0.1435431073586922	-0.21922118863566026
0.9731855517730121	0.10773472293278938	0.07636161591047398	-0.18834015745558383
0.9455817591117978	-0.09503502727677954	-0.1093318964051789	-0.29135891414883275
0.9784118167292459	0.11514672801574735	-0.030759252405771223	-0.16883547110510283
0.9343646964273312	0.0915301453330897	-0.08688059152967642	-0.3332215619989469
0.976588362851861	0.08755319182134536	-0.08809060613160849	-0.17564069362076157
0.9819468255006163	0.07084326236311562	-0.08085192060325372	-0.15564263876514664
0.9736350042123383	0.1310800238283319	0.0031485221071375982	-0.18666277811643284
0.9747947365993777	0.06814466453800119	0.10902119331922461	-0.182334597924819
0.9668522091234388	0.09944800360573346	-0.10184722775815505	-0.21197651400553447
0.9749431269296461	0.11964722229419268	-0.046110552450932527	-0.18178079767290495
0.9406338354051584	0.13047368195878845	0.046831494672693735	-0.30982481681398527
0.9785801235944387	-0.11421103230573777	-0.03229662718077989	-0.16820734133294057
0.9573547040213289	0.07073409667961009	0.13134370085424263	-0.24742168559175332
0.9655781979351665	0.1435197160539068	-0.009403547839901414	-0.21673118848957773
0.9908286265098778	-0.04369453981298502	-0.036664970390834384	-0.12249530613586618
0.923099834844678	-0.083930329878456	-0.004514128310695892	-0.3752625977656397
0.9730309348074089	0.05254485425800485	-0.12149128083823665	-0.18891719582692737
0.9752539968220929	-0.08697944003797047	-0.09322237913387582	-0.1806206154397503
0.9612275614387837	0.12764423753457865	0.07398947052093144	-0.23296798493934195
0.9708827076338756	-0.0196099060649052	-0.13497787496003782	-0.19693448878475345
0.9554370501269119	-0.11224783987404857	0.09864212916665058	-0.2545784673570498
0.9480442658295528	0.03359565011484212	-0.1430532040216491	-0.28216871396419146
0.9342102677842502	0.06693008887252012	0.10653873646311844	-0.33379789754106937
0.9749103088482968	0.12316377462708	-0.035941234656463615	-0.1819032764199079
0.9774870550252828	0.11668271712834438	-0.03494973349768254	-0.17228672876918724
0.9815659341790267	-0.034755629056739484	0.10320473638039596	-0.1570641445294811
0.9514211277235619	-0.1440147116505831	-0.037305785339704814	-0.26956609380560614
0.9412434258819903	0.13073453103449398	0.04881003715775666	-0.30754979418263895
0.9547853010487636	0.14217290236224156	-0.04601444349552099	-0.25701082803048564
0.9893567043047322	-0.06840327912148789	-0.010640615936911478	-0.1279885945902586
0.963435103044609	-0.048714644392449095	0.1375369586750454	-0.22472932750657973
0.9644354761677613	0.09584880541413385	-0.10880274805022391	-0.2209958841844491
0.9784596647587628	0.03734509709344366	0.11303485437550297	-0.16865689982790377
0.938132720082926	-0.12815818671076937	0.04024852261118424	-0.3191591062721458
0.9765854025468771	-0.09513434287473388	0.07985533169874366	-0.1756517416293674
0.9293139804363352	0.06993678840297606	-0.08677740773056342	-0.3520710906919449
0.9551942447497397	0.08529854610420153	-0.12270173996220396	-0.25548462936100735
0.9617761547423653	0.10757206222271491	-0.1004517442686848	-0.23092060685768323
0.9889205733942612	0.027787923290385753	0.0668098546513007	-0.12961625730688778
0.9347500299186647	-0.022808116676989676	-0.12506756261630544	-0.3317834778314326
0.9759795391026591	-0.06094588176300774	0.10998433911750818	-0.17791285478563765
0.9394173635877404	0.06982206213299474	-0.11745083941721975	-0.3143647514425649
0.9570881289111248	-0.1250069726807095	0.08151554615380932	-0.24841655744706814
0.91934384225224	-0.04618706851220501	0.0336840753422122	-0.3892801529534705
0.9314898108394077	-0.11819305787272286	-0.007415764841751476	-0.34395078107902477
0.9267700545082649	0.044901698625298844	-0.09138788072612652	-0.3615651515061951
0.9206010724760206	-0.008788653424704588	0.06714472236485472	-0.3845881058815099
0.9559636949766066	-0.09967626894978038	-0.1112866861090902	-0.2526130020204447
0.9424082734718765	-0.0559865253032782	-0.1296162977449392	-0.3032025237941091
0.9775682389400873	0.07332377722991029	-0.09698222994829887	-0.17198374627437948
0.9296528462577037	-0.05694527125324643	0.09714768573067666	-0.35080642622964886
0.9288220500634441	0.10539078794996658	-0.030532222279822573	-0.3539069998373604
0.9367082528284624	-0.019529414201836754	0.13004628775236168	-0.32447529043952245
0.9352842495553089	-0.12135749977141273	-0.041886217203758125	-0.32978974300507563
0.9720313800526664	0.13361169405833437	-0.013777496658340365	-0.19264758495657325
0.9480278386635921	0.1465130522219401	-0.011106660337235737	-0.28223002098218125
0.9815798545467075	-0.03970008146777379	0.10135119104231381	-0.15701219301003635
0.9277130282650776	0.10529165377977093	0.008082081349515546	-0.3580459255355657
0.9192675294105475	0.02577216666528906	-0.05022100731966285	-0.3895649563559369
0.9821086725713232	0.012117674779207879	0.10620143300275682	-0.15503861727421275
0.9810142063658006	-0.10890881946024188	0.020731535570114923	-0.15912322076038998
0.975007698847151	-0.0696485684955793	-0.10748190896957563	-0.1815398119960346
0.9598620743411329	-0.133558360280649	-0.06443965943059539	-0.2380640521648545
0.9397122275723786	-0.12405817663221892	0.058446333989624066	-0.31326430407057304
0.9681203750377273	-0.13885076013171482	-0.02265995512949865	-0.20724365438098286
0.9811268983917429	0.04794871088366206	0.09952085092851044	-0.15870264839396506
0.9596408163965748	0.09936486729447902	0.11021701791582367	-0.23888979805552332
0.9250273465884953	-0.0940688485685735	-0.0008073956728925566	-0.3680690260055279
0.9527538810886281	-0.05377051521600609	0.13913930599508276	-0.26459219053322053
0.9646854493783971	-0.009520058932682433	-0.14444251737944108	-0.22006297146182513
0.9839205272393678	0.051953402649255145	0.08494271676608048	-0.14827668359713894
0.9550281344277036	-0.12089047023433536	-0.08784765349982483	-0.25610456152250777
0.9646865756299984	-0.09859283431315849	0.10598774620145572	-0.22005876823362688
0.929760162462686	0.08514974375763848	-0.07423782712926769	-0.35040591670017934
0.9767108972437323	-0.03080839787690448	-0.1199893579799549	-0.17518338904462355
0.9202142391735307	0.06402383058502677	0.009282361793366863	-0.38603178742046185
0.9722166672093294	0.10208860544788095	0.08674981557260243	-0.19195608387391716
0.925640521119242	-0.08884357812141944	0.03874244226020292	-0.36578062750287366
0.9826999291988215	0.08033854347765167	0.06699956724768258	-0.15283201750007702
0.9474632814564778	-0.13143144765860554	0.06474247659724297	-0.2843369771629109
0.9711279187501989	-0.1240700902044723	0.05562007890768948	-0.19601934844005445
0.9228972523170854	-0.0823131299500372	-0.009756440186800708	-0.3760186460513409
0.9786110714002771	0.07220561728303591	0.09408428260874795	-0.1680918425491687
0.945603228085162	0.08035006272213113	-0.12056147169287634	-0.29127879084945135
0.947205625315855	-0.13466639619209544	-0.057194362253160214	-0.2852985629705974
0.9318126181469968	0.10856304001572759	0.04964330486497433	-0.34274604780604806
0.9720996403141977	-0.12721116079636963	-0.04271542135181357	-0.1923928341924006
0.9825035627355682	-0.07693675661774173	-0.07200914025412038	-0.15356486711784118
0.9842984816696411	0.08699417687459093	0.04493160965821416	-0.14686613846041344
0.958496169253089	-0.1094842445038829	-0.10084984594635615	-0.24316167935175126
0.9486741478292935	-0.017192678014886168	-0.14636830604961482	-0.27981796233838596
0.9383811765891299	0.08650057514403893	0.10337748808780574	-0.31823185396752196
0.9318148113531924	0.09589264831696002	0.07110917555635557	-0.34273786264909434
0.945601929174312	-0.1266249173106776	-0.07040570877977996	-0.2912836384507379
0.9935214037059452	0.01642566477899703	-0.0011734065530611308	-0.11244572482668008
0.9807781849365443	-0.007978582651752001	-0.11139655938398133	-0.16000406472604922
0.983108124718918	0.045601789632687226	0.09232873933447894	-0.15130861107965488
0.9470122088650949	0.0981580356352201	-0.10828298745909386	-0.2860204029918537
0.9680659529916245	0.003281206991689399	0.14072450395170708	-0.2074467602220903
0.9312482627323784	0.024986476003411293	0.11501858212078364	-0.34485225088693083
0.9553653013591656	-0.11505085676634522	-0.09536160966257916	-0.2548462374036594
0.9394859349955281	-0.11375028743071512	-0.07591236411226293	-0.31410883946475465
0.9815777664677087	0.10072488594329657	-0.04128328691950872	-0.15701998582695026
0.9244882548485416	0.07073678580793595	-0.05794712106502229	-0.3700809437689758
0.9338970676956114	-0.12159958941421439	-0.02910439238658273	-0.3349667761848044
0.963444185795082	-0.1356802452535353	0.053648257601597	-0.22469543022034225
0.9167810101191144	0.018876781572646644	-0.008893475351873438	-0.3988447726855655
0.9829186893878884	-0.10365242291178867	-0.004276055656498367	-0.1520155933598059
0.9500399324386581	-0.09191061577271908	0.11621125542678584	-0.2747207847840417
0.9871509228848818	0.013515321026825233	-0.0824276476068815	-0.1362206829195314
0.9857899423095211	-0.04418713487922793	0.07937264068611236	-0.14129993157489226
0.9798838974473083	0.11440761822516982	0.007613740305314025	-0.1633415910724516
0.9685907413944445	-0.13992309303490214	0.005300361342594217	-0.20548822323954336
0.981587391744471	-0.10573926383183908	0.025717779139018754	-0.1569840638050366
0.9861584444661503	0.05514930019651935	-0.06979373779373578	-0.13992466280365312
0.9354188988092849	-0.09950546635176254	0.0816092474591563	-0.3292872251480357
0.9860635238872524	-0.03829418257268048	-0.0808338388620274	-0.1402789112267843
0.985507987540772	0.086184131741194	0.032896090529239114	-0.14235220109730046
0.9276638530426919	-0.0921515904883033	-0.05118125933352222	-0.35822944996398276
0.9315050207989871	0.1184684657411787	0.0007239500239864423	-0.3438940167370935
0.9831837192112972	-0.08370772624002361	0.0594456944507929	-0.1510264885933232
0.981172453740159	-0.02963021677136048	0.10625474288280005	-0.15853263351911973
0.9243845390913764	0.01800751323042166	-0.08912015650862173	-0.3704680162442615
0.9773408555555336	-0.11423924311895657	-0.0433961436304937	-0.1728323526183307
0.9836041135215997	-0.061295420206851844	-0.0801764203415295	-0.14945755566806135
0.970840090082385	-0.022389251505963992	-0.1346193802288199	-0.19709353965221088
0.9259170737163007	-0.08588480900114918	0.04753829986752822	-0.3647485191596857
0.9539793302041402	-0.12896728004122396	0.07537324950487469	-0.26001875217203957
0.9664827874171642	-0.08596559132089293	0.11401969630523415	-0.21335521458277018
0.9925889946193759	0.03635549864199887	-0.0025765513295844212	-0.11592552291119557
0.9447851519172482	0.11570119656149855	-0.08580784804855704	-0.29433189267256665
0.9269132415419475	-0.09111154753571986	0.04676870228166857	-0.36103077022150626
0.9725884388896892	-0.02064517271954	0.1316400740373159	-0.19056861307399933
0.9718522223168886	0.07195323069688155	-0.11381930082091446	-0.1933162107290649
0.9652120979421983	0.12424593150175024	0.07322594048179307	-0.2180974922639859
0.923946941688224	0.049317342966651634	-0.07369247803076256	-0.3721011519860867
0.9801796402573724	0.04890982377549701	-0.10263808984511225	-0.1622378638793192
0.9779006242048913	0.0306256363743123	-0.11670122601321822	-0.1707432675784433
0.9432111775919438	0.1315017359784103	-0.05418762359770279	-0.30020604482441166
0.9860106841833775	-0.08788447852904238	0.018047469501390908	-0.14047611168630242
0.9318482140618151	0.1127522035328561	-0.039522655956506225	-0.3426132020434043
0.980322427910775	0.11321999768044357	0.0008192279316501794	-0.161704973102127
0.9371679566103309	0.12254122557948824	0.05026008167254273	-0.32275965256915734
0.9380574245702846	-0.06285117041029042	-0.11855805676770378	-0.3194401129509055
0.9322270503230442	0.0795466374564365	-0.09059829935564431	-0.3411993658687478
0.9358103890855166	-0.06773503370902612	-0.110457627090456	-0.3278261635464698
0.9433569423678799	-0.07992453345755823	0.11786605982372239	-0.299662043274664
0.9234188995163733	0.07469828478699621	0.042284354321740325	-0.37407183219997237
0.9879251811918663	-0.07483216515767271	0.02503593636672678	-0.13333111157968294
0.9260844141785278	-0.0890914159944418	0.042942902911691505	-0.364123996052492
0.9287060884937993	0.04464655796798357	-0.09977479842236106	-0.3543397743070005
0.9217775352281271	0.07526882858696338	0.01051901998724053	-0.3801974871174363
0.9845896765212576	0.07264052890349923	0.063678045739704	-0.14577938447927805
0.980410857231646	0.04004130148161294	-0.105590580008859	-0.16137495038375743
0.9340103924152465	-0.10044421496916338	0.07493973535974163	-0.33454384257337255
0.9367193970405472	0.03362192795783678	-0.1271578219550603	-0.3244336996738112
0.974154901128527	-0.08568842194450123	0.09776155825168106	-0.1847224964105182
0.9825447703457849	-0.05432216504835874	0.0901105861101184	-0.15341107822285383
0.9911606777882191	-0.0517904591342854	-0.014670504176029804	-0.12125607389437826
0.9215779792409298	-0.07430733932814547	0.007446954485952707	-0.3809422402006115
0.966255635995843	-0.09540267705236502	0.10660895407533634	-0.21420295522815236
0.9321191370376666	-0.08451303389410357	0.08555386721615477	-0.3416021037325886
0.9776871940515454	-0.07637037781597819	-0.09417756144651973	-0.1715397997545977
0.9631452534121444	-0.12184186675449249	0.08071644837156366	-0.22581106106149298
0.9218583220250022	-0.07525361316587462	-0.013898457392868668	-0.37989598668691765
0.9354896453676139	-0.06668055945899072	0.11025680609546509	-0.32902319539789104
0.9804098116377498	0.11055053163156313	-0.02306614697082756	-0.16137885259330234
0.9525996569592186	0.1349239543528677	0.06352540959362257	-0.2651677628199304
0.9575889039189531	-0.13500211082587496	-0.06334179137579027	-0.24654763967469234
0.9866204535845894	0.07995293661577997	0.03298866544031308	-0.1382004213000786
0.9658310175868806	-0.1315685623191906	0.05740947497365681	-0.2157876527042292
0.9665157121827549	-0.12981238247048071	0.05939775775812431	-0.21323233768475838
0.9566335876244672	0.11557710466198888	0.09453906516521315	-0.25011292862301254
0.9723515419282385	0.07103176175083513	-0.11328204618103238	-0.1914527245702919
0.9829492880672186	0.10361566000793936	0.0006763996709505012	-0.1519013975339012
0.9724346556823729	-0.02192895991598226	0.13173644377010407	-0.1911425398170546
0.9277165652754553	0.10483777261601555	0.012789980788216054	-0.3580327252331293
0.9435566425890094	0.0690305420018505	-0.12483758219691646	-0.2989167519031263
0.9890546870685462	-0.01968559319694811	-0.06864713789867109	-0.12911573826046654
0.9220512603885763	0.022424179823956024	-0.07445967225677924	-0.37917593091132984
0.9422673842175462	-0.022502499529212246	-0.13919380705720777	-0.30372832964951035
0.9324643741665036	0.06092840324281848	-0.10480712080174306	-0.34031366122710954
0.9719061159031726	0.0914945698536685	0.09866008586855811	-0.1931150771268514
0.9620783674441749	0.09880714494423239	-0.10880102270969784	-0.22979273369983746
0.9332950033327334	-0.10180818948537762	-0.06987447629374863	-0.3372137109764918
0.9309962970448185	-0.060827833006517645	0.09986664938038753	-0.3457925996346684
0.9833382160214177	0.05139579715128616	-0.08814336585189891	-0.15044989864834613
0.9740749102840537	0.13013486681927447	-0.0031945919349063087	-0.18502102630623307
0.9405125438970646	0.10187242495603822	0.09373391819705273	-0.31027748288471824
0.9397745024890838	0.11662110791015079	-0.07234940863535592	-0.31303189091739236
0.9310527336631502	0.014267001724411848	-0.11623406618816891	-0.34558197530764667
0.9506387299334748	-0.11073343676626951	0.09887096635342438	-0.2724860421099411
0.943918454887475	0.14145391217677405	0.021516251387366216	-0.2975664500224495
0.9859783701788627	-0.049112427205239506	0.07528073058596993	-0.14059670919294753
0.9916204183178241	-0.04066010702294456	-0.027309679892731982	-0.119540298879594
0.9655521617540265	-0.11465227614627567	-0.08688695055348959	-0.21682835684042773
0.9350709297067236	0.07469528922486685	-0.10380730719416718	-0.3305858635182589
0.987323984254893	-0.06621944853322402	0.04925247090423986	-0.1355748090938224
0.9219880373434967	0.07644175492603729	0.011888670911559748	-0.3794118825277763
0.9783721325132749	0.08519501192968662	0.0835124647818552	-0.1689835746153649
0.9392333560117596	-0.12612599922826678	-0.05172525565577444	-0.315051477065103
0.989536436752329	-0.0676156485577299	0.0059946735255874545	-0.12731782396405844
0.9255772218021959	-0.01787230897662744	-0.09496863950072253	-0.36601686377017434
0.9403600624586963	-0.12794763589659883	0.05221854947040115	-0.31084655135991984
0.9368948402106595	-0.06966357565452012	0.11199216341569992	-0.32377893684911135
0.9740714460791422	-0.12634015365118537	0.03139138487880918	-0.18503395489497051
0.9881803136909504	0.016426687535720838	-0.07553573142009426	-0.1323789441304396
0.9733050499021009	-0.08067460118715304	-0.1042336991555138	-0.18789418436641542
0.924374024018121	-0.029088402063744568	0.08608658194280668	-0.3705072590318961
0.9306522194532316	-0.09871143649233731	-0.06066508760092313	-0.34707671468821644
0.9181479989859076	-0.043761535792373435	0.007453222818624049	-0.39374310078131197
0.9334259226816025	0.0722182908773744	0.10058212262560702	-0.33672511331481825
0.9188049392747752	0.027967885627711436	-0.04366174113970113	-0.391291366245719
0.917949546154894	0.04012624897037862	0.011878393602549138	-0.39448373682956067
0.9281018964748443	0.013866983762337989	0.10618301363233086	-0.3565946496192681
0.9515941179680584	0.14845061378185737	-0.010621790608918227	-0.26892048542393177
0.9397774793341559	0.02666140834725792	-0.13463078841978343	-0.3130207811803368
0.9407703391874633	0.06357533331421275	0.12342342961701215	-0.3093153777629983
0.9620577635927192	-0.011379602535806534	0.14654459434925934	-0.22986962832030158
0.9327069696840539	-0.11940199564359018	-0.02455381756644991	-0.3394082824299237
0.9186196385032396	-0.04963964629659769	0.004822567610186226	-0.39198291813977204
0.9782043732260328	0.11966031858036236	0.005493206934787553	-0.16960966079879417
0.9881867540554019	0.01774378242875726	-0.07519491689448303	-0.1323549083630869
0.9538066763029291	-0.004490491177655438	-0.1492896689744053	-0.260663105303484
0.9593463519156086	0.13597247499495668	0.05976170046886366	-0.23998875445951381
0.9204412814749359	-0.057141253929851414	0.0339950119926722	-0.38518445401615076
0.9520457560153487	-0.05960573681622414	0.13653393890348847	-0.2672349492848131
0.919088652686031	-0.035318319148311315	-0.04179993693828541	-0.390232533380124
0.9424750647465792	-0.015323980536880923	0.1404466198103218	-0.3029532553634165
0.9854346594962596	0.0033195781158259774	0.0925493104964465	-0.14262586508504002
0.9791058682019879	-0.1101913959981243	0.039649422344495006	-0.16624523574576194
0.9715199740116734	-0.1225334423634264	-0.05729213811787041	-0.19455617828485677
0.9726229528710869	-0.12639697279591286	-0.041965193123471724	-0.19043980514185116
0.9743433062752406	-0.08600186073607462	-0.09693130063168073	-0.18401935883057585
0.9205634888682106	-0.037423956637845646	0.05609270800692309	-0.3847283698153886
0.9248374240961555	-0.04563819120475805	0.08121458768634399	-0.36877782639643997
0.9659993789203718	-0.07793133309468137	-0.120326116922875	-0.21515931965360977
0.9586783221044711	0.14630768998900046	0.027064267135032856	-0.2424818756556496
0.9854832188410153	-0.012194734910018747	-0.09156221165186512	-0.14244463914322958
0.9645091385631245	0.11870288490759864	0.08315046057253249	-0.22072097238234628
0.940074038897512	0.12122935518583289	0.06537505490595426	-0.3119140058224218
0.9657620908701835	0.03929555633806814	-0.13814502628385208	-0.21604489071294153
0.98287369128054	-0.10386740454198676	-0.0033230844712694337	-0.1521835285826747
0.9626648071166839	0.14652942120751097	0.0014023174891492005	-0.22760411104645983
0.94986635540615	0.13205432407506432	-0.06699034115757527	-0.27536858308838896
0.9787528586607925	-0.11334926400157998	0.03342951558647403	-0.1675626852890591
0.9398111882489728	-0.03812961348617029	0.13190070464749512	-0.31289497779757225
0.9865384234735513	0.0007040176208886577	-0.08693316798642409	-0.13850656184222343
0.9424813554210522	-0.10267569879125817	-0.09705743151787341	-0.30292977824666956
0.9306107604508804	0.10681647756245741	0.04454411841796044	-0.34723144179142196
0.9749079128758783	-0.10728145428732883	-0.07037894434610553	-0.18191221831070709
0.991042307449285	0.022604445983291283	-0.050138010433721236	-0.12169783801338946
0.9286272344619151	0.09035464358701832	0.061009672832027295	-0.3546340615603742
0.9354092794997158	-0.05113654540946112	0.11807121984401621	-0.3293231249000814
0.9908050188207649	0.05620026452560025	-0.010965958133557949	-0.12258341123108527
0.9749149633464861	0.08276868916652107	0.09801875168676828	-0.18188590559618145
0.9692769061602327	0.07346976272174696	0.11800396080252556	-0.20292742147125806
0.9543311838506316	-0.08331597686421315	0.12402356037362904	-0.2587056164865047
0.9211002912194082	-0.045750382808048606	0.054797201546557026	-0.3827249961670968
0.9806683313218035	0.10069112420167625	0.04917576575742948	-0.16041404399765696
0.9336381914206074	0.05144212202288334	0.11323653042112825	-0.3359329155959933
0.9867241477700097	-0.05938647459296825	-0.062097999475181825	-0.13781342933164054
0.9488865846962982	0.09896464847213945	-0.10938565066094053	-0.27902513715732397
0.9282346455249818	0.03289222995082539	0.10242991328710285	-0.35609922341949857
0.9363935422364239	-0.12041932622333053	0.05117151110128948	-0.3256498063586898
0.975885902892451	-0.12532032765868711	0.012808937805598261	-0.17826230987956254
0.9448282625560658	0.10813345787846905	0.09523723742863238	-0.29417100157815285
0.9914386246347048	0.04825213799960312	-0.01639005765944299	-0.1202187621414903
0.9495467088971519	0.06986430695587953	-0.13036008528648782	-0.276561520100432
0.935183552964177	0.04556038133890629	-0.11977764801464802	-0.3301655477993287
0.9260461037997144	0.06871421333224075	0.07089811979934144	-0.36426697233268057
0.9921241774617865	-0.02886370542392238	-0.031820904281459665	-0.11766024415954882
0.9846047571842683	-0.02308350875375911	-0.09373047049606145	-0.14572310267871028
0.954958826331002	-0.11212662716900407	-0.09878844799193527	-0.25636322286077384
0.9577596586402595	0.11613305432777794	0.09347533228881194	-0.24591037437914479
0.9894415044360912	-0.06569755764391	-0.01972741660846116	-0.12767211619153793
0.9285464407482173	0.1073983690183875	0.01696544180532955	-0.35493558780482615
0.9769646639288638	-0.019190830047082323	-0.12171056921550108	-0.17423631888244445
0.9929227511833011	-0.022014677674529685	-0.021639746237574344	-0.11467992645726702
0.9801769622459477	-0.11228378980793911	0.017919422094658577	-0.16224785835401906
0.953048979284779	-0.13735472346549446	-0.05834282253764935	-0.26349086907196345
0.9264482317503197	-0.08753652602123832	0.04931234225024566	-0.3627662103898786
0.9172451444975915	-0.03062503060298466	0.005003561958222337	-0.3971125996035491
0.9410861921711826	0.022029258684231168	0.1375620856389859	-0.3081365983800358
0.9691814601025692	-0.0005597061640342099	0.13915009696989114	-0.2032836310078401
0.9825755925234484	-0.0864058118519889	0.05982944286987853	-0.1532960482898138
0.9743415329249773	-0.12901161366900954	-0.012207396184933356	-0.18402597706385793
0.9786512307929139	-0.11354020901080075	-0.03385093170184368	-0.16794196565544714
0.9564037168913488	0.07363463386117407	0.12993659833202995	-0.25097081787818304
0.9937289556709462	-0.0018232252404203268	-0.005384900893623341	-0.11167113034808551
0.9249333936766674	0.036984382544886917	0.08600770076345877	-0.36841966304598855
0.9505461795935366	0.042433866482874054	0.14221227172367004	-0.272831444680848
0.9507843566617851	0.09017833497064635	0.11800093811220978	-0.2719425557609469
0.9741225841765627	0.07680471320196083	0.10497263258445427	-0.18484310491719472
0.9784033485953784	0.10330510176662916	-0.05948827211038733	-0.16886707461094186
0.9781641881606978	-0.11760340813286903	-0.023365064261249957	-0.1697596335043299
0.976819520649743	-0.1232302366895595	-0.009517521652138424	-0.17477800097450047
0.9743987159775591	0.07998575346684184	0.10179568632404559	-0.1838125670062909
0.9771271058463745	0.04622016880818035	0.1137493351194928	-0.17363007739301545
0.953581232020563	-0.10816828716737503	-0.10294593357084392	-0.26150447481955025
0.9187259148460785	-0.006536481722914059	0.05059788264759756	-0.39158628942865453
0.9197578289425729	-0.05884880765826474	-0.015614740306324969	-0.38773513359149103
0.9703806492485205	0.05799489414479633	-0.12439167554912803	-0.1988081961872647
0.9296625502448833	-0.07906300418362674	0.08022994140575751	-0.3507702104564585
0.9274941983756572	-0.07269038265973393	-0.0754204715910983	-0.3588626098010976
0.9666848418407128	0.0642555403971634	0.12724935576044263	-0.21260113720819251
0.9824441266607847	0.06993834846386612	0.0791316671482263	-0.15378668556873548
0.9794799161893323	-0.052621721140994414	-0.10331876180504446	-0.16484926965252356
0.9328733804808408	0.020921197217232214	0.12055195163960117	-0.3387872288813871
0.9267636107748788	0.0853881485179331	0.05541953076756099	-0.36158919984658233
0.9170069201791451	0.015223625050140526	-0.021476134421777815	-0.39800166486359007
0.9509698824524898	-0.07390973802890463	0.1289068724981002	-0.27125016408392244
0.9624852581885843	0.14363987654342283	0.029674984851009938	-0.2282741967685719
0.980350886897164	0.09242931936983542	0.06522882314179781	-0.1615987627189912
0.9848414698563036	-0.07128860412831911	0.06345613895841938	-0.14483967895987934
0.9633664027567297	0.11454376477525538	0.09047831549391497	-0.22498572047144005
0.933016606601467	0.04343021473472772	-0.1147995558858342	-0.3382527017222389
0.9185118920176683	-0.04283615420004492	-0.023129064011361167	-0.39238503349826137
0.9594876867851003	0.08597170423265825	-0.12103940558312039	-0.23946128554568946
0.9674995424111649	-0.10655481419704656	-0.0931399376328972	-0.20956063328631025
0.9757691488856446	-0.12566435785296537	0.012249372137306043	-0.17869804176495133
0.9891327080520927	0.0011797806672004703	-0.07084720688617173	-0.12882455998581394
0.9552623204673846	0.14599951361369926	-0.03186532007218214	-0.25523056732399513
0.9812436493930116	-0.019113689892655012	0.1083842561119287	-0.1582669277253964
0.9926723054608472	0.02093958848913209	0.028222176854973486	-0.11561460261800341
0.9303442043525373	-0.03903599539596925	0.10804784306340226	-0.34822624269350594
0.9724882759287486	0.13278756290423385	-0.013228988814321486	-0.19094242633326577
0.9926950517301014	-0.024495769597449132	0.02468556457794422	-0.11552971238546392
0.9187210380058168	-0.018286714332976874	0.04757282608347905	-0.3916044900442913
0.9615891346106715	-0.1464804760644664	0.015576964340107888	-0.2316185754912026
0.9276960627742431	-0.0935628517058658	-0.048823958952754105	-0.35810924160933566
0.9683714556506338	-0.10315895347860937	-0.09514482315543306	-0.20630660877682028
0.9280784815373009	0.039804576444844336	0.09931693438624807	-0.35668203535583626
0.9834737306259533	0.043297423944435684	0.09176876239575253	-0.14994415125905158
0.9452704165349285	-0.08129770521468321	0.11952434456608899	-0.29252086046426823
0.9329227484445011	0.11945881675005515	0.027069447623324028	-0.3386029851327406
0.9749054245640246	-0.10482707773784922	-0.07399502019535423	-0.18192150481697023
0.9762366333114771	-0.08635882872705489	0.09050798138674471	-0.1769533661359969
0.9350445161554186	0.02843168521520702	0.12462420740290509	-0.33068444023373705
0.9858851699562148	0.021814642240066382	0.08768802933888625	-0.14094453715914607
0.9413824949359472	-0.10090635059365573	0.09669025755646027	-0.3070307814075112
0.9922445627800938	-0.03265130420121555	0.025420676917437553	-0.11721096003514075
0.9599229074745537	0.14462116516733806	-0.03265397823103689	-0.23783701982014482
0.9812142523747387	0.04956535074523871	0.09838042079456792	-0.1583766388911817
0.9168197099890407	-0.007900464826557374	-0.02042642108904892	-0.3987003428047539
0.9730186641054912	0.018560150759878536	0.13108466061326612	-0.18896299070992878
0.9434166288349765	-0.12415103516562565	-0.06991206120173611	-0.2994392903469358
0.9587748163763252	0.039703297571407954	-0.1433581383155262	-0.2421217541304509
0.9806750122254952	-0.01704043589974725	-0.11073155451661262	-0.1603891105256392
0.9549446597859855	-0.1149873158003196	-0.09544318276852314	-0.25641609312654307
0.9176748979909211	0.036404477590830826	0.010969684888730504	-0.39550873773171324
0.9854227191046364	-0.024387642522643648	0.08940054114879384	-0.1426704272332399
0.9436400114316121	0.007028683009460128	-0.1425791465934679	-0.29860561514676476
0.9857903928529481	-0.0522114952636887	0.07433751161476158	-0.14129825012393143
0.9346454985146812	-0.12346635545911606	-0.029232762403607736	-0.3321735943420857
0.9359797678472683	-0.12109338081630013	-0.047141614410788214	-0.32719403340188946
0.9566037401264487	-0.11608237687433363	-0.09392526462211792	-0.25022432100209613
0.9261832772045938	0.001431635509693753	-0.09932151090614641	-0.3637550342162237
0.9795080481164634	0.010709355947302737	-0.11536297334935622	-0.16474427987115514
0.9198543072847791	-0.02709709778576063	-0.05544686311034975	-0.3873750715165474
0.9237209124262168	0.041815824683099745	0.07683332614666177	-0.37294470467589486
0.9288663361568015	0.10844863784001184	0.01769227802713598	-0.353741721886882
0.989629017922802	-0.06680421404239044	0.007045374089018489	-0.12697230633202936
0.9487906629106428	-0.046559843136695075	-0.13990543251354137	-0.2793831221349422
0.9796971430258596	-0.08921217927513819	-0.07297974516378661	-0.16403856806183603
0.9859383149023969	0.07112589932088044	-0.05529243652550668	-0.14074619751982875
0.9191483018235287	0.050832834744576505	-0.021787258869238702	-0.390009919768355
0.9266326649533689	0.07268777986988512	-0.07048395495423862	-0.3620778963054957
0.9719677611257566	-0.08735659775160627	-0.10219034947763768	-0.19288501402412406
0.9925172789451249	-0.03525228244411869	-0.012879244959626425	-0.11619316945119953
0.9354403614018157	0.09642441105967349	0.08530141631553337	-0.3292071256622483
0.9732220178387595	-0.1038884013677403	-0.08139615627656056	-0.18820406424546277
0.9259625301289361	0.06692755983538495	-0.07208564015044887	-0.3645788735182002
0.9883309167973502	0.013600844860605355	-0.0751087516188509	-0.13181688568557764
0.9923441105722501	0.028923326744752044	-0.027661381591078962	-0.11683944261703189
0.9801385379452546	0.06799324346837754	0.09129317619028257	-0.16239125979645097
0.947938145900831	0.04728131549413074	0.139050011730096	-0.28256475892987665
0.9778437732987806	0.11102400047641596	0.047638897349324374	-0.17095543804850524
0.9236117217620912	0.08688093783814216	-0.0011034105470464177	-0.37335220978212363
0.97699166662799	0.017704349665396846	0.12186325063021135	-0.17413554343736415
0.9627960013801512	-0.13658977847297696	-0.05278353683566671	-0.22711448738953816
0.9765627073909731	0.09814955897916484	-0.07621447286052388	-0.1757364411042873
0.9298859856118799	-0.10659219360786848	0.03866157202496198	-0.3499363383146199
0.9421977118495508	-0.14060246544656954	-0.009246690019653656	-0.3039883504667528
0.9818250425021123	0.04312750064198922	-0.09896104166761686	-0.15609713910306156
0.9207906128919744	-0.0416626705809528	-0.05517656327857877	-0.383880731419083
0.9259327823155904	-0.022401177370295372	0.09564492247650334	-0.36468989386902073
0.9416634422636724	0.06444997400716992	-0.12446289308916818	-0.30598227170618997
0.9890622770655204	-0.07124559218532721	0.004039522458104076	-0.12908741200612922
0.964277800270871	0.11623127502477673	0.08694248374143612	-0.22158433864277272
0.9864404113719585	0.06877868398034126	-0.05403034709635071	-0.13887234798512404
0.9601779851771345	-0.11259441175498794	0.0962611294989678	-0.23688505687423525
0.9407513174477631	0.12135110158017945	0.06738652867398118	-0.30938636786200796
0.9880509307202853	-0.029691650336961986	-0.07225997641256529	-0.13286180795059582
0.9885421418183347	0.07465955913473966	-0.006472593766344233	-0.1310285831754337
0.9209270451915752	-0.059967890218666595	0.036379626386627874	-0.38337155914517923
0.9458810979643412	-0.06420037968355684	-0.1301805547409729	-0.29024176634246135
0.9626513239391017	0.10230458741195494	0.10492692686572336	-0.2276544309502438
0.9364891850639677	-0.05150233373790444	0.12049925105930971	-0.32529286246691685
0.9203193315411268	0.020197085043675914	0.062341977167030244	-0.38563957736510596
0.9237467318714391	-0.06499985010828256	0.05874611756071884	-0.37284834519450216
0.9394971777480022	-0.11896954183659633	-0.06747811063248126	-0.31406688094130464
0.957001931486032	-0.07819065010682974	-0.12713303287451186	-0.2487382506169964
0.9611687692192974	-0.14713093008307207	-0.011433404710546179	-0.23318740048955483
0.9753089512093391	-0.005125088933061572	0.12726516514862357	-0.18041552287444862
0.9824212495252101	-0.04284250821908489	-0.09662502693058359	-0.15387206420103117
0.9303767241849797	0.0532401796359242	-0.10191971819757048	-0.34810487702657716
0.9583401437505892	-0.008166119228905519	0.14868207117885135	-0.24374397445435708
0.9885437667349899	-0.04398804553538934	0.06065783246578044	-0.13102251890391864
0.9879164499981649	-0.06244304846873733	0.048332989630335714	-0.13336369683818758
0.927086012881644	-0.10066545495632831	0.022359275018978175	-0.36038597880366696
0.9496534031841644	-0.006926412806964856	0.14779801387608893	-0.2761633316004241
0.9236350858330441	-0.057523803026019484	0.0652875923517494	-0.37326501388225597
0.9437415821450563	0.12423330798134356	0.07056087681201823	-0.29822654808362986
0.9744551274263963	0.004835761612163803	0.12924438940842745	-0.183602036613102
0.9348834548320318	0.07650307294368268	-0.10193185863106478	-0.3312855292757507
0.9687087500323996	0.12515599333816643	-0.06240777967246411	-0.20504780900696268
0.9275119890825448	-0.045827643020773585	0.094268839377456	-0.3587962139790902
0.9839677963186461	0.04584301592841375	-0.08815953061475854	-0.14810027299164563
0.98503556639474	-0.055614922173844485	0.07643751329979542	-0.14411530081686144
0.917163595598974	-0.02519377634054742	-0.01536180247866804	-0.39741694423649143
0.9744321264037291	0.04439901924412132	-0.1215299211959379	-0.1836878775983217
0.9910028693852349	0.05273566270669165	0.01691310587667946	-0.12184502287217697
0.9427810609934514	0.0971514497671698	-0.10312821668635874	-0.301811261823164
0.9747568368439702	-0.12785187522950214	-0.01433531366999886	-0.1824760417375941
0.9445197016703198	-0.1264239287616854	0.06844052250059424	-0.29532256648098504
0.939375271789485	-0.09037754768153458	0.10238168625380856	-0.31452184017223633
0.9778119823648821	-0.10752582271903388	0.05527732420414463	-0.1710740834290343
0.9288214584436265	-0.018899163376228108	0.10808234174906904	-0.35390920779257856
0.9592171201656803	0.14478869680604342	-0.03335298917188181	-0.24047105391619722
0.9826981538689831	-0.10461421631022724	0.0007438394647558411	-0.15283864312123407
0.920927931099801	0.0650148751156246	-0.02633618061707843	-0.38336825289066967
0.9223139967246325	-0.02916774808656845	-0.07385380329685196	-0.37819538555617355
0.9668865524014106	-0.07772950091154118	0.11920066685687576	-0.21184834314724518
0.9880280903274805	0.006224120344129936	-0.07801817154002985	-0.13294704945700792
0.9797474024063976	0.11439085817662223	0.01275184934629995	-0.1638509975001115
0.9197136846637242	0.05497715057039827	-0.025257325318732357	-0.38789988228301797
0.9930287164617113	0.02678033487618728	-0.010763106261467363	-0.11428445865440201
0.9931316994070524	0.025260387367429162	0.00883758355714178	-0.11390012107007585
0.9815957586092352	0.07898272557926293	-0.07481512085560907	-0.15695283824063616
0.9825650177939488	0.10206833344715942	-0.025224221452039598	-0.15333551371758233
0.9696098193285823	0.032082329978599895	-0.1347245121982111	-0.20168497261246854
0.9818780715523212	-0.09164634328608307	-0.05667300795661487	-0.15589923199340489
0.9719201581560364	0.11616881130330166	-0.06784407581048464	-0.19306267072571087
0.9849798586136933	0.06918414036663739	0.06480004105517431	-0.1443232050861048
0.9557994144443205	-0.1493633082585762	-0.0038237522981191333	-0.253226105313631
0.9383494784977795	-0.13409709800286024	0.01309216129559794	-0.3183501528549443
0.9415520118428881	0.1379664091639408	0.023775226134941457	-0.30639813569806573
0.9224824532552386	-0.07699062551394119	0.02327995201261166	-0.3775666972250849
0.9407088772235962	0.038579948677902494	0.13326829828153186	-0.30954475693488326
0.9799126644571831	-0.07764181236922967	0.08424669011799563	-0.163234231130017
0.9770665006432375	0.12057751381381794	0.024002451090967648	-0.17385625909032576
0.9756951145680917	-0.047874045900183876	0.11702693786521369	-0.17897434159956277
0.9931258822324768	-0.026790548789039026	-0.002250542872686866	-0.11392183106114864
0.9376876709802757	0.07875024284787707	-0.10777163398138866	-0.32082005213509973
0.9291103446035247	-0.03872571591508693	-0.10375221705614368	-0.3528310699662352
0.9296596509524792	0.1085587571238882	0.030009966668866992	-0.35078103076301714
0.9707354984852117	0.1339932651800518	0.026805105642384267	-0.19748388080690635
0.9761804449382917	0.11884131594095118	0.039518720877626784	-0.17716306399951964
0.9373415255155443	-0.07335332820809101	-0.11069818240069054	-0.3221118845962871
0.9631357432434201	0.12670514901184698	0.07286068607657545	-0.22584655349436059
0.9771305058469109	0.10934847710356892	0.05582013559021995	-0.1736173884182683
0.9246719312148903	-0.09142122797902391	-0.0130758206901255	-0.36939545423761233
0.9364678440506053	0.12851384304218988	-0.025394883438872563	-0.3253725082130704
0.9249007928914744	-0.06756419869978286	-0.0645824266410295	-0.36854133083269514
0.9573815764919935	0.11254330038241554	0.09791143718322397	-0.24732139616590804
0.9806635357878652	0.05865719461978731	-0.09549845729922732	-0.1604319411739644
0.9640144910221615	0.11149984202492734	-0.09331541665095217	-0.22256702213705917
0.941252348608018	0.12491136446989881	0.06224767556229767	-0.3075164941157613
0.9924406229865984	0.030275665259181447	-0.024032841496512927	-0.11647925338312293
0.987249921927964	0.05993338632130564	-0.05735877141732647	-0.13585121346084833
0.9628185768856674	0.13624239083031758	0.05362528869456692	-0.22703023445594508
0.9756892302909472	0.0578006617650609	0.1124719220812341	-0.17899630202083158
0.9735627912482816	-0.05429582815531745	0.1195147565102614	-0.1869322805672578
0.9779518099906331	-0.020012950369425707	0.11883464441106964	-0.17055223962542954
0.9417718839957766	0.13732200975162165	0.0288225253481681	-0.3055775616523162
0.9584576966451712	-0.02812830503464213	-0.1461854716744905	-0.24330526107920009
0.9674447353350579	-0.07965807858618104	-0.11706342508658357	-0.20976517607895567
0.9312417206155936	-0.05354481184636301	-0.10479454128268528	-0.34487666639916026
0.9735652912024582	-0.13125584861345266	0.0015285631873766317	-0.18692295061125433
0.9809010001774104	0.09271569248699368	-0.06149954469531252	-0.15954571200719336
0.976531447611137	0.021357875487454575	-0.12249840295936494	-0.17585310419086864
0.9190594127239802	-0.016428158499914882	-0.051897025021517974	-0.39034165840410917
0.9242254145411486	-0.06787963805462739	0.059269057520801	-0.3710618771504433
0.979025873024825	0.10077771289483975	0.06012787433176423	-0.1665437818112939
0.9525487355106605	0.09812055428681726	-0.11228757288961036	-0.26535780425314376
0.9217755896156035	0.07497545126800134	0.012360967196430084	-0.3802047482422266
0.9651757623654675	-0.14043823068470204	0.032972197851076725	-0.21823309848246752
0.9773630454682859	-0.05520576952332684	-0.10895594169485597	-0.17274953873652354
0.9905463441705623	0.012503848484397609	-0.05828626162818169	-0.12354879816827119
0.9583608333570287	-0.14015571917548317	-0.05027322987558442	-0.24366675979193592
0.9762675512383797	0.03733968065584242	-0.1193136449848218	-0.17683797886193187
0.9863998850320743	0.0723037487449663	0.04959712634456523	-0.1390235943446168
0.9636151576884932	-0.08651219127154501	-0.11730204841067832	-0.22405735442746527
0.9442790486925952	-0.11909106396771198	0.08004808660516266	-0.2962206956208465
0.9312643894589555	0.10475564734112908	0.053771024756065613	-0.3447920651239851
0.9263023022853709	-0.02247316686586808	0.09728435049256892	-0.3633108265673886
0.9194027092784602	-0.0394784093440227	0.04209600000203602	-0.3890604582207262
0.9541136430896747	-0.024389658367049788	0.1473871541075387	-0.2595174896591131
0.9845497039840646	0.041946000351442324	-0.08721965170053722	-0.14592856401898996
0.9206231486663053	0.05608404751905628	0.03824855285767376	-0.38450571641772985
0.9719062165171418	0.09745814508610039	-0.09277353214096336	-0.19311470163040595
0.9561432376439003	-0.12823116245260235	-0.07662658309860369	-0.25194293966397835
0.9932612120951275	-0.01880256011800532	-0.01467187279458741	-0.1134167731379549
0.9301357904360398	0.11309179662728515	-0.015931954177798587	-0.34900405401887924
0.9343843623436661	0.06117345078803023	0.1104353685093805	-0.33314816780000783
0.9672961636702022	0.08622870797274801	-0.1125539212921861	-0.21031965308076225
0.9438636970714612	-0.1254184704139485	-0.06873189909083684	-0.2977708089739244
0.9768397114710423	-0.12346795196424891	-0.004339099140165916	-0.17470264780356454
0.9672713022136221	0.09143288060571983	-0.1084106198102028	-0.21041243729986928
0.9777971119582637	0.07877758967852114	0.09176908997052685	-0.17112958054206345
0.9747646274792536	-0.08020733826383483	0.10056743135406582	-0.18244696669089283
0.9266448822288826	0.0025326953721714236	-0.10126924933830675	-0.3620323008125488
0.9247683162445622	0.05018283034805303	-0.07808884112762463	-0.3690357404097878
0.9786441221533465	0.11116797064443593	0.041035947784598736	-0.16796849545948536
0.9874391077930877	0.08127317191436798	-0.009719313847600617	-0.1351451622001324
0.9235153452335462	-0.0839814099333229	0.020148244806228968	-0.37371189188331067
0.9595544285696875	0.146185449673252	-0.025741705831778088	-0.2392122018146223
0.9567737239452273	0.11712350479495595	0.0925796481976826	-0.24958993275394967
0.9549915363392647	-0.08897955512958144	0.12005947960837474	-0.2562411474480215
0.993660171304706	0.007983095512178448	-0.006920508029428014	-0.11192783709766069
0.9780317890061905	0.032685322466773935	-0.11575469182621326	-0.1702537538758304
0.9435402724649101	-0.13473491482521782	-0.04680282622201036	-0.29897784603799116
0.9768975447316542	-0.05607366118753587	0.10991489597717685	-0.17448681113659364
0.9266819372108147	0.03154368300166745	0.0964277399204063	-0.3618940097373046
0.9350278739639093	-0.09337522681356326	0.08723910685269817	-0.3307465497379991
0.9860847063495908	-0.028084748319045266	0.08480683260260403	-0.14019985720110795
0.9791093697651658	0.11128806203122618	-0.036423559653386166	-0.16623216773407584
0.9651259361024186	-0.08578838274153756	0.11604050283513945	-0.21841905262771724
0.946615358235478	-0.13211414376026598	-0.06170997884381876	-0.2875014697045993
0.959011958948222	0.07730295997381714	-0.12698486918013122	-0.24123672600349436
0.929577814751636	-0.018160983339356573	0.11087637846521198	-0.3510864476224618
0.9301462344896901	0.027836778714533477	0.11079924075700569	-0.34896507628001894
0.9892469668687274	-0.054183997611715995	0.044367223456788944	-0.1283981402769211
0.9850439725140775	0.09417606877334679	-0.007685164888054794	-0.1440839287523995
0.97279030827644	-0.0879259918901396	0.09959024024016216	-0.18981522626615221
0.9277879563698332	0.0749169033373348	0.0748348001883404	-0.357766290041703
0.9649032990906602	0.14446088929344053	-0.004704930267096959	-0.219249945267245
0.975605625386942	0.06186310471005315	-0.11052215366216807	-0.17930831977034092
0.9448438207627923	0.14088913092487027	0.030298302152559645	-0.2941129375601748
0.9477101896219	0.04484749486507927	0.1396773108095585	-0.28341550334475174
0.9429904838648099	0.11729489127372032	0.07994988776759221	-0.30102968502698735
0.9434996857882583	0.13072925380036293	-0.05691973720913868	-0.2991293175773659
0.9375826074949993	-0.02633468137204574	0.13064490248575036	-0.3212121544001713
0.9467900781677274	0.035238233938206714	0.14164827216158793	-0.2868494060403497
0.9210936205137032	0.057779395872555414	0.041840221764238045	-0.38274989157971007
0.9286024452322523	-0.030159461184906956	0.10467550682675675	-0.3547265762249557
0.9813915004116751	-0.1077030198996855	-0.019917755199403687	-0.15771514021179295
0.9906347286683065	-0.042324344651556725	0.04084821119796134	-0.12321894273208853
0.930716413570884	0.11421227482457642	0.020652186654171206	-0.3468371389795906
0.9288673156723772	-0.09754491194468805	0.050595261539532144	-0.3537380662849867
0.9908471597017415	0.05069352599447394	-0.025766508182117672	-0.12242613932220436
0.9272412228422723	-0.028031410214755508	-0.09988530252640708	-0.3598067273447616
0.9291047400094428	0.049976791302211665	0.09880373463742745	-0.35285198659610484
0.9604502246374892	-0.10311196159225938	0.10615593626187178	-0.2358690453763663
0.9316254531516284	0.015902152775911255	-0.11775811135756256	-0.34344455707816135
0.9898285291240796	-0.033654392336051456	0.056333182167752835	-0.12622772039218208
0.9433017397402933	-0.022931012556489945	-0.14048181977463195	-0.2998680622855288
0.9319816554852888	0.1155491443914235	-0.03187137524904678	-0.342115191871166
0.9544995289035715	-0.0057043307606101865	0.14931240519900557	-0.2580773441957304
0.9733434479624239	-0.08311899618563932	-0.10219281540361358	-0.1877508808543778
0.9523284072448365	-0.022921117156326304	0.14728676746032127	-0.26618008053554254
0.9666393441991568	0.052258828428274846	0.13268730755286504	-0.21277093671810446
0.967660766180487	-0.07508404212775313	0.11971295020905709	-0.2089589379878123
0.92593372612661	0.006660625822055424	-0.09801133257810375	-0.36468637151834293
0.9854818916545767	-0.03168074818054127	-0.08677491041551653	-0.14244959227044973
0.9488703767256075	-0.03630553119238009	-0.14296198748794595	-0.2790856261274291
0.9762813921869339	-0.07033483660908041	0.10331626090635758	-0.1767863237387028
0.9459664684177342	0.12871186799497886	-0.06727003246435123	-0.28992315947293346
0.9873865203656127	-0.06846827352521478	-0.04541645782651798	-0.13534142115130893
0.9404897834885068	-0.08753332361721002	0.10720097484870268	-0.3103624258858572
0.9315210588264567	0.022232712666780428	-0.11641431393737725	-0.34383416200372374
0.9281471319670148	-0.029752786785315993	-0.10304514497798263	-0.35642582846418236
0.9349556188737481	-0.1058057486413745	-0.07135407067296116	-0.3310162094055861
0.9336697316622011	-0.1045231047498589	0.06755664509732646	-0.33581520581188284
0.9496363457847293	-0.14793859258927217	-0.0019060971197112087	-0.27622699068176054
0.9732155148606929	0.04703394109475752	-0.12332665736090603	-0.1882283336900076
0.9285158479016452	-0.10330991180944123	0.03354174889206562	-0.3550497618625816
0.9336103073162815	-0.05368055884005962	0.11211306533379313	-0.3360369804900615
0.9792189372602211	0.06259957650293464	-0.0985607102792451	-0.16582325627567124
0.9297640296343587	0.0021584712119236057	0.11296016106088913	-0.3503914842190155
0.9439942667782777	0.032195289452720516	0.139501966387705	-0.2972835161941559
0.9657203498839677	0.13171188502857512	0.05738863449987683	-0.21620067019425693
0.9859826059237282	0.07899094124393871	-0.04284556267876181	-0.14058090117790129
0.929105201758184	0.08881482992704066	0.06612217269151138	-0.35285026332634184
0.9507450389805693	-0.0566635841757588	-0.13726079781799821	-0.27208929134487997
0.9353307878178323	-0.07661776088334965	0.10314693000596982	-0.3296160598448419
0.9576684517832759	0.06246870439642575	-0.13538596363839045	-0.2462507630034061
0.9235694053048054	-0.08628280849279228	-0.008062762466142778	-0.37351013695071095
0.9518229554361098	-0.09729415952022422	0.11272659466056664	-0.2680664523664879
0.9447435667748115	-0.06891475002217895	0.12644249196394394	-0.2944870905369803
0.9566594130702927	-0.12397638121946143	0.08321268314628048	-0.25001654674706336
0.9577785792410076	-0.11679162027573557	-0.09264298208773916	-0.2458397617358427
0.9325368258650589	0.11991328235003094	-0.019142861350768543	-0.3400432678070068
0.9194646610542709	-0.0420018918845704	-0.04040286724538338	-0.3888292510457815
0.9875069104839878	-0.028333608078168614	-0.07636376497331172	-0.13489211911280385
0.9865686496326068	-0.06932709361974733	0.05218449841469542	-0.13839375628091016
0.9230404303262689	0.06890335317039262	0.04754191335107316	-0.37548429844654146
0.9781040170631885	-0.07688781589970618	0.09222889454027908	-0.16998419509738188
0.9611816170361073	-0.046672690457603555	-0.13999126779534132	-0.2331394517844539
0.9220452884337579	-0.005158512619174015	-0.07755376762654174	-0.37919821855013286
0.9480978162775884	-0.023743187853327283	-0.14505293255479773	-0.2819688609713545
0.9705112082372056	-0.09845540535457971	0.09530651209724822	-0.1983209434081072
0.9849398336492201	0.07341869257616682	0.06025689351968965	-0.1444725802870897
0.9248257889425004	-0.04636092164392821	0.0807391544185337	-0.3688212493810345
0.9335272620183427	0.06474922454238721	0.10585435883193856	-0.3363469097612988
0.9776710764614954	0.11408010095483499	0.04121229779519721	-0.17159995141955955
0.9391302518855514	0.12783848720503568	0.04681509056993938	-0.3154362669025819
0.9816755538115537	0.07211599563322646	-0.08106533869583743	-0.1566550384913834
0.9274650553338806	-0.09021453920274426	-0.053004352046098706	-0.35897137311369465
0.9740461201584878	-0.022580713102839847	-0.12826424234081635	-0.1851284725176014
0.9573501928656547	0.14884066340944696	-0.01006196981819435	-0.24743852145393036
0.9693700811408658	0.08153993489241443	-0.11240264647327838	-0.20257968770954096
0.9630552156952579	0.133377560559604	0.05993807784831554	-0.22614708639551082
0.9767495851333211	0.028444021699200867	-0.12046797372702002	-0.1750390038750405
0.9284634641689399	0.0553741460249772	0.09322072981012451	-0.35524526061452794
0.9742963998681009	-0.12260906078525781	0.042260626585285954	-0.18419441592522162
0.9869521974530348	0.014104140626192512	0.08347305905149527	-0.1369623363279411
0.9837321486047107	-0.0568732952481366	-0.08271354455367791	-0.14897972223274014
0.9593745677189048	0.06501572204743912	-0.13352649297513544	-0.23988345164803598
0.9443119991452319	-0.14007348103693015	-0.03131144677511648	-0.29609772285747354
0.9317391014502849	-0.029048001716949517	-0.11556580260890749	-0.3430204158533813
0.9691225534244731	0.11573084609766432	-0.07742211498052315	-0.20350347372340025
0.9764668613892609	-0.1198302206070809	0.03382365370675867	-0.17609414325237932
0.9264869947680237	-0.018829065342108743	0.09885813089020695	-0.3626215448383527
0.9204199604195602	0.030302591369972175	0.05899559512410912	-0.38526402527808346
0.9619013348233292	-0.12558986623496968	0.07657822723552529	-0.2304534284354306
0.9733593445342218	-0.12001272903101236	-0.054225564268180926	-0.18769155404076193
0.9294165223422225	-0.10032173228337793	0.049353297508664046	-0.3516883990892682
0.9795997690636975	0.1092344070786538	0.03773762252620942	-0.1644019726359595
0.9798860826328663	-0.03810563568707815	0.10813609168582079	-0.1633334358489253
0.9910608248054863	0.014588491071890947	-0.05284003624064722	-0.12162873029922447
0.9278764335407117	-0.009567258946787522	-0.10579808173555616	-0.35743608874467436
0.9266171232067171	-0.050426459337143126	-0.08772382750041816	-0.362135898893639
0.983998743121092	0.08637909832781487	0.048842915581572804	-0.14798477795258547
0.9701369620959923	-0.11464891042312308	-0.07617586745954422	-0.19971764902165207
0.9781812797840831	0.040371487872204445	0.11284877695653477	-0.16969584669747206
0.9777937051541679	-0.10187302002260423	0.06520485293264235	-0.1711422949080404
0.9771425836022473	-0.09837536459922408	-0.07339830308052898	-0.17357231362171135
0.973366918726882	-0.07932639443732636	-0.10510307071057616	-0.18766328676892782
0.953448082118787	-0.1475656261891629	0.022724626114035664	-0.26200139701800124
0.9519141211570943	-0.00757418055069253	-0.14874411020367734	-0.26772621726386553
0.9823216896822354	-0.03666822316741225	-0.09954116256552606	-0.15424362659340646
0.951086613113646	0.04022229050558017	0.1430940873163384	-0.2708145193256868
0.9623671485087879	-0.08985424398220797	0.11603939214943995	-0.22871498809443788
0.9278496397033619	-0.07165837094469817	-0.07828200373193603	-0.3575360847069938
0.9215512318674763	0.07449616299975267	-0.0007714606317909337	-0.3810420627573084
0.9497553158997833	0.0013237896772473959	0.1480095636715207	-0.2757829881677966
0.9326846805538181	-0.10871876495134092	-0.055000553778021335	-0.33949146659642004
0.9518474049516578	0.06490070672032117	-0.1340287475654004	-0.2679752055322429
0.9604104522119008	-0.12998023343010814	-0.07080008641170721	-0.23601747808940243
0.9547928153087137	0.11446088669541563	-0.09606890109744468	-0.25698278443057043
0.9748085740797725	-0.10868789910396495	-0.06861565808047311	-0.18228295574493658
0.9917355510291966	0.046026144826896806	-0.012443936520704307	-0.11911061775113854
0.9784078918448259	0.0778183723745115	-0.09028806908717704	-0.16885011897317204
0.9280625114736022	-0.08099918900283487	-0.06981769836341668	-0.3567416364449599
0.9178830736970099	-0.040728054951128426	-0.004322320661925021	-0.394731815419688
0.9323653452846801	0.017881868351727743	-0.11962453881124659	-0.34068324204549183
0.9390868250136779	-0.0865285749311541	-0.10500680804012923	-0.3155983381948279
0.9485285285893439	0.12790722756375947	-0.07301263828605382	-0.2803614207404375
0.9798845585408361	-0.011890488885635687	0.11404033861395484	-0.16333912383781723
0.9387097080093052	0.10587143823748493	-0.08439592430681166	-0.317005758015545
0.9291362679334043	-0.040682087716409326	0.10309830687905092	-0.35273432278202316
0.9204285974262736	0.00010445722143066424	0.0663901568232903	-0.3852317915302039
0.9859478074004698	-0.005859529328844589	0.0898502415859976	-0.14071077103472995
0.9708358814454913	-0.09452076469751523	-0.09844521970912257	-0.197109246498929
0.930626164794423	-0.08881088618454266	-0.07428199612805877	-0.347173951998664
0.9325973824228273	0.031750912348399454	-0.11738069034334751	-0.33981726765668346
0.9417428934648933	-0.09548977146235227	0.10275332045081433	-0.3056857557865112
0.9348694711293626	0.11940443102333885	0.04446314188691948	-0.33133771716459054
0.9294156470818344	0.0828279907190561	-0.07509361661635072	-0.3516916656055064
0.9199917443877209	-0.03236454123568766	0.05390180140497783	-0.38686214926552337
0.9528966136901788	0.10095592135129929	0.10985683077950162	-0.2640595052123371
0.9274607482308532	0.09450800998842435	-0.04486434128425407	-0.3589874474410263
0.9888620105007231	0.05274829157553975	-0.050124467265436304	-0.12983481700101016
0.9881897177436825	-0.009322952913237936	-0.07667639964961391	-0.1323438477278464
0.9282805276638457	0.09714535064300513	-0.04661876760882634	-0.3559279889460982
0.980730680012952	0.044386909752259465	-0.10265996721952023	-0.16018135551450557
0.9617532556172171	0.10383789193622868	0.1043291151124698	-0.2310060675561852
0.9821885718454716	-0.017464411304832946	0.10514753096754902	-0.15474042912360292
0.9832647325075426	0.041051002713828874	-0.09374173960136586	-0.15072414285564645
0.9372955948926608	0.11676510394751832	0.06305832876547485	-0.32228330001451133
0.9478266461107999	0.022071793560530677	-0.14511824620174166	-0.2829808818113062
0.9394427845898805	0.11740093648610817	0.06999084058467743	-0.314269878970999
0.9562575533903498	-0.1492645502123183	0.0055796684803064225	-0.25151630749012366
0.9614675858399618	0.13742044999975128	0.05327470796505271	-0.23207220167908885
0.9766082171737354	-0.09207338422195999	-0.08327816242169275	-0.17556659628277668
0.9911194853988792	-0.04023360340811419	-0.036374191816710616	-0.12140980598428025
0.9350042091502427	-0.02656956449298236	-0.12493789342266517	-0.33083486802495443
0.9572557897032915	0.1491823063701342	0.002385943525307452	-0.24779083885226486
0.9333613377392351	0.08375302508994215	0.09097175041053931	-0.3369661476011373
0.9208794244583243	-0.06265534622619921	0.03074640414060251	-0.3835492821411651
0.9316971698901636	0.1092712536712721	0.04722062620746577	-0.34317690656619493
0.9325408623889994	-0.0031968792401904367	-0.12140074506430383	-0.3400282032945749
0.9407905910567738	0.06404772360568722	-0.123214045389235	-0.3092397967577835
0.9815713080026224	0.0834603943662817	0.06992341483580662	-0.15704408914679113
0.9849403564271395	0.06383238325915475	-0.0703289301196993	-0.14447062925333354
0.9811362425015402	0.050965797987100686	-0.09797294544643984	-0.1586677757014504
0.9778897622156444	0.1032955746094541	0.062406162711034066	-0.17078380507418411
0.9312878429964545	-0.10430568437355071	0.05479106694539154	-0.34470453533042167
0.9481859385398457	-0.010418242823861702	-0.14667585167714342	-0.2816399842113324
0.9472369660383733	0.1353339076381141	0.05566255374145934	-0.2851815978018131
0.9653943830141446	0.10865405352331077	0.09453964864777233	-0.21741719511402094
0.9417792334200483	0.12027409712677954	0.07228508244253462	-0.30555013322752794
0.9350236995131609	-0.12261264040219406	-0.03596158758345519	-0.3307621290002861
0.9319389198856656	-0.10587976793088884	-0.05592285326190252	-0.34227468330025196
0.926270809892504	-0.05462541918036144	0.08341629986709312	-0.3634283577776198
0.9815072735883907	0.020616223565071617	-0.10714699938456054	-0.15728306883413679
0.9271151253563532	0.08945787430061389	0.05152745733856707	-0.3602773295689185
0.9820585010432994	0.04282862916545865	0.09814143594957792	-0.15522585996589053
0.9858780386948258	0.0584078197007137	0.06899386851829636	-0.14097115138897184
0.9168347670592738	-0.0027609765233810087	0.022118529456336612	-0.3986441490536309
0.9800709264920927	0.09972571795041088	0.055342778431668516	-0.1626435891748249
0.9496114914762918	-0.023357785275239816	0.14608157263951677	-0.2763197482236367
0.9305685798260246	0.05356969305609696	0.10243722353909761	-0.3473888620264792
0.9782635940000911	-0.07102559748095841	0.09624547682787624	-0.16938864586114488
0.9669852817528181	-0.14130313388934496	-0.015784470235700516	-0.2114798801915942
0.9683372066493595	0.017732005442815647	-0.1392603935964461	-0.20643442778968446
0.9639556031447175	-0.11157694961562784	-0.09330714652794363	-0.22278679468763
0.9172232212746544	0.012435403457428863	0.027991378275208756	-0.39719441818541634
0.9712854071470439	-0.12238420305295701	-0.05859400032409244	-0.19543159374142646
0.945191503331605	0.028151304671462422	-0.14170280878255248	-0.2928153685484597
0.9919361691262776	0.03229437371092839	0.031783175423489914	-0.11836190081991466
0.9713926160075258	0.13354282740722162	0.02292201431555349	-0.1950314848270864
0.9907550970531641	0.01791953796829764	0.05487096892076505	-0.12276972180417492
0.9853893838751467	-0.08414538156796653	-0.03920397578956068	-0.1427948360033776
0.92972461550573	0.10813801696724301	0.032264728671606374	-0.35053857974959374
0.9544216077199781	-0.09484543835291108	0.1154540454046172	-0.2583681500118868
0.9769565289712614	-0.09000086136886107	-0.08418378738450534	-0.17426667895753378
0.9371560095142012	-0.10577883615779499	0.07966727345090288	-0.32280423973891637
0.9729510983890326	0.09692089001785643	-0.09038876291079026	-0.189215149396602
0.9271366464391684	0.026813607529847742	-0.09978367589510508	-0.3601970117944182
0.9255298751871394	0.020934577649793996	0.09411943193521656	-0.36619356374313156
0.9215662968425163	0.06392795546638486	0.03845214077909433	-0.3809858395050446
0.9618509738582185	-0.050724233189372595	-0.1381097786404925	-0.23064137811594176
0.9770038454393779	-0.09289596826145259	0.08078654046854541	-0.17409009149448854
0.9724585693434278	-0.014499445736432269	0.13271298462051961	-0.1910532928190027
0.9206954303718484	0.06600858129137643	-0.018042192596521883	-0.38423595742018524
0.9323143764527184	0.1040926961779864	0.061318008074214135	-0.3408734603159752
0.9796347394890954	-0.10692554287275094	-0.04356136467479524	-0.16427146123161185
0.9864529419369091	0.03625706646246255	0.07952028610674634	-0.13882558328008077
0.9864821262441513	0.081114591843982	0.032111122294365246	-0.13871666596266935
0.9484047629900629	-0.12679316253681486	-0.07476738779806688	-0.2808233202451834
0.9620397223182927	-0.14409647294726086	-0.029064994858845603	-0.2299369592730945
0.9646244958010274	-0.13652025375519922	0.04831064681762163	-0.2202904533094721
0.9416662458100332	0.026852296663505065	0.13756775759313153	-0.30597180872873003
0.9406428223244764	0.13770758829175897	-0.016033263015083257	-0.30979127717448735
0.9251157040377695	0.08062318720932518	-0.04928147737315913	-0.3677392715156089
0.9232573628063991	-0.08493657522811389	0.0007020203361197616	-0.3746746954088834
0.9639516509658657	0.13201007189831335	-0.06107394961592591	-0.22280154441990588
0.9716129661397194	-0.12914425060490653	0.039658814641167356	-0.19420912693828538
0.9188984661226249	-0.04205662626236439	-0.0319523414959163	-0.39094231929767226
0.9534650959568052	-0.1403136408835132	-0.051038507525800955	-0.2619379005100855
0.9816119300438498	-0.05805842012212266	-0.09193468661453605	-0.15689248562502342
0.9616783957145163	0.08675680154335359	-0.11897462715401136	-0.2312854485165145
0.9484880703280231	0.006506052562051608	0.14710825219238932	-0.28051241302727276
0.9925023541679192	0.03408961264826991	-0.016222688609190076	-0.11624886947802252
0.9250958485559081	0.09236632173250131	0.01947963300932619	-0.36781337318272456
0.9329474568598091	0.0802339324354216	-0.0926391710690607	-0.33851077207143665
0.982297742659387	0.08847772097383633	-0.05868699477064278	-0.15433299809936712
0.9244210530488564	0.0900565534403445	0.013781619149658135	-0.3703317442997609
0.9785506079263954	-0.11877047972593135	0.0012254168966315884	-0.16831749530569784
0.9864390715890528	0.029316482692652277	-0.08241106760249009	-0.1388773481229994
0.9386516943135736	-0.1346701775441123	0.012921790878149743	-0.3172222680755499
0.9810617346435617	0.006701894906054853	-0.11049514231540808	-0.15894584281298907
0.9845971996050918	0.055692176388834766	-0.07888784602383794	-0.14575130794817923
0.9666505114901235	0.03749774318585335	0.13757532448782583	-0.21272925982083368
0.9314890142931489	-0.10415529546903667	-0.05635340187686402	-0.34395375383013344
0.977815221907835	0.12043856906327674	0.010475559122330527	-0.17106199329014066
0.9777230705068466	0.11705196837759783	-0.031248186233588608	-0.171405907000618
0.9738264025090758	-0.09008897020494556	-0.09470629201613667	-0.18594846994852632
0.953953588218581	-0.13560384454987215	-0.06264525478875317	-0.2601148225700339
0.9614156178705098	0.13642766592337754	-0.0558564035326152	-0.2322661487814501
0.9533333173845225	-0.0778091470823411	-0.1274047589927605	-0.262429704837193
0.9525810970300799	0.07819350471040787	-0.12698168225119516	-0.2652370294184608
0.9837080116784964	-0.09442730719311726	-0.03435440885874119	-0.14906980246771007
0.972467770506297	-0.10165877793856484	0.08650830917112012	-0.19101895361168608
0.9222493378196354	0.04912677022221368	-0.06187395699446911	-0.3784366958747848
0.9564427554987536	-0.09698367944015988	0.11357014854682917	-0.25082512381189187
0.9696996927461505	-0.0388460178666438	-0.13278496635451897	-0.20134956045185423
0.9266432661187959	-0.07503308977044741	0.06804806243648055	-0.3620383322175032
0.9794213470914624	-0.11439569960565224	-0.020001321051680357	-0.1650678525015274
0.9319524650390736	0.04819679503795238	-0.10965543882718526	-0.34222413209953684
0.980873770286968	0.03669235553930319	0.10513346815484419	-0.15964733534180917
0.9336944782327842	0.11451566488095846	-0.04889735744633689	-0.33572285035315363
0.9251468070171546	0.005324187679992896	-0.09448929043484709	-0.3676231936162775
0.9193373968820111	0.011934147660218868	-0.055844076789173545	-0.38930420740263844
0.9935041710153728	-0.0021301172837745203	-0.016923832348939884	-0.11251003810344742
0.9867943490863522	0.010517761974198838	0.08488752661264955	-0.13755143445229195
0.968572039450573	-0.1262151165973021	-0.06069472147220806	-0.20555801984427186
0.9360172136792603	-0.11671379944117	-0.05731631756708801	-0.3270542836543638
0.9434024694814118	0.12441027757827121	0.06941415717894164	-0.2994921337738414
0.9772838297207013	0.12232338553353986	-0.0029449286864706055	-0.17304517593126895
0.9355070325373718	0.07815130206889351	-0.10249584985177493	-0.32895830559695527
0.9388751444861384	-0.10253591525579481	-0.08887219492870128	-0.3163883406785781
0.9680706941150489	-0.09489281067973614	0.10395993560130351	-0.2074290661085857
0.9779284653556392	-0.0859747872834076	-0.08453673992613618	-0.17063936298931126
0.9346440003698938	-0.11319920332157773	-0.05730202146608669	-0.3321791854945492
0.9310913724684974	-0.05379290307849869	0.10415336986771496	-0.34543777332294745
0.980608550924781	0.0995040178258807	0.05197621706391772	-0.16063714747664176
0.9286060860141547	0.05487361974488947	-0.09411864088630278	-0.3547129886419168
0.9201379538359962	-0.05345389433753169	0.035332676858824116	-0.38631648817601355
0.9251779256223348	0.04238653005570101	-0.08478060374685319	-0.36750705740068396
0.9784623747646742	-0.09912117079142074	0.06591385484228501	-0.1686467859481534
0.9171309310216585	0.025112042045257545	-0.01425143395991028	-0.39753885009864043
0.9379206038389885	0.06990376669181028	-0.11423629699752684	-0.3199507348716313
0.9237027262696053	-0.038194505074865784	0.07858798355406041	-0.37301257633636353
0.9363151716930902	0.07515765316296905	-0.10689644771494305	-0.3259422892082282
0.9470117704255688	-0.07680494947976693	-0.12434266951621387	-0.2860220392704411
0.9711830351958924	-0.033931064988325585	0.13156446721392442	-0.19581365106439355
0.9167917429063013	-0.00023518455382272405	-0.021157557130370652	-0.39880471737847717
0.9391115638870763	0.12519326622819027	0.0534048068602993	-0.31550601146238294
0.9651205232342105	0.11811856236290941	0.08291364959211987	-0.2184392537268846
0.9643637876741137	-0.12838921836350312	-0.06753657151396443	-0.22126342928506015
0.93643496167729	0.130130431176767	0.01443920686519374	-0.3254952269009564
0.969098367460543	0.07660733235896086	-0.11631535187111057	-0.20359373696961702
0.9669284949109811	0.11818130458145965	0.07917728140442584	-0.21169181157053113
0.9821274061399409	0.021475824862605897	0.10463865564903463	-0.15496870264432439
0.9614409565238174	-0.12463151013142597	0.0787059689671828	-0.23217158363991058
0.9251299937345323	-0.09444508205556916	-0.0046550496921887105	-0.3676859416412655
0.9617301473746656	0.08735640655201962	-0.11849188465322237	-0.23109230869146125
0.9817012701645078	0.05836490297043706	-0.09135323647590013	-0.15655906375557344
0.9791691069695982	-0.0524878973311294	-0.10446921869590436	-0.16600922545203195
0.9371177887448567	0.11494580534364963	0.06559743532976961	-0.32294688159201435
0.9601000943066628	0.026228416641245117	0.14583395658538903	-0.2371757495602814
0.9364356293139612	0.11806576355179958	0.05659741098085812	-0.3254927352469788
0.9676307361667641	-0.12252305143836706	-0.07048526393228174	-0.2090710115247781
0.923968666390062	0.046190047010543946	0.07582511066949389	-0.3720200742950479
0.9829460303644881	0.09636496318063423	-0.03812042672429801	-0.1519135554460072
0.9288324881363914	-0.08068754464798174	0.07441193627545735	-0.3538680444187882
0.9165310349573055	0.00881994847644552	0.008418247820658201	-0.39977769269006636
0.9289829377466868	0.07009756661051805	0.08515578676224966	-0.35330655882918655
0.9806585910272104	0.07514101913973148	-0.08317587236837923	-0.16045039527195945
0.9742553856206261	-0.09511180416295859	-0.0882960573470795	-0.18434748318063177
0.9554104191608928	-0.11551928202692123	-0.09479143616013035	-0.2546778554752881
0.9227264030624445	0.07095348341483547	0.04088577942557684	-0.3766562641500959
0.9915768265792066	0.021044208852125136	-0.04476308229071888	-0.11970298546290467
0.9734615186093445	-0.13048125794043836	0.016192248205402292	-0.1873102352011876
0.9361385884073049	-0.12151492517069726	-0.04701332279010778	-0.3266013070025462
0.9536801507574907	-0.1313394167487108	-0.07108079984478063	-0.2611353050675156
0.9378111028606189	-0.11980455254717504	0.05938906126594137	-0.3203593980863854
0.9334991168942257	0.07493204682935409	0.09881636133786235	-0.3364519487944886
0.987868334026042	0.0517647447083255	-0.06002300710162073	-0.1335432680908057
0.9922074959186619	0.01792301216985283	0.037844332945287606	-0.11734929544528183
0.9723267589736834	-0.13137915054706442	-0.02511220586333538	-0.19154521581585315
0.9867076417230766	0.07605715222823262	0.04017231956670825	-0.13787503073742713
0.934976248358519	-0.026858922174546947	-0.12480884004390456	-0.33093921912028745
0.9615431611795481	-0.01132835985861614	-0.14690045440102692	-0.23179015067195388
0.9214308498274795	-0.05656706719997541	0.04721988441252854	-0.3814913346468958
0.9264161161453421	-0.028499866739373218	0.0962010363036234	-0.3628860674593705
0.9701606124890004	-0.029255067518224875	0.1344642548126884	-0.19962938455332685
0.989752390283902	-0.03074443537289641	-0.058649222105902094	-0.12651187441215384
0.922581895267435	-0.06254728373738742	-0.05151681605748864	-0.3771955745831613
0.9418767640519455	-0.09784802345234693	0.10077372268601166	-0.305186143953993
0.9649273117395857	0.03787226431604199	0.13946227058494387	-0.21916032884143072
0.923276879814889	0.06134289925312879	0.05890925807050869	-0.37460185694158743
0.925386650127359	-0.06791087655921392	0.06751422707875773	-0.36672808694314907
0.9446585261819006	0.08966502033541564	-0.11256455774322181	-0.2948044663504299
0.989655790929184	-0.019334872117300915	-0.06411688806634368	-0.1268723881119404
0.9652042050332823	0.02173737473940477	0.1425796733233332	-0.21812694900107993
0.9464846705171602	-0.0574133601743169	0.1339130074234402	-0.28798920290928687
0.9172071951343257	0.0035003861872168604	0.030129493610734685	-0.3972542285553721
0.921854847428771	-0.07215084028617533	-0.025437829028929236	-0.37990895405658853
0.937688521356298	0.03007183340279314	0.13004788437063636	-0.3208168784885789
0.9830511734552563	0.0895285917859125	0.05134550494900783	-0.1515211560891957
0.9920437632434344	0.004161209579831764	0.0437859681100168	-0.11796035410809011
0.9559345165880795	0.05292663950901459	-0.1397126102995302	-0.2527218972489109
0.921333050213959	-0.07278345665425838	0.0058072334399589896	-0.38185632777351486
0.9337121664894874	-0.12005824410015065	-0.03319783168392351	-0.3356568368804397
0.9235222127537149	-0.07241689657943519	0.04712847621958281	-0.373686261949119
0.925975884186729	0.04739991374971302	-0.08625828865366561	-0.36452903549603005
0.9859845682788618	-0.03986856057206491	-0.08052327789748265	-0.1405735775688402
0.9373090006783498	0.08954846365862701	0.09797259969602724	-0.3222332689412047
0.9357022854067991	-0.12839767974756416	0.015510987954283677	-0.32822961196792855
0.9566353183061677	-0.14828055409589344	0.01756413661420661	-0.25010646963097427
0.9321729499456268	-0.07775454509836263	0.09194016593143936	-0.34140127122597824
0.9868159232337097	-0.07194799144720787	0.04603875224065502	-0.13747091863822383
0.9288558089038637	-0.0543602918009184	-0.0954507297639463	-0.3537810101297102
0.9230272174648634	0.02942008060470048	0.0782925462589078	-0.37553360951662024
0.9820414305682091	0.044390053695020075	-0.09751564950625838	-0.15528956784623701
0.9252416314519485	0.08282206675511053	-0.04670853262686271	-0.36726930400782726
0.9835468211681464	-0.030310718551006165	0.09651627232266254	-0.1496713736420344
0.970702698391801	0.10937340423492006	0.08200904203908697	-0.19760629242200822
0.9563567319299962	-0.09280624775190618	0.11702309130428047	-0.25114616814114277
0.9805481150376146	-0.05820016284072323	0.09623579254047437	-0.16086269727814725
0.9858509532701226	0.08103157166485621	-0.04037829467876833	-0.14107223557010873
0.9527045903876153	-0.05216646428983531	0.13973623725554363	-0.2647761459337409
0.9746644687243148	0.1107363427642583	-0.06590298897197919	-0.18282076425314742
0.961562470127714	0.07223213248978008	-0.12840117775462456	-0.2317180886963577
0.9650769339212465	-0.05551505912223066	0.13325834110590545	-0.21860193125753352
0.9311835796073843	0.010229147751790697	-0.11705928939698083	-0.3450936515958011
0.9665091765254845	0.10700185009353352	-0.09451022836990025	-0.2132567290897523
0.9332815081623058	0.09570215203775556	0.07797222519304767	-0.33726407563818395
0.9617327413233966	-0.11302354403944406	0.0943219583252132	-0.2310826279430051
0.9634798416643839	0.10631154929129226	0.09988090582524818	-0.22456236070451935
0.9754532305753766	-0.10520644858330677	-0.07118173671352734	-0.1798770649499127
0.9435039873202853	0.06791606338046495	0.12537499559397214	-0.2991132640412907
0.9660526974550131	0.12573104340161104	0.06874551663171137	-0.21496033217334357
0.961558261763265	-0.0029681983727739766	0.14729680073807266	-0.2317337945262985
0.925718015078232	0.09076931803510797	0.034973021209155894	-0.36549141611064323
0.9568433000115426	-0.14531492176192495	0.03418901183323023	-0.24933027133947017
0.9396463597255884	-0.03704859992599309	0.13192240391468202	-0.31351012622137925
0.9881721967842351	0.013915128337563594	-0.07609121306537774	-0.1324092368387012
0.9766799266910111	-0.02694657798609014	-0.1209978218674685	-0.17529897272091727
0.9425020976923845	0.13967154757821584	-0.02149647466763048	-0.3028523670361931
0.9575485614574382	-0.13539649553621874	-0.0625183146549508	-0.24669819979076865
0.9266805964652758	-0.08941531420869053	-0.04792783920408089	-0.3618990134677761
0.9284803093252258	0.07610515867242759	-0.07731615141870486	-0.35518239363540716
0.993088150549897	-0.021379421982973178	0.01756581827083825	-0.11406264761759136
0.9659178777609655	0.08906530349723782	-0.11245226224098348	-0.21546348612138977
0.9406837331587855	0.1335928685965178	-0.037296106808202126	-0.3096385958622655
0.9780566371326781	-0.06936028704874464	0.09818142704289697	-0.17016101940530579
0.934904607783018	0.11228419786328454	-0.060397276858653266	-0.33120658538794046
0.9620479901758596	0.10591010793050087	0.10193084589162435	-0.22990610320858512
0.9770706103270572	-0.007139109589338621	0.12272485301267484	-0.1738409215415078
0.9469964045899032	-0.05023914383669701	-0.1372312770406453	-0.2860793853498458
0.9782484218729206	0.11959285185455597	-0.003984431999479173	-0.16944526901060436
0.9704315862854519	-0.08428160546852789	-0.10821274893051935	-0.19861809657745005
0.9471814987326306	-0.06327393160329768	0.13189754508586435	-0.28538860460500365
0.9792927871030768	-0.04253118575979864	-0.10849291511663295	-0.16554764491000318
0.987402978010883	-0.07699283917431393	0.02840392978967677	-0.13528000038298715
0.9668062253327923	0.10039644186314678	0.10099232133846721	-0.2121481278485519
0.9439773157454482	-0.0012993338670749602	0.14314339844447477	-0.29734677830991624
0.9848310809650922	-0.003933551351134695	0.09540704179502603	-0.1448784508297145
0.923746834174185	0.08347771595259926	0.026601757166928124	-0.37284796339545634
0.9409340879524919	-0.032301287988534495	0.13528247989412576	-0.30870425905223475
0.9433997192837911	0.005346077464116406	0.142361170662012	-0.2995023976510926
0.9377006355594302	-0.004287542551099012	-0.1334341495736646	-0.32077166766699655
0.9201794098389675	-0.04586769847674249	-0.04522271093973888	-0.38616177226664594
0.9271665240652439	-0.044546053446229535	-0.09336119879827892	-0.36008550697589503
0.9835583785412628	0.06535436857945867	-0.07715641271180039	-0.14962824093836208
0.9761382504180155	0.10428561649308747	0.06954174101362638	-0.17732053609299148
0.9454823995415665	0.11743438365345445	0.08465201028103503	-0.2917297291131542
0.9844780388394513	-0.06142836147230073	-0.07520818178185475	-0.14619602197981868
0.9189096894110999	0.04020139603786804	-0.034433727928880414	-0.39090043341485603
0.9450493801382525	0.09498087284733849	-0.1086671823834947	-0.29334577952698554
0.9848440225454056	-0.005290418425159878	0.09528110906576581	-0.1448301521944549
0.9270285400980217	0.09799791480701152	0.03133361554659576	-0.3606004701521981
0.9715486413202225	-0.09679452843513635	0.09441170030173197	-0.19444919043283568
0.9309248051509272	0.03799865577961724	-0.11035394583612233	-0.34605941101499943
0.9389922507847593	-0.04352607212754099	0.12873932506034294	-0.31595129402223837
0.9205406106945231	0.06716681892923755	0.003460999994677059	-0.3848137523219748
0.9766240981340412	0.07585324409143084	-0.09822847966365887	-0.17550732773204242
0.9170452552670453	0.02480511902346852	-0.011011047118611672	-0.39785859636783394
0.917095926930456	0.027025133616806966	-0.007980097368553688	-0.39766948714548067
0.9854484769200527	-0.09254061945863264	0.0003204764280601846	-0.14257429775741462
0.9358895771498867	-0.12383253471787509	0.03872840504803422	-0.3275306296668874
0.9843349350595816	0.04344766373826621	-0.08756321188225138	-0.14673009255704755
0.9262430635350151	0.06411106843627841	-0.07621095453805003	-0.3635319085934933
0.9249149147859692	0.09351033050812663	-0.0020856930123279056	-0.3684886272049417
0.9743189356627572	-0.07217424373090703	0.10768882700958424	-0.18411031119457538
0.986214722571085	-0.05261860547328087	-0.07135562689941881	-0.1397146300566831
0.9688930833501295	0.01858727846479554	-0.13833925903128755	-0.20435986769966713
0.9190932016475394	-0.05476456367967687	0.0005905712899267404	-0.390215556424653
0.9355424619233733	0.005344566732853353	0.12886095523103602	-0.3288260813283163
0.9290822273294203	-0.05572049551231904	-0.09559088644587445	-0.35293600506176304
0.9829435360010499	0.07386759108277612	-0.07269819290893724	-0.15192286453709142
0.937918151408553	-0.09360328073902788	0.09577910787641544	-0.31995988746661874
0.9774868570044868	0.07849185685902636	0.09314237076560092	-0.17228746779285864
0.9821117973991942	0.03157293134456375	0.10210881724474814	-0.15502695525783322
0.9809671248899147	-0.09488652066389851	-0.05765326177696363	-0.1592989312204915
0.9259268694584419	0.09031070916384216	-0.03858229857757385	-0.3647119609523167
0.9179666276599853	0.040614617307684335	-0.010981648302000975	-0.39441998778469056
0.9795330162203828	0.001574263371498727	0.1157696327859253	-0.16465109763875932
0.9247176314467341	0.005162497329887956	-0.09243173118265686	-0.36922489865045366
0.9634084545570393	-0.05387860078619581	0.13562177292801364	-0.224828781016135
0.983008228015587	-0.08832441304073	-0.05372490400205683	-0.15168143065199474
0.9623549187775591	-0.10644127430506747	-0.10105364692909848	-0.22876063007274647
0.9648237694364203	0.14398248086826435	0.013541120759614972	-0.21954675397757648
0.9841696432391487	-0.04112137388312343	0.08948752069294535	-0.1473469700289785
0.9745735610692878	-0.08645209163913109	-0.09583741983339884	-0.18316003624050525
0.9186683648361669	0.04579790911263329	0.021045410633785573	-0.3918010689896209
0.9790627143716029	-0.023757649849782615	0.11480732861582793	-0.1664062880333
0.9458315755815506	-0.12307822511219635	0.07685557268889559	-0.2904265863911477
0.9300091018645251	-0.0253191574250933	0.11094112627926764	-0.34947686220451024
0.932878339505171	0.021380414694946517	0.12048499843755735	-0.33876872155063076
0.9272342847008765	-0.09970629959193036	-0.028560813637978393	-0.35983262084096074
0.9344109492408051	0.12577892034544674	0.011586282269185927	-0.33304894414906927
0.9499187511037304	0.09382817293326298	0.1145881254633145	-0.2751730396829211
0.9799018279846373	-0.08096759216973348	0.08110510192329518	-0.16327467339613244
0.961373834362753	0.12870615443104003	0.07193781974431965	-0.2324220869553168
0.9518524338252893	0.12423151007965556	-0.08211469853568848	-0.267956437520345
0.962995078993976	-0.04165319760916102	-0.14021920006620783	-0.22637151962009444
0.9243078235418278	-0.07977527562197416	0.042804030561521655	-0.3707543225729075
0.9564398235611855	0.04228236655584305	-0.14323523799149243	-0.25083606595186064
0.9632751563161625	0.06828785460183313	0.1290961661855052	-0.22532625682364668
0.9321917705931216	-0.11050611867914176	0.04795860121745892	-0.34133103161329614
0.9690187460094496	-0.13199204589076405	0.04482494154065135	-0.20389088827047025
0.9276383988606663	0.08221840920284659	-0.06580824687350204	-0.35832444626456705
0.9326215275739472	-0.0522087012558615	-0.10989448030595873	-0.33972715672594744
0.9511984804139308	-0.07487279967649477	-0.12845607679019075	-0.2703970248773177
0.9509008014479454	-0.14513314663023158	0.031740407842981364	-0.27150797790271985
0.9543702950484537	0.029891794620349972	0.14639237396463353	-0.25855965150908783
0.9829807869650302	-0.03966396344248917	-0.09558874282638456	-0.15178384204688575
0.9701512597752335	0.11329325712082476	-0.07813669178643456	-0.19966428935629324
0.9605383816281933	-0.10233346213833895	0.10683992685309457	-0.23554003900801612
0.9198968876101806	-0.059365816243741855	0.01814006030596277	-0.3872161595787461
0.9779914123616442	0.02434189720057416	-0.1179092688577543	-0.17040444156471607
0.9315375361926937	-0.10267827992199625	-0.05929032368695933	-0.3437726676357523
0.9677319075068508	-0.08919260869632344	0.10948371549532392	-0.20869343494330475
0.9287501651066196	-0.07545460816873739	-0.07930703164878106	-0.35417527814852956
0.9678753980556323	-0.05531824659091102	0.12972041238372564	-0.20815792092484614
0.968403930125762	0.09331729061295849	-0.10475345869696476	-0.20618541238569282
0.9721972984545088	-0.013318815492579815	-0.13334214454270346	-0.192028369050987
0.9449668770044269	0.11077739235173456	-0.09237685722573932	-0.293653685414206
0.9736320485308158	-0.1220870080640956	-0.04783602844712467	-0.1866738088700462
0.9250644318810346	-0.09424020332580187	0.0012800314693225297	-0.36793062180955766
0.9752875533910412	0.10019526536899773	0.0787179431462236	-0.18049538061950737
0.9879426358669835	-0.05596901207603537	-0.055470705824034384	-0.1332659698453161
0.9416411441540541	-0.12915866320209549	0.05434989939367639	-0.30606548938419836
0.9192220041167423	-0.03779384336984665	-0.04134334505299455	-0.3897348590654477
0.9836703255576993	-0.0550319308515544	0.0842639847003161	-0.14921044898526536
0.9684294312765356	-0.04784388389349972	0.13184161733043176	-0.20609024079535404
0.935992147414182	-0.011310508884502406	0.12947999164157478	-0.32714783222919186
0.9391284359755834	0.12300696303592855	0.05833312778464689	-0.3154430439708446
0.9452048391867137	0.11740312943875225	0.08421770321363488	-0.2927655984596317
0.9338905195420832	-0.08942015796675143	0.0873694411662115	-0.3349912142264674
0.9452459453245065	0.03829626258991898	-0.1393614236367397	-0.2926121882648861
0.97045298838377	-0.1267839344692723	-0.052243711214237674	-0.1985382228591379
0.9691553060688511	-0.13397320866792237	-0.03775239890589416	-0.20338123919049916
0.922062018041665	-0.07766156323944455	0.005135628312688996	-0.37913578280343296
0.9836574148154783	0.031593650777065815	0.09561271946777672	-0.14925863253119753
0.9287492094307417	0.09014732446083099	0.06209437804674404	-0.3541788447794617
0.9937437177197264	0.003594004688909636	0.0015384297844441286	-0.11161603763201433
0.9329559310404029	-0.04905198119821527	-0.11233432957433255	-0.3384791459989082
0.944063727847427	0.042304119060490065	-0.13685983345886657	-0.2970242839549425
0.9801456695937953	0.09549319236577172	0.06191315633643549	-0.16236464412175544
0.9737030290671291	0.1141990171481432	0.06413045663527725	-0.18640890590217624
0.9519260864103898	0.10319709862655972	0.10739490693085094	-0.2676815623306414
0.9793136104837705	-0.052269200173856945	0.10407922449196091	-0.16546993099526858
0.9613869628211414	-0.10954540135488819	0.09867957941578204	-0.23237309088158606
0.9302265043331223	-0.1130704213872323	-0.01805812738817937	-0.34866550514601463
0.9289637509684224	0.10717260129444775	0.025773154992807246	-0.3533781648605029
0.967978342191992	-0.004513156940027373	-0.14081064711467614	-0.2077737281776108
0.9288004595305333	-0.0806234498620653	0.07431259097384313	-0.3539875768031465
0.9379173966841494	0.04117969863617964	0.1274325601216549	-0.31996270413643835
0.9309151510658232	0.11438919688218743	-0.023022579839752866	-0.34609544055110836
0.9180659895929334	-0.03466650312272941	0.02604474347828492	-0.39404916400258994
0.926210525814487	0.05685425721940743	0.08159597337929671	-0.3636533410196666
0.9299621187937882	0.06670022445432894	0.09200474399245605	-0.3496522054115958
0.9891767460412215	-0.02023320478309667	0.06757613040023996	-0.12866020797292207
0.9654988162696018	0.14177595701316523	0.024712384663566234	-0.21702744489865478
0.947927019642161	0.13440614046527913	-0.05918651721690257	-0.28260628269253146
0.9441339114640853	0.040901322465667606	0.13736936929593893	-0.2967623551317148
0.9730602780535762	0.12688199087091978	0.03750084829656723	-0.18880768534137182
0.9330428299740856	-0.08808016608438544	-0.08558194612600875	-0.33815483476328034
0.9291602403287474	-0.10783588512122742	0.025966801819940755	-0.3526448565846233
0.9427735536709365	-0.06594856397095314	0.1253868523423173	-0.30183927953221845
0.9238835506279376	0.06803059535309464	0.05635279331167015	-0.372337730643821
0.9212674628858343	-0.05886121721105951	-0.04243072013886238	-0.3821011030144088
0.9392784833405352	0.12507867485821123	0.054405097352504726	-0.31488305958130247
0.9399857122469226	0.026834189637450233	0.13494700057484946	-0.31224364537008326
0.9632502343564296	0.10063984059225722	0.10586199806136756	-0.22541926684359376
0.9348473299912422	0.12231196642630593	0.035507812304196834	-0.3314203490169931
0.9233144751277269	0.03875766986587616	0.07593925943861123	-0.3744615493239502
0.9688498296437755	-0.11568753376844004	-0.07821408409039834	-0.2045212927293955
0.9773185470157513	0.06533270202828835	-0.1033454778498061	-0.17291560922224086
0.956640877983169	0.12730124378582525	0.0780368902326357	-0.25008572063393175
0.933499431013724	0.08526421128215769	0.09005388150668947	-0.3364507764845611
0.9294909371626913	0.07709701563372387	0.08132147599548535	-0.3514106791984426
0.9746624305845643	-0.05308154977400084	0.11742777503583093	-0.18282837069424945
0.9229748222482074	0.008018564968352118	0.08295049791852582	-0.3757291511272539
0.9281531220332403	-0.09970899769970991	-0.03957855613011475	-0.35640347323268806
0.9347771996344701	0.0796084760811348	-0.09920219756792295	-0.33168207907161956
0.9811722682291859	-0.09697512365990979	-0.052573663010431246	-0.158533325855497
0.9740306692059884	-0.06119372515856753	-0.11500294946402312	-0.1851861362573547
0.9338372536230091	0.10884118065233872	0.06123104978978071	-0.33519000534276405
0.9791634603508986	-0.09360433237738532	-0.07007914607358909	-0.1660302989199096
0.9245421793993398	0.09129620812832703	-0.008704734996561514	-0.3698796946056212
0.9487000924195922	0.07998941846652902	-0.12379787461038763	-0.27972113580920993
0.9514004780084493	0.0778946567772473	-0.1267364169302769	-0.26964315959156837
0.9654255843599552	-0.12572505364504785	0.07019284830006126	-0.21730075010619143
0.918894566020886	-0.05247462975527605	-0.00564906304501802	-0.3909568746755164
0.9218660121220801	-0.027178750495228905	0.0715906110736713	-0.3798672868539081
0.986669420817913	0.010309417860083568	-0.08560544281181551	-0.13801767309740864
0.9286380020300746	-0.06199265384349456	0.08973045659057821	-0.3545938764489285
0.9741753166159934	0.11498165110046833	0.06055918212487848	-0.18464630477403238
0.99332704360092	0.012925193155332224	0.01807287989366124	-0.11317108661359868
0.930612412902927	-0.05411149511174389	0.10230880518355859	-0.34722527475642745
0.9195132692840688	0.056390343737971756	-0.016380816140044746	-0.3886478426625095
0.9617048082011312	-0.06729073225440281	0.1309520817135464	-0.23118687577451338
0.9412610601733963	-0.11587658578103398	-0.07780638928809666	-0.3074839821111562
0.975847684368504	0.026048619841942244	-0.12334683824188665	-0.17840494335272328
0.9845288974861806	0.06394765272162362	0.07277178662750104	-0.14600621492622087
0.9430147579865954	-0.07766653804706612	-0.11885595285608888	-0.3009390927711744
0.9819820776417365	0.09812789569142567	0.04357086783704313	-0.1555110759834108
0.9173730378585653	0.020384793962725734	0.026298522393979586	-0.39663529508244444
0.9259677333324902	-0.011166077495512607	-0.09775213237981176	-0.3645594548981748
0.9331032947320339	-0.12144660680206697	0.019308916168038003	-0.33792917721455007
0.9830216015215693	0.08185831320908267	-0.06305259414494337	-0.15163152004819358
0.9813815340737922	-0.04633813723916817	0.09928374685449552	-0.15775233509113712
0.9815594244604837	0.09740658409700896	0.04874706062021529	-0.15708843912982678
0.9776121661945074	-0.11208409832659036	-0.04679274678280121	-0.17181980752904635
0.9338773205850909	-0.07536628968379985	0.09970433118451157	-0.3350404734045695
0.9499966871643868	-0.008547230929225456	0.14789532530998045	-0.2748821783448094
0.9761355443843743	-0.0794956149183379	-0.09692106084940261	-0.1773306351480276
0.9738598845044117	-0.06508934716869844	-0.1132692548343346	-0.18582351344079379
0.9367509697645475	-0.10858134024489345	0.07434332874378413	-0.32431586866370865
0.9729320579094584	0.010613994099984078	0.13214115460183234	-0.18928620943377344
0.9870889488474288	-0.04620364614169997	-0.07001063606946692	-0.1364519731760565
0.9238908385272078	0.07981272628978214	0.03795411826887849	-0.3723105318334644
0.9858053771375663	-0.07455295778494997	-0.051770838024969394	-0.1412423280124214
0.9669963232928758	-0.07099004061325821	0.12317553571884646	-0.211438672603105
0.9706520951029362	-0.11702841968312852	0.07082329625776906	-0.19779514646708196
0.9667526062954795	-0.08761293774362655	-0.11234588412684389	-0.21234823682005588
0.934803515473955	-0.12304718386264756	-0.03246408988400519	-0.33158386702161813
0.9808330318863868	0.051440718165681944	0.09891701787246668	-0.15979937312259707
0.921307519028307	-0.06870124716473662	0.024198357928328182	-0.38195161145554535
0.929811669305492	-0.1089456237347189	-0.030520184249360566	-0.35021369054588997
0.9445490964453798	-0.09997760511945082	0.10334818814341004	-0.2952128636869846
0.9896943565045847	0.00856435826905456	0.06611830338227419	-0.12672845942512154
0.9760156821948066	0.09732047582193172	-0.07948023383236803	-0.1777779669294006
0.9617660046635831	-0.10333852296023362	-0.10481163586461632	-0.23095848746739941
0.9352462521606133	-0.10570150610224827	0.07271045964417677	-0.32993155121263457
0.9694048549987359	-0.12773362561017298	0.054335825867824074	-0.20244990990519485
0.9895260138600126	-0.041167040967569964	0.054072246192817926	-0.12735672272774534
0.9699913125356766	-0.12046372216462795	-0.06708791827912564	-0.20026122058085027
0.9762944770258145	-0.12463100403599527	0.008947984659801074	-0.1767374904551915
0.987012521543436	-0.07763990381037658	-0.03288259055069247	-0.13673720375764326
0.9174322430073168	0.006452541781105223	0.03364693833106309	-0.396414338459234
0.9313011922519393	-0.11766997242582311	-0.0067077692760860175	-0.34465471523070895
0.9888111150313511	0.06539128440549008	-0.032712690453314354	-0.13002476147858147
0.9297169171751891	0.10324380938429945	0.04549429287150887	-0.3505673103103059
0.9743606049314444	0.12367574386018167	-0.038553258334543	-0.18395479936672057
0.9815343021101207	0.10853365225008568	-0.010228247705116971	-0.1571821970177868
0.961825748924733	0.06300539841608713	-0.13297619643055747	-0.23073551884932714
0.9764311420887916	0.11709893329813797	-0.0425904992170805	-0.1762274494965415
0.9444395018321057	-0.09154975787358913	0.11072657962096596	-0.29562187635195925
0.9691624645425541	0.04009406518041126	0.13327985995894734	-0.20335452340293503
0.9887205032549526	-0.05989968033143264	0.04300350475895094	-0.13036292923186446
0.9878908172389843	0.01667441922501648	0.077345305572791	-0.13345935959778787
0.9500353164558327	-0.11222319212079858	0.09673612289388997	-0.274738011866473
0.9828826233658567	-0.06783286174433797	0.07868144727080889	-0.15215019358645496
0.9730617084556388	-0.05334845664103349	0.12107240592145108	-0.18880234700819903
0.9434345923905403	-0.12629295618126515	-0.06601147901842867	-0.29937224944488705
0.928326016891264	-0.07163073429598975	0.08072132663102868	-0.3557582208381763
0.9550527344101386	0.06161290922472212	-0.1361454888829773	-0.256012753138195
0.9268727983237969	-0.06796625314335375	0.07638834431557924	-0.3611817063664661
0.9887201738783633	0.06894759448665275	-0.026150203894328965	-0.13036415848203073
0.9366166139137522	-0.11766082288302014	-0.05830074120866476	-0.3248172915251713
0.9786892691714794	0.11673349342676817	-0.019589905890295085	-0.1678000044940035
0.9527909765317923	-0.0625738585301204	0.13541817528144343	-0.2644537484546027
0.9707302774221245	0.10487726372324892	-0.08761226191070459	-0.19750336607961747
0.9598667138025463	-0.10809661697457565	-0.1015123830752275	-0.23804673745914018
0.9781922996152775	0.000715579607999773	-0.11981898371142068	-0.16965472012756372
0.9380719611597259	-0.07050858117246839	0.11420248262776204	-0.31938586166054184
0.9310008494611564	0.10931074744498019	0.041566891548717226	-0.3457756097855979
0.9880842466537975	-0.02761704420589658	0.07285316825603362	-0.1327374711940269
0.9812437680243818	-0.10805278965569295	-0.020904116598537192	-0.158266484987095
0.9277667457328439	0.10447146170235129	0.016769426854447766	-0.3578454492166078
0.9797099707844943	0.05426733861165405	0.10163897538041308	-0.16399069421486417
0.9856478836232996	-0.015572634986681565	0.09022175330363033	-0.14183010180952754
0.9554220041276689	-0.10820801232185248	-0.10305838394851982	-0.2546346197906755
0.9566603347218451	-0.12915188615322018	-0.07492823601844259	-0.2500131070966431
0.9680248991961715	-0.11392410270202888	-0.08277284403504637	-0.20759997507256459
0.9444290564443836	0.14237458880485562	0.01918046455173404	-0.29566085906964285
0.9894753375650918	-0.06786265527027331	-0.008079152988112157	-0.12754584923512902
0.9431284690716851	-0.09184147077642049	0.10846538527917914	-0.300514717224236
0.9597054285103416	-0.14828042685236892	-0.005022096380717017	-0.23864866236416157
0.9742088840620998	0.11156451784594004	0.06650111500060746	-0.18452102935968306
0.9368725362357769	0.11113476533428611	0.07093803963988211	-0.32386217641658366
0.9780804845514222	-0.06636308280208664	0.10014996315864473	-0.17007201962692345
0.9432214756392175	-0.06595334991263918	0.12602701393446808	-0.30016761198876735
0.9235653514450012	0.08604806708878912	0.010082028543903044	-0.37352526616146664
0.9856507382496004	0.058316435259736704	0.07056245233200988	-0.14181944819913622
0.9292058226603002	-0.10575215701076544	0.03397907258258918	-0.3524747410073413
0.9717160584745062	0.09943465210346154	-0.09117434371754922	-0.1938243811069902
0.9297597628408057	-0.07839751436130858	0.08133425776553906	-0.3504074081093403
0.9715660296357891	0.12804389225448926	-0.04334693811996079	-0.19438429635568305
0.9658947764978949	-0.032462649575126165	-0.1397561570214459	-0.2155497012088885
0.9660780134510524	-0.12792153917540094	-0.06451370057607869	-0.21486585158988067
0.9171157644229475	-0.006084662325619828	0.027919663154946213	-0.3975954526156078
0.9234554810502961	-0.03451783487847362	-0.07880913006732952	-0.3739353080567537
0.9223124369311869	0.07933136606012668	0.0031859422139220855	-0.3782012067845618
0.9899612220575285	-0.04490678092913536	0.04638423634925603	-0.1257325036227456
0.9286780347169312	-0.07151270312180735	-0.08253579279330363	-0.3544444724276164
0.9856852840537489	0.06741488846894991	-0.061672925411766666	-0.14169052150286573
0.9684481633444428	-0.09687220968667504	0.1013881295031312	-0.20602033176619344
0.933582737466777	-0.1020476778965513	-0.07084864013616175	-0.3361398725691689
0.9767364695348975	0.08949607224637932	-0.08556010292930674	-0.17508795195472932
0.918072816385578	-0.02521244824378687	-0.035383203454386655	-0.39402368606558735
0.9647961482800224	0.009530813470671636	0.1443312326863377	-0.21964983753661757
0.9788715088495011	0.08927069105591903	-0.07689121974582937	-0.167119876756471
0.940394337725928	0.13699368513293597	0.01857821553054296	-0.31071863432116825
0.9428690369581206	0.016552424359904484	-0.14082627126024125	-0.3014829310531736
0.9272494070765775	0.08695246891515153	-0.056647180935327945	-0.3597761833665134
0.9213323424424625	0.01768114461692107	0.07083656913159236	-0.3818589692126997
0.9874903812017349	-0.00019502321985033488	0.08154862913040616	-0.13495380723398392
0.952103640509254	-0.039575020703242744	-0.14364320754223375	-0.2670189214125878
0.9458529416528231	0.060476003163894364	-0.13192260674760567	-0.2903468471276009
0.9645342965930164	0.04827147692548065	0.13662776508511604	-0.22062708133657163
0.936265420696302	-0.09581644209050372	0.08869511563672422	-0.32612796245596876
0.9777728055440794	-0.1023801335055411	-0.06451558074650418	-0.17122029331474897
0.9744827577612525	-0.026376038716255205	-0.12655357050294824	-0.18349891879958835
0.9292331018321531	-0.11005383282865988	0.01572615331627627	-0.35237293375199746
0.975824043173949	-0.03668924211488695	-0.1206711369526833	-0.178493173491954
0.934908450148268	-0.12191170388699989	0.037355358744545895	-0.33119224548560644
0.9499660410785636	-0.06466857817666623	-0.13326437138428654	-0.27499655109415455
0.9758356560112607	0.11791562240947738	0.04468036781493325	-0.178449833793087
0.952715775749194	0.08837358924910652	-0.12016012638739323	-0.26473440159602873
0.9907230877024876	-0.030605167397754512	0.04928829565680334	-0.12288918232721688
0.9562965691187831	0.1365696873358699	0.060484412642789025	-0.2513706988093159
0.9577356248604982	-0.14431289376929718	-0.03741961102379727	-0.24600006966631174
0.9690237280224759	0.0010969361127021945	0.13938399668902612	-0.20387229514473185
0.9867943683457069	0.08346885097350036	-0.018693532892720834	-0.1375513625754019
0.9670825728992606	0.09111606629896518	0.1089901962514452	-0.21111678468994405
0.9760347647380025	0.11731734984633659	-0.04486745462767726	-0.17770674990865587
0.9568176786596974	0.12488973771231403	0.08178757763083733	-0.2494258915263154
0.9843206832642365	-0.09429823001581956	-0.02598662614601914	-0.14678328098137436
0.9875368576495178	0.08106661074015813	0.005780603344500455	-0.1347803547695028
0.9521814632613094	0.12718893036022375	0.07764891112995934	-0.2667284829479325
0.9232847983971108	-0.08502053650520797	-0.0035040269447541433	-0.37457230439041195
0.9255119381614002	0.021750685124238302	0.09384989094130797	-0.3662605056345267
0.939541619607953	-0.07186187524025128	-0.11646271725741572	-0.31390102166198547
0.9805733701154675	-0.11231729592782254	-0.003768057242447182	-0.16076844404445112
0.9336455246767703	0.12412987437694221	-0.00807908963086627	-0.3359055475114086
0.9667490990009053	0.13861060818541834	-0.032953694858202306	-0.2123613262216039
0.9206015863072077	-0.05248851963918271	0.04279180309074014	-0.3845861882374134
0.9901865165791651	-0.03998621410236961	-0.04830973070556136	-0.12489169302133074
0.9192531047215539	0.005728329111234932	-0.056018873269478166	-0.3896187900281445
0.9779100609031105	0.055298881731708896	-0.10720405008117932	-0.17070804934123399
0.9283750628919051	-0.008935272715341364	-0.10773205564926952	-0.3555751786718757
0.9303016021780227	0.006321737372064838	-0.1145717759226565	-0.34838523617330736
0.9433816448633245	0.010773357850531039	-0.14203137148038694	-0.29956985230659106
0.9243521498628702	-0.07897944147654605	0.04471266205595002	-0.370588894490665
0.9546214045698644	-0.05562018126298211	0.1386903669648861	-0.2576224980169188
0.9412669404376642	-0.1387862627723004	0.014900205163751089	-0.30746203666614635
0.9255860655417282	0.04600407739135218	-0.08502867438018032	-0.365983858484911
0.923446514517124	-0.042569811914839044	-0.07471080107411875	-0.37396877161411984
0.9207292124008858	-0.005884178447464878	0.06843020577280755	-0.38410988117143513
0.9538613222508249	-0.13101187049754812	-0.07173208256739869	-0.2604591638495094
0.9482192818476293	-0.13153039204887496	-0.06579473579588367	-0.2815155452925916
0.9516137324503056	-0.10640782461086938	0.10406640860776034	-0.26884728317962087
0.9567237711277231	-0.10896155935757659	-0.10207239941767146	-0.2497763592068567
0.9272136072660582	0.09310810339514616	-0.04550550064152815	-0.35990979007827295
0.9733819706911437	0.10434284555552227	0.08027254333970316	-0.1876071120735492
0.9297401198383654	0.1128970178152628	0.0009165631482959957	-0.35048071679246107
0.9800073720692035	0.11372316547117427	0.011065470750811199	-0.16288077751009317
0.9230186060282779	0.04908114039877876	-0.06766138954783674	-0.37556574783548324
0.9296819414011873	0.02643515097270001	-0.10956137307201372	-0.3506978416759144
0.9580856225561359	-0.1486000295071956	-0.010718475791138521	-0.24469386048365951
0.9391530358253078	-0.11428046058667726	0.07406179534602576	-0.31535123608181426
0.992624122768703	-0.020100151074617836	0.029748721920761896	-0.11579442287313091
0.9260732377008203	0.07204517837853985	-0.06768447651160589	-0.3641657072351461
0.972949450930532	0.12619752365098766	-0.04048272988507518	-0.18922129779542968
0.9617197764544099	-0.1027530907926992	0.10542925832438037	-0.2311310134927768
0.9365987234311532	0.06371972711146379	-0.114773583140649	-0.32488405971520223
0.9615278969840032	-0.059918566308169635	0.13461345725702678	-0.23184711742526398
0.9189314422358265	0.051165386632335795	-0.014402114791511133	-0.390819250767768
0.9462573036770422	0.07870219117288987	0.1223757980836856	-0.2888377475085635
0.933663207896519	0.11454498568303889	-0.048623607698199775	-0.33583955283686484
0.9816626115531277	0.013930043246302804	0.10765005487257553	-0.15670333965739386
0.9289788709086098	0.06789288227211229	-0.08690549163358571	-0.35332173647551657
0.9669305567819124	-0.10387909895944208	0.09718161325859934	-0.21168411656345698
0.9698926380085352	0.1171010030982081	-0.07309882348364563	-0.20062947892955457
0.9432793928405829	-0.012378342645389014	-0.14177406000160328	-0.29995146205063966
0.9667246508129745	0.06941763618898829	-0.12445299355060449	-0.21245256810111487
0.9797404512812208	0.05483597838493337	0.10122258796107643	-0.16387693945244108
0.9192806089689821	0.04734579224524042	-0.03096308196238668	-0.38951614277931845
0.9195673395028491	-0.030217701088480514	0.05091625486657841	-0.38844604985884545
0.9370668013359749	0.13026750867578268	0.022771822580155306	-0.3231371691925078
0.9892010350000913	0.07025441341045642	-0.003936737730579528	-0.12856956034435726
0.9725930909913235	0.13237812389559378	-0.015130510173096287	-0.1905512511943378
0.9383605423144098	0.12994679227203187	-0.03567621190175451	-0.31830886212915455
0.9806185933182427	-0.07887170984524959	0.07983842571555849	-0.16059966875401283
0.968477118502862	-0.13336239163622154	0.04320509974049595	-0.20591226964383189
0.9450782965224083	0.13015642589279677	0.062432959764971874	-0.29323786211214453
0.930607344736456	-0.1112866243076611	-0.0317290102733805	-0.3472441894111981
0.9308915950918999	-0.044586559606614486	-0.10774953940887619	-0.3461833526426119
0.9861029472116692	0.08132001143243733	0.03675754465658301	-0.14013178137705717
0.9755717520127197	0.1037988712102024	0.07272362886537435	-0.17943473692396233
0.9846735135148155	0.0342988902386414	0.08989524528962302	-0.14546650055976634
0.9761114790765919	-0.1020244405173833	0.07293406987301074	-0.17742044809937124
0.967136914739391	0.09706281918868309	0.10363537565487999	-0.21091397818160063
0.9411705253340277	-0.01730457676252289	-0.13836290937252058	-0.3078218627315348
0.9237716991940177	-0.0552661064003285	0.06815490857398167	-0.3727551658781094
0.9789098008042194	-0.07898845175350941	0.08726464417968124	-0.16697696923594163
0.9738909693284776	0.04781170684796865	0.12150367800001811	-0.1857075032980355
0.9683544260662462	-0.11634343239529296	-0.07851921195453769	-0.20637016405098635
0.9358665164200008	0.027729841550608637	-0.12669736178419935	-0.327616693482481
0.942440710131813	0.0919010627872316	0.10724423517277458	-0.3030814685311987
0.9177734481102272	-0.019680947158160853	0.034178836887729734	-0.3951409436793706
0.9541468393529137	0.11489728384413603	-0.09548499173763866	-0.2593935995180843
0.9374057213060307	0.08129186194769489	-0.10516828245286791	-0.3218723026445594
0.9525464048845548	-0.1310568104371807	-0.07113422842410369	-0.265366502268184
0.9824453898394923	-0.004960508871566242	0.10548722496728977	-0.15378197132161975
0.975102188114607	-0.01342717689853632	0.12714811011035357	-0.1811871732491187
0.9745946739506454	-0.12038585044813756	0.04640826850088656	-0.18308124189458452
0.9629617862829324	0.04256425165428291	0.13997338655515157	-0.22649576970923102
0.9664749406440604	-0.03672918674550443	0.13800076621313773	-0.21338449913866928
0.9287116752071587	-0.07061797208905904	0.08346152501401398	-0.3543189244088959
0.9717710487759307	-0.07685637820963932	0.11075084151812799	-0.19361915450815026
0.9748002635076782	0.011958187023792383	0.12799634340731758	-0.1823139712222322
0.9508832025265146	-0.10995901915706477	0.09988942664180414	-0.27157365797165833
0.9376390427201532	0.027826144006097266	-0.13044824885465345	-0.32100153527256076
0.9457926906846598	-0.054466831634366705	0.1344530910963464	-0.2905717068019917
0.987659121737141	0.08053196738933406	-0.0010529274781731525	-0.13432405898255226
0.9812553661284225	0.012474956247427615	0.10930553877090696	-0.1582232002735438
0.9766678503502481	-0.12058937549515615	0.02885445306147314	-0.1753440422382145
0.9728821930563222	-0.06942652695889359	-0.11305061008851304	-0.1894723075991898
0.9864987143187799	-0.02467257349714582	0.08358473981791387	-0.1386547584253555
0.9684051757469326	0.13625867543289338	-0.03338385314301579	-0.206180763664197
0.9319515189119589	-0.06799542636793707	0.09860636391204765	-0.34222766309399927
0.9791249472201141	0.08521745383917739	-0.08024035406745034	-0.1661740318807562
0.944343406861598	0.07397554441784082	0.12303937511191182	-0.2959805076642458
0.9547153547530418	0.061129795551880806	0.1363558719103507	-0.2572718711599206
0.952144003481477	-0.08351761507563868	0.1234014716330337	-0.26686828474950725
0.9391018007142112	-0.06251122200026069	-0.12088473209663705	-0.3155424481195583
0.9283878928060119	-0.09019263119041465	0.05967873167269466	-0.35552729678057254
0.9744354564983447	0.07911169745424866	-0.1023728952890217	-0.18367544951602233
0.9774839386565917	-0.12179580956788831	-0.002050817337890202	-0.1722983592154774
0.9319460629494911	-0.0843281840772981	-0.08503871171962263	-0.3422480250231334
0.9814899686467945	-0.05219937737813344	0.09588734501545094	-0.15734765175539583
0.9392480920093527	0.04927203688557231	-0.12713183957736568	-0.3149964815733857
0.980646564616025	-0.10111400337864669	0.048472045788651726	-0.1604952784495361
0.9397006611108434	0.1309228551926157	0.04074680728853018	-0.3133074706926863
0.9573110755523526	0.11558254455146438	0.09432969202192319	-0.2475845092546293
0.9807838602884518	-0.09832200118879579	0.05292712252857511	-0.15998288402437977
0.9243688522803011	-0.08987025350581813	-0.013252571078200201	-0.3705265602202034
0.9210483208900987	-0.0026526669570627343	-0.07096499196173475	-0.38291895207656607
0.941117497998559	-0.13874119433696394	-0.013136258379307195	-0.3080197634416937
0.9373082559780737	0.09260660881528462	-0.09508511197457797	-0.3222360482004717
0.9922485347761475	-0.04001864079319609	0.010315970612488444	-0.11719613634406073
0.9647660075377069	-0.14325490635405247	0.02022630256512039	-0.2197623243183167
0.9834076355082908	0.09703411576653402	-0.030602612790865666	-0.15019082159630043
0.9487520469972553	0.018856584808568118	-0.14621390276109517	-0.27952723868568524
0.9914809665756434	-0.04038771234480878	-0.03032728725852946	-0.12006073986661603
0.9620301485519	-0.14217587777724572	-0.037370781955597544	-0.22997268905569182
0.9818313233110875	-0.10780802673362047	0.005067788311820826	-0.15607369880485378
0.9722862981255934	-0.12753088388168254	0.040592957903857974	-0.19169621775664225
0.9695742371014777	0.10576392772986033	0.08949513475918748	-0.2018177672918692
0.9771188192797144	0.12263476585343153	0.006432973884039166	-0.173661003280811
0.9232145859150616	-0.08300158722790835	0.01687547696648578	-0.3748343409407453
0.9496010334125381	-0.13670781969512688	0.05652145664092361	-0.2763587782489139
0.9420190586392982	-0.10202575693250318	0.0968303268310666	-0.30465509332435087
0.9335490266421321	-0.025128727100172606	0.12157364974748436	-0.33626568307950866
0.9791272469220894	0.10897377206854256	0.042703568970062326	-0.16616544927614207
0.9327963849720271	-0.07176577194982618	-0.09883828881322902	-0.339074580032234
0.9230792060541307	-0.08384192417265696	-0.003937853244067719	-0.3753395854600607
0.9932703141324751	0.014795614569965174	-0.018425868738468423	-0.11338280387212119
0.967295242390927	0.04422067538389024	0.1347169000715518	-0.21032309134182509
0.9427385952499685	0.13062664237262475	0.05472562240375417	-0.30196974613542343
0.9340342335927391	-0.07613318475477132	-0.09961792612881964	-0.3344548660876582
0.9842801809547259	-0.07262547704729544	-0.06579009418921813	-0.14693443765829164
0.924055536282691	0.08629753702504378	0.02272179837977353	-0.37169587144210836
0.9764540065846762	-0.11211961155038108	0.054228405695191925	-0.17614211803621088
0.9276118235517146	-0.09524082691855551	-0.044698921029846364	-0.35842362666780214
0.9401647925093974	0.1260039131128634	0.055982173900555474	-0.3115753087318948
0.9831255287152116	0.09574525611724637	-0.03771467206129195	-0.15124365848123245
0.9268733245287017	-0.023498070559202323	0.09951318773740536	-0.361179742543026
0.938808968271773	0.13430176513275396	-0.01851580703119123	-0.31663531367284237
0.9405039511750498	0.06916647537201007	-0.1199012045126297	-0.3103095513598528
0.9491333922107421	-0.12829175555050956	0.07311068837588824	-0.2781040389737294
0.9210925585989908	0.07096998773387013	0.007158634464212582	-0.3827538546993704
0.9560119590054685	0.12777171506197016	0.07741553504287625	-0.2524328782125541
0.945227453061799	-0.14343207131451927	0.017607291105266477	-0.2926812023288575
0.9336977023254566	-0.06995122210608481	0.10302268662482279	-0.33571081787549206
0.9269862209500845	0.09027403547987878	0.04899506305924771	-0.36075840736243264
0.9289207734855953	-0.04877162010584368	-0.09868137084734177	-0.3535385590099953
0.9730518263140182	-0.11866653882951368	-0.058550337017721804	-0.18883922766281488
0.9811186019232595	0.03207343756343224	-0.10574130804483754	-0.15873361123586888
0.9697259390948366	-0.06921355569003601	0.11974505056750445	-0.20125160774504458
0.9259575779686438	0.06044715131076625	-0.07757238077224016	-0.36459735523201864
0.9182205910234591	-0.013765799960666012	-0.04314034883935249	-0.3934721836089448
0.9769984104772481	-0.10862269717320731	-0.05797234585509168	-0.174110375049294
0.9847749448711108	-0.07042509629401832	0.06486986581390605	-0.1450879535845915
0.9402214889316121	-0.08026373287839225	-0.11222264494905633	-0.31136371480358216
0.9816262031853452	0.10473704744855877	0.029010480079555097	-0.156839217535779
0.9817736152775377	-0.058928136617367	-0.09067397778009166	-0.15628906811806634
0.9329286649806445	-0.11974515684955021	0.025849075396788664	-0.33858090431924814
0.9732424001350202	0.029154230188775145	-0.12867446670515031	-0.18812799648024303
0.9493958611394726	0.05408080649260104	0.13756737032393201	-0.27712449159629876
0.9755494715619992	-0.11237430202609298	-0.05872454696837563	-0.17951788869806656
0.9293407667453896	-0.057019661749432626	0.09586879646659488	-0.3519711228256065
0.9304528801791844	-0.10387725571642298	-0.04987727631898757	-0.3478206589869045
0.9367424000720347	-0.10571005431901136	0.0783424007199523	-0.3243478511915719
0.9813867054833743	0.05174107065526512	0.09655716201969766	-0.15773303512783032
0.9827272282760521	0.049422634300550196	0.09207661806486767	-0.15273013595685286
0.9845690374768853	-0.07819336818080386	-0.05688158882716641	-0.14585641044149528
0.9376773902967641	0.11612938848486083	0.06576436013133378	-0.3208584201683015
0.9836849037775524	-0.09998063853383923	0.010970735414474374	-0.14915604232808988
0.9697279038589136	-0.13373299416060166	-0.03527067438150479	-0.20124427514568416
0.9329004873230333	0.08317668109960144	-0.08983356836355066	-0.33868606476909147
0.9676202458031475	0.07846533223408168	-0.11758907967130347	-0.20911016209478497
0.9710545057050621	0.018741846055255904	-0.13479917985474002	-0.19629332965444343
0.9694034232341685	0.10030648444826892	-0.09595562829402562	-0.20245525332330455
0.9608101319195734	-0.10148269019777655	0.1074373222499777	-0.2345258531136136
0.9244973359979695	-0.015326087905592298	-0.09019404486646088	-0.3700470524579196
0.9739581491808856	0.11962344079764714	0.05197631262086708	-0.1854567846756042
0.9197581979203988	-0.02068157324619774	-0.05726835007094566	-0.38773375654749753
0.9425895883673757	0.12654116399103346	-0.06316892730611971	-0.3025258473919371
0.93003043574704	0.0380098415894139	0.10733222750354962	-0.3493972430710419
0.9286585480275403	0.04931758313003749	0.09735827481216675	-0.35451719774249457
0.9257103168056386	0.0877601395739085	-0.04187588562669413	-0.3655201464550923
0.9817124016667333	0.09109728913117414	-0.05868824522083829	-0.1565175204237031
0.9651883231914873	0.024026173699027695	-0.14222874810339814	-0.2181862208415768
0.9611794378105684	-0.14725758718401188	0.009565305285404106	-0.23314758476488617
0.9771941438019107	-0.07414957945190809	0.09763636364917139	-0.17337988833691864
0.9570608692981734	0.0645184598455256	0.13457533014681142	-0.24851829170759782
0.9239555531597626	0.07049538880775363	0.05386265039756811	-0.37206901353677646
0.9210154563401917	-0.06595451417828767	0.025683859876885387	-0.38304160424658695
0.9392946497994641	0.012429976563950843	0.13585914774982485	-0.3148227255352018
0.9885573932797165	-0.07302049336544704	-0.016392406282171722	-0.13097166394666698
0.958140995675777	-0.0668387483270873	-0.13313309365805512	-0.24448720518778544
0.9464008548022189	0.015085286375003604	0.14484408405096816	-0.2883020074159206
0.9584642557759601	-0.03765459947074824	-0.14402382654970033	-0.2432807820698424
0.9178484281520696	-0.0027797525949743926	0.04038856627401516	-0.39486111435366145
0.9836937167268369	0.003498973513539432	-0.10048240845002657	-0.14912315195359538
0.948793823118014	-0.12612884114184514	-0.07637707569599585	-0.27937132808047066
0.975792440680496	0.11617556195066542	0.049299299175952174	-0.17861111560316661
0.9827383948664945	-0.101111836471877	-0.026227417946598563	-0.15268846167397448
0.9851692069935915	-0.025321095146873595	-0.09041439636674488	-0.14361654731199391
0.9591144940314011	0.11705776180310719	-0.09157614093092312	-0.24085405986351152
0.987088881250484	0.03085182539933317	0.07800317654164758	-0.1364522254512887
0.9556081025066031	0.02000185919071651	-0.1480794048524387	-0.2539400911852868
0.9869477848968463	-0.0844468091997949	0.0062939256334623925	-0.13697880421182745
0.9412215400379418	0.05327364256874497	0.12894498141888977	-0.3076314732645944
0.9732169641020724	0.06513003439775039	-0.11479960753347035	-0.1882229250475472
0.9760752940174131	-0.05117043253104778	-0.1145977936024103	-0.17755549257870124
0.9843797223021046	0.09483949334630787	-0.02283278744664747	-0.14656294429242084
0.9401434535454865	0.024943526027962654	-0.13557028207401223	-0.3116549468293915
0.9796751896610305	-0.054206074956993824	-0.10179727876585297	-0.1641204991347755
0.9284303688961358	0.05089242201280353	-0.09560358812551432	-0.35536877385412285
0.9369757777980517	0.0333050120205569	-0.1277884196659937	-0.3234768736607213
0.9669063874020383	-0.060903322591071965	-0.12858639729473556	-0.21177431791713464
0.9313164760836504	-0.11706408886386542	0.014073475915250131	-0.3445976751942287
0.9810605421214552	0.007362632219574873	0.1104572703718172	-0.1589502933660798
0.932307802050612	0.06962729787392696	-0.09870540882976546	-0.3408979963186657
0.9179937810246757	-0.03934134613287211	-0.0158895786206397	-0.3943186500480692
0.9769108573236158	0.09305831389753166	-0.08097540045775505	-0.17443712786701268
0.9607900968906733	-0.02997811910867182	0.14472818974579824	-0.23460062485940011
0.9217219613603248	0.07205944060901619	-0.022982197459748048	-0.3804048916156476
0.9812820752404845	-0.09313825413343138	0.05837556586562611	-0.15812352051030337
0.9251206229140336	0.04558539380686513	0.08279573855763897	-0.36772091401947554
0.9887669202438157	-0.04920821271275497	0.05449010546058682	-0.13018969867109315
0.9505422108240349	0.14480765287208885	-0.03248337294660257	-0.27284625633027204
0.9379454402914742	-0.06587076525421443	0.11666286911238757	-0.3198580439690747
0.9540587485998773	0.14874068162978882	0.013871202107722504	-0.25972235868409266
0.929829983219643	0.10932072532897072	-0.029384021738497322	-0.3501453420877928
0.956531312162797	-0.002049135919573508	-0.14931876077107809	-0.25049462584233295
0.9732226134466415	0.1012414444133183	0.0846639327007924	-0.18820184140658575
0.9586327610163736	0.13857781663372368	0.054216859642953086	-0.24265191195127758
0.9687883697033182	-0.0936124044340536	0.103744772938073	-0.2047506643498126
0.9597282756625256	0.11549393536314105	-0.09311441377673313	-0.2385633956314026
0.9756492778145512	-0.10841112134212433	0.06528735505609133	-0.17914540669262963
0.9345117134949995	0.03414467334427938	-0.12186364917055437	-0.33267288683282914
0.9490816804930609	-0.04508036057662925	-0.14057911681823182	-0.2782970297314626
0.9332484137983188	-0.09907755460908253	-0.07348913848667903	-0.337387585486028
0.9751501258060793	-0.10564588950886451	-0.07181354553007836	-0.181008267348947
0.9507201862068413	-0.0554864511637267	0.13772914236935954	-0.2721820431591418
0.9833553201051065	-0.09148891129105818	-0.04501249697154662	-0.15038606533900273
0.9438470421831165	-0.10897256865778453	-0.09259192560534002	-0.2978329658634212
0.9377161706626583	-0.06915687165852161	-0.11422976629830796	-0.32071368987244814
0.9600106509313541	0.09982175427563762	0.10956449200916482	-0.2375095567813339
0.9587424153762814	-0.13489253914439037	0.06273332141986558	-0.2422426763088304
0.9753607600124193	0.04587400096012485	-0.1186883877235862	-0.18022216978907374
0.9282809943309989	0.05005310780869185	-0.0954232069825677	-0.35592624732057276
0.9792710009403732	-0.09299905914843033	-0.07033158594856326	-0.16562895197611477
0.9875020716675367	0.052088236844164984	-0.06265555007276434	-0.13491017782164758
0.9738163820020259	0.0897504028867082	0.09505670205804974	-0.18598586698995406
0.9646099938465318	-0.05442884890028127	0.13421374108792702	-0.2203445753404586
0.9495034593206312	-0.04220613088596307	0.14172594477512926	-0.27672292971741297
0.9715657199788367	-0.0016922043472317877	0.13517205425999862	-0.19438545201116242
0.9711208784245914	-0.04336644703665899	-0.12887864193478935	-0.19604562329292344
0.9765712886859481	0.09159992395763629	-0.08394004108847912	-0.17570441527544559
0.918604299737361	-0.044364355479171565	-0.022415506023217138	-0.3920401631933561
0.9723268523435387	-0.11267569852077165	0.07207803385630697	-0.1915448673548094
0.9668586002654472	-0.09234724606614061	-0.10831667615736376	-0.21195266193884063
0.9901064325347617	0.05578308663347755	0.030080234303290196	-0.12519057074391982
0.9319871455727133	-0.1005889676333128	0.06521529376085079	-0.34209470258595964
0.9629185383772805	0.14121888687712106	0.03836196456383284	-0.2266571730904448
0.9818630891647918	0.021972983288384543	-0.10554645544795598	-0.15595514702488356
0.9906487920289009	-0.03804625106216831	0.04469314673350899	-0.12316645755582492
0.9743772455573932	-0.0630954585435464	0.11309917292994714	-0.18389269570520964
0.9682373717721481	-0.135126649096325	-0.03857510185239942	-0.206807016623805
0.9596220536947946	0.09395145281919369	-0.11487751009907037	-0.23895982141185457
0.9825282174870497	-0.004745927118722362	-0.10517538210289225	-0.15347285433266422
0.958626986048534	0.04937224346851873	-0.14037903283082845	-0.2426734644246669
0.9713113281575939	-0.05760418277234859	0.12280210201274883	-0.19533485521307015
0.9666082870401118	-0.13014634901613328	0.058391258587143384	-0.21288684361359908
0.9471970280242692	0.003103682969533797	0.14626885615472737	-0.28533064849960305
0.9567091493088972	0.11682965625071749	0.09296742534367883	-0.249830928577614
0.9891926100484005	-0.06712607467013233	0.02130381260700601	-0.12860100269211863
0.9204485488311244	0.06651834486552682	-0.001899593383686688	-0.38515733187361845
0.960998561581956	-0.016681980651818293	0.14673260253269024	-0.23382262403994897
0.931124487957182	-0.02184471725343168	0.11527406535432215	-0.34531418463665925
0.976306255838804	0.11792582731193044	-0.04121880699542835	-0.17669353132666185
0.9294778343145735	-0.024891339115269417	-0.10921328031296414	-0.35145957969334213
0.9380665336800735	-0.04752715634024511	0.1255072907729153	-0.3194061172903615
0.9412655321728705	0.07906974553711991	-0.11502624656728064	-0.307467292381907
0.948196937587795	-0.1468554109473447	0.0076220414400394974	-0.2815989352055508
0.9777361156226637	-0.10614798103598899	0.0583214952596479	-0.17135722196559783
0.9723572177383246	-0.11586813361373545	0.06670818084616593	-0.19143154215867644
0.9753266317758861	-0.12690548210097047	0.010344277060131388	-0.18034953810178866
0.9717787466130915	-0.01793895799415606	0.13359269613306013	-0.19359042578875765
0.934208675943357	-0.12311937469442917	-0.025899167072034837	-0.3338038383721601
0.9383747206507399	0.10458030310215981	-0.08502349969252204	-0.3182559478576037
0.9257756422129498	0.08901369686476451	0.03986491094168389	-0.3652763487159819
0.9352601711685863	-0.04854549737043594	0.118790543685418	-0.3298796047676886
0.9681262473886441	0.06913864693359563	-0.12251762209273472	-0.2072217384690014
0.9408173425489779	0.047687229936250776	0.13046509845494322	-0.3091399588296994
0.961199277697239	0.12484810016991106	0.07864874305564729	-0.2330735412998151
0.9607902663710031	-0.13571780177039885	0.058528505180248276	-0.2345999923501987
0.9703590301815014	-0.07410647917319693	-0.11556295186523034	-0.19888887964379268
0.9411831135977354	-0.017102075187763077	0.13840696256617274	-0.3077748826917985
0.9763782866363563	-0.12333709409047701	0.018647379326136186	-0.17642470873048724
0.9556694826744423	-0.052649023673537194	0.13983790581085387	-0.25371101728033374
0.9210605515084751	-0.05485605781145297	-0.04523609538840542	-0.38287330678737747
0.9872713234826774	0.03966244341559404	-0.07272116036401616	-0.1357713417712968
0.9767464696626473	0.11382525410440154	-0.04865616226819403	-0.17505063096988455
0.9617283196699773	0.023267716326469352	-0.1453631477970349	-0.23109912977821906
0.9853358536143049	-0.0928605090971338	0.00653619901740541	-0.14299461365658184
0.9524002057732379	0.1335402161924633	0.06626915268464947	-0.2659121247796397
0.9783547322848829	-0.015754962167304473	0.11830637845886316	-0.16904851315178715
0.9520078006286151	0.13091477930325487	0.07107898065900856	-0.26737660071652336
0.9783495035566142	-0.0019962570663809853	0.1193493447153344	-0.16906802703134513
0.9432285929746271	0.13853264239290744	0.0323091109886147	-0.3001410497314041
0.938960821213455	0.0920792821894865	-0.09987305913242872	-0.3160685907792061
0.932536151399271	-0.11965239368274704	0.020700124608286817	-0.3400457849475951
0.9492744535519835	-0.12713773043288468	-0.075264137373182	-0.27757759088123274
0.9465886980219126	-0.12778191441276432	-0.07019474995014463	-0.28760096697616633
0.9936593976533213	0.010545858941208852	0.0011398459724785508	-0.11193072440393537
0.9731178294498668	-0.08492018495958911	-0.10130631783894478	-0.18859290060636913
0.979362426997324	-0.0334077528658103	0.11141418173865238	-0.1652877452864388
0.9369411555771409	0.10877855511442074	0.07475023965942397	-0.3236060855482316
0.9258627358136247	0.07711994027638623	-0.06034276976062169	-0.3649513109732495
0.9827173794809303	-0.002476596041225687	0.10451169885596995	-0.1527668921606406
0.9552589089445545	0.10996182878213542	0.10119126076459667	-0.25524329930052836
0.9366540464487282	-0.043818043254689805	-0.12386943931995574	-0.32467759140278474
0.9385557423873006	0.02446929631206802	0.13287995858526686	-0.31758036553948504
0.9683831520394407	0.13571602156178322	0.035648629709333364	-0.2062629572595276
0.9293796453997843	-0.10930846707062487	-0.022881900596043434	-0.35182602571207533
0.9502076038599191	-0.07448723140737021	0.12817596639211604	-0.27409502652091866
0.9354336528214997	-0.06953568194780169	0.10832752803487851	-0.32923216242483444
0.9264942136629926	-0.08506337805383835	0.0538316564435221	-0.36259460355555395
0.9304734832834224	0.038534243015497044	-0.10866683682900019	-0.3477437671550946
0.9774151086954888	0.012445284603639303	-0.12136519546368577	-0.17255523612739654
0.9348063258789377	-0.08008460036882745	0.09890745465050621	-0.33157337844743273
0.9747312011609717	-0.08946705486221043	-0.09253269859987451	-0.1825717154090312
0.934738136908368	-0.059682953012225176	0.11221777829756849	-0.33182786315011464
0.9563332963670771	-0.11055876277386385	0.10042434446976317	-0.25123363085266087
0.9693168750527745	0.06592034854708503	-0.12231223351781684	-0.20277825553356957
0.9381560532448728	-0.05229316506221381	0.12378080241588682	-0.3190720257262588
0.9748240293024234	0.07105598582431924	-0.10706590276453941	-0.18222527606876132
0.9806326818804113	-0.052052536350253434	-0.09937156903686206	-0.16054708952419455
0.953282152402887	-0.11163389053279385	0.09910299634293568	-0.2626206551482253
0.9888081290829702	-0.023672176766624867	-0.0692009773635797	-0.1300359051896478
0.9637538711611376	-0.14242006242309158	-0.03041411118017283	-0.22353966869986205
0.9170475349321208	-0.027175536043481434	-0.0007848329977542395	-0.3978500885419478
0.9406605399193152	-0.056793886741727626	0.12650111429089578	-0.30972515421036095
0.9908301474801917	-0.006697352078168968	-0.05663086536177739	-0.12248962979737804
0.9767381147665878	-0.06710983604853471	-0.10404462610488101	-0.17508181186647082
0.9570675193243356	0.04561110839201145	-0.1420999081188689	-0.24849347347208836
0.9277752209251298	-0.0781062391081742	-0.07142706432932924	-0.3578138193683932
0.9760189349419317	-0.07690724770621654	0.09935604890540625	-0.17776582751186557
0.9440693291568092	0.12434484746961336	0.07113686223757684	-0.2970033795837393
0.9714155622768335	0.04176921790405955	-0.12885361491946942	-0.1949458481841862
0.9308695220966783	-0.11388477763819693	-0.02474336992307997	-0.34626573018225437
0.9541839571110708	0.08189164624480356	0.1249541547532545	-0.2592550741587783
0.9360844022185402	-0.04332286655879425	-0.12275411287834391	-0.32680353261208456
0.924241054965588	0.08962341991173287	0.01012488215361338	-0.3710035062917836
0.9806673590282129	0.04665655040327894	-0.10188654250538	-0.16041767264673717
0.9351400512436066	0.12799242130003347	-0.003808433826041468	-0.3303278984307141
0.9203960696622991	-0.0046935809517685695	0.06596943741352383	-0.3853531867980131
0.9521971355365723	-0.14563877789460292	-0.031576512871989974	-0.266669993220381
0.9457789497645291	0.1286101711360603	-0.06708114900393687	-0.2906229886140619
0.9530837013571681	-0.07255293432819201	0.13041611762534616	-0.2633612845336635
0.9609855752786075	0.1209825405561091	-0.0847010179625771	-0.23387108958384809
0.9244023484165613	-0.025028648990426016	0.08750174875118596	-0.37040155093782284
0.9493778604787679	0.0701216891554984	-0.13011304424970868	-0.2771916709766185
0.9661643116246582	-0.12252400475154923	0.07406319346894757	-0.21454378242138333
0.9821952854515549	0.01940982826562216	0.10477992638777357	-0.15471537360459803
0.9463574873104175	-0.13032532081570022	-0.06489545526095672	-0.2884638570987203
0.9411225963691805	-0.015911810379656804	0.13845800619002607	-0.30800073606349887
0.9836460148494356	0.10033756374871833	-0.009058094954442444	-0.1493011777836734
0.9810110444620778	-0.0807242014162177	0.0760064404776627	-0.15913502114573236
0.9845370446652326	0.08325978412020524	-0.04945380821348376	-0.1459758092400601
0.977135200386852	-0.08329993723152393	-0.09017209323372004	-0.17359986815668987
0.976285070763178	-0.11241119619336876	0.05461348913101988	-0.17677259510526017
0.9479601029137487	-0.06903399008032643	0.12965111320469133	-0.28248281424208566
0.9278283998155027	0.07720679631823354	0.07269683873935916	-0.3576153530476312
0.9252896402868671	-0.061142815358848655	0.0731127366327621	-0.3670901325966992
0.983245867371063	0.10039783587131856	0.020219866263483523	-0.15079454850348045
0.9262243754738949	0.09910286217663304	-0.008992588090633614	-0.36360165338708894
0.9836951260601802	-0.0019547422235200347	0.10051831753077153	-0.1491178922499533
0.926757442488002	0.10142507233299232	0.008378525681566103	-0.36161222020660244
0.9655871385766617	-0.08098834748862033	-0.11884620110461667	-0.2166978215612656
0.9740110203316766	0.13006719478984283	-0.007999190752662578	-0.18525946685459718
0.983000759744367	-0.052450717671653706	0.08912191681281544	-0.15170930261963253
0.9405341343226323	0.13586138212513163	0.02674147211374993	-0.31019690631954255
0.9703248269949625	0.02112370896723261	-0.13570534532343448	-0.1990165276737366
0.9738622019426965	-0.12859600904444587	-0.02298508565850437	-0.18581486464337207
0.945087094446215	0.12823300453467162	0.06631358928687547	-0.293205027813497
0.9735920713792996	0.11046543799812901	0.07080275504793415	-0.18682300563064644
0.9746133731634671	-0.07214681363918973	0.10691312966563363	-0.18301145548227243
0.9619988135024002	0.07625758771117513	0.125705305767976	-0.23008963305248287
0.9912101553327172	0.023802823199744246	-0.04772383623916974	-0.12107142118447795
0.9581768656128832	-0.11758436193746402	0.09144648077572007	-0.24435333676004098
0.975580374061237	0.05353630640258191	-0.11485434021951135	-0.17940255900083063
0.9380835980377826	0.12140964426613371	-0.0572649311747505	-0.31934243224039244
0.9497219101945152	0.14134679348308693	0.04386730497211846	-0.27590765995712
0.9784472711205647	0.03759757388665781	-0.11298940688637024	-0.16870315351534954
0.9473588810864301	-0.022553551879173843	0.1446832690043156	-0.284726604648258
0.9696214918838486	0.008131953155250227	-0.1382344948651618	-0.20164141004316066
0.990049888846484	-0.06017634726696826	0.021318181935680466	-0.1254015946614192
0.9749474559954497	-0.11113644834143066	-0.06393561638304263	-0.18176464137937665
0.9879866794507455	0.03936902836844064	-0.06794384241256987	-0.13310159695296936
0.9408821145421041	0.10204397880229675	0.09439151770454252	-0.3088982264604448
0.9664847968398574	-0.06408551847401865	-0.12760460872996068	-0.21334771531518515
0.9222695577434488	0.009084056992721929	0.0786073743665026	-0.3783612340917879
0.9286871896024657	-0.03467966730413645	-0.10358937973938277	-0.3544103059296644
0.9295898579787749	0.11238610990682343	-0.0013864834740642679	-0.3510415016868925
0.9705457974610455	0.11833794836316947	0.06897081811475045	-0.19819185466734246
0.9298303682485902	0.07828017486205105	-0.08177375006338289	-0.35014390514019944
0.9817825866300396	0.09951190499566809	0.04224363879157443	-0.1562555865747169
0.9282875832398073	-0.05215825592975504	0.09431696326230242	-0.3559016571781332
0.9307074396716056	-0.062128650605078814	0.09800233945240798	-0.34687063002763946
0.9893157465814275	-0.03870046299667613	0.05776154683267919	-0.1281414508945938
0.9259764062672088	-0.061439041530573286	-0.0768956566267765	-0.3645270870651541
0.9278467498348901	-0.09879687556793713	0.03872753625454938	-0.35754686984295747
0.9817647189804561	-0.04693470824913976	-0.09746033946836591	-0.15632226955077405
0.9439607800661827	0.141318656544443	0.02269962342804186	-0.2974084903050728
0.9389841904872781	0.13235010469862762	0.03078814970698091	-0.31598137546196253
0.9817840923503242	0.06180875941687013	-0.08868833650929625	-0.15624996715011277
0.9677502068005315	0.13982904043055022	-0.01956852605223784	-0.20862514104954577
0.9892589646188141	0.03218358952457496	0.06209936730816532	-0.12835336406402076
0.9612407435276755	0.14581310204944659	0.022441259259520695	-0.232918788713848
0.9719324435778995	0.13202776010801417	0.025700243743211254	-0.19301682090712496
0.9360447758550225	0.11199641937862648	0.06617966803257537	-0.3269514202140518
0.9417058380467744	-0.1237968385495785	0.06584913605482112	-0.3058240484896265
0.9726681444104658	0.08013677475022293	0.10626226241038499	-0.19027114802081724
0.9633913309292659	0.1375796719588916	-0.048705816580265855	-0.22489268726499492
0.9693505988699068	0.09159030313816469	0.10441570293970398	-0.20265239653460676
0.9670358266092022	-0.024528387995322136	0.1399859934164141	-0.2112912442195077
0.9439860423206441	-0.11756957324023347	0.08168235863877427	-0.29731421028790916
0.9765857412454443	0.03447853786575844	0.11932489323458195	-0.1756504775891065
0.9579280084323335	0.14319170794801958	-0.041313006515610796	-0.24528208440168064
0.9523040040803882	-0.03332833578453646	0.14527896678013574	-0.2662711543851294
0.9287799130462001	-0.07732062030120027	0.07763952911949862	-0.35406425732659463
0.958480169066118	-0.1467872257722624	0.024751361803235773	-0.24322139286245759
0.9782686127380434	-0.05220250744148355	-0.10760692920193739	-0.1693699156761171
0.9275991545318913	-0.0989896385085459	0.03548898463346954	-0.35847090809346444
0.9408008007114492	0.1388453866164668	0.0031819086100953256	-0.309201693807807
0.9571011753468507	-0.07825081022312673	0.1270730232957306	-0.2483678674860817
0.9868063367388118	-0.08533321394745076	0.004837865802321071	-0.13750669592424908
0.9872997459344511	-0.03601584776191574	-0.07441105776396416	-0.13566526773720142
0.9326581494874349	0.0930907579643542	0.07849325824548337	-0.33959048188414154
0.9287275765211823	-0.08155190206833177	0.07290079512112606	-0.35425957989705253
0.9555322736245108	0.14628215653107168	0.030499607436334217	-0.2542230884259364
0.9219360296713907	0.00207528486997708	0.07699968833118584	-0.37960597780245925
0.9203577326991192	0.06583420805538669	0.00036423788820416636	-0.38549626229240824
0.9271574208576552	0.09130137970194672	0.04855033160456946	-0.360119480609128
0.9725834502140115	0.09077582146665755	0.09755864883138006	-0.1905872310650908
0.9736142410266458	0.0240631820255968	-0.12893543143613143	-0.18674026738036403
0.9364070808723837	-0.06745681280662925	-0.11214484606619536	-0.32559927948142287
0.9583805096151682	0.023993126325659003	0.1469469962996652	-0.24359332699685682
0.9885082115908053	0.07044184882427675	-0.026225403402412865	-0.13115521250848583
0.924407524544253	0.04027187647821855	0.08164499823925248	-0.3703822333662911
0.9599455969956301	-0.07312126075220765	0.1289633909509389	-0.23775234137468804
0.9675856403398759	0.03752077575713904	0.1363419617797835	-0.20923931144193408
0.9822295792714886	0.08830386107842608	0.059415666304853704	-0.15458738732621966
0.9629656770230959	-0.13989875732572638	0.04279820444367442	-0.2264812492692616
0.9506187355898832	-0.0841110227084261	0.12231124611328967	-0.2725606620160887
0.9823743404687282	0.08156879937754084	-0.06750309275119847	-0.1540471311831571
0.9821396177649686	0.0878711522054746	0.06065687234864581	-0.15492312823927795
0.9544533706748796	0.059964739000447076	-0.13685807506057762	-0.25824960905039607
0.9351574795373395	-0.026560977834572116	-0.12530542457540006	-0.3302628551530137
0.9541996719867099	0.097666402977015	-0.11305517567454193	-0.2591964254444592
0.9868120755465515	-0.055915425461547444	-0.06460023973356047	-0.13748527840218974
0.9295103696557674	0.08029022803852034	-0.07826526700377243	-0.35133815614696506
0.9479724077618272	-0.026479623531953086	-0.14448718192362303	-0.282436891923877
0.9409899837698197	0.107778367980849	0.08804604424257813	-0.30849565302203696
0.9847558613612585	-0.02464550598420274	0.09261375001177542	-0.14515917421294727
0.9832722861989995	0.061718243533300146	0.0815916639751541	-0.15069595209534503
0.9458709093114389	0.12364320697327645	0.07601462540434738	-0.29027979091275363
0.9677255414199842	0.1367761425612353	-0.03516669512087831	-0.208717193502936
0.958002173187047	-0.10754573113832591	-0.10314143661963261	-0.24500529776895924
0.9694731575113353	-0.07662889550980992	0.11561570232192692	-0.20219500145788885
0.9600601238641276	-0.13336278911142102	-0.06462048270181081	-0.23732492128262342
0.9429740218784551	-0.1299498362025474	0.05707162507075339	-0.3010911219964567
0.9826919816901225	-0.05865035853174511	0.08665974822906576	-0.1528616780063352
0.9371669977224504	-0.06866045961849387	-0.11325924358879025	-0.3227632311874461
0.9793536931685162	-0.0853659291131725	-0.0790454734991631	-0.1653203403792939
0.9614447391924542	0.1441433035748408	-0.03081610372538473	-0.23215746652837013
0.9545964215049865	0.14407037147361412	0.039648448744171096	-0.257715736084372
0.923065833570411	-0.06514215796528933	-0.05280809843036561	-0.37538949224872575
0.9193297618199407	-0.008813673088802656	-0.056348517948782116	-0.38933270184220387
0.9591831415531791	0.09612615670969278	0.11331430130183086	-0.24059786382442247
0.9556502304544853	0.13337144751865299	0.06737173116769121	-0.2537828675433718
0.917189733993653	0.013656619806530369	-0.026716800149289368	-0.3973193944195207
0.9502650162614366	-0.13953220744465092	-0.050164638655683824	-0.27388076052147053
0.9747458857500662	0.10565927578099761	0.07344489478748208	-0.18251691177644225
0.9804465596689412	-0.07600674734158445	-0.08335844223479025	-0.16124170707381785
0.9761584864341164	-0.0475843095185678	-0.11590749662051547	-0.17724501425276012
0.9730665957691353	-0.06557656932759946	0.11489854038322866	-0.18878410730591752
0.935444260051912	0.10731899975990566	0.07112606223559427	-0.3291925757020084
0.9567624370296383	-0.09909834203982208	0.11166465091135702	-0.24963205609638858
0.9843393574364269	-0.06097067769406413	-0.07637885147662367	-0.14671358802197051
0.9695284731145561	-0.06221891275202264	0.12387077143340422	-0.20198856081621758
0.9827963531463636	-0.058253117767917986	-0.08642999141844868	-0.1524721584287837
0.9361352623134083	0.11269049495597533	0.06538425504029785	-0.3266137201539591
0.9239805883400062	0.08310744604260849	0.031419610811984064	-0.3719755809721309
0.9834842115541375	-0.0983365097042397	-0.024843846199356413	-0.1499050359025582
0.9714889774132521	-0.10136646114720654	-0.08964861721341494	-0.19467185916502705
0.9231817466533604	0.03476642779895721	0.07703299446346729	-0.3749568987338971
0.9238260323023011	-0.06866625321623397	0.05509195001635619	-0.3725523919574627
0.9858953597882941	0.022991326664394712	0.08733323763812073	-0.14090650818810546
0.9280829891112787	0.10538268842024358	-0.018611293308220006	-0.3566652128607319
0.9241575989963651	-0.006892562717591047	0.08950094513645694	-0.3713149682091183
0.9904669499594283	0.05944268462991269	-0.010206818395693977	-0.12384510139805019
0.9587805090919556	0.14522453272825314	0.03220425751400089	-0.2421005086264855
0.9554413650357245	0.14933438731192497	0.005389028802923551	-0.2545623638981311
0.9637425515282935	-0.01254546285274031	-0.1451000806440523	-0.22358191414475934
0.9218370498984965	0.06241733830205268	-0.0440368419172559	-0.37997537534382225
0.9620242390376251	-0.13971075610406264	-0.045745885281650196	-0.22999474366321396
0.9708367883514613	-0.10674481011311111	-0.08503384684917156	-0.19710586187977122
0.9293484290435459	-0.0244552742608755	0.10885722239371859	-0.35194252673958437
0.968880252841261	-0.11098404588367682	0.08468215994682238	-0.2044077518106513
0.9229454089270548	-0.063095373460992	0.054183483130008384	-0.3758389231362147
0.9294451413057812	-0.11011487218931178	-0.019920557958388957	-0.35158159166320757
0.9407850969024225	-0.07101969806769369	0.1193217080894748	-0.30926030122096676
0.9743858904912481	0.018226818791013958	0.1282000814976768	-0.18386043237283514
0.9801718122369675	-0.09577868884041707	-0.06131114508531815	-0.16226707844919297
0.9554023022848633	-0.03272305603228831	0.1458060413698146	-0.25470814806902836
0.955525436302646	0.07470312525892558	0.12941495344775186	-0.2542486056585236
0.9256071184140817	-0.08568784289645395	-0.04497083571135455	-0.36590528809564243
0.9700232250488654	-0.007053142592213707	0.13765292319006384	-0.2001421214602325
0.9890993207704304	0.0405522668527824	0.05839658090770782	-0.1289491630173045
0.9216988725986345	-0.006569779637310024	-0.07519693790281429	-0.3804910600473598
0.9368867430712179	0.06815899747845565	-0.11289469584531298	-0.32380915578490327
0.917515013295567	0.007889905597778779	-0.03470495215446901	-0.3961054355381274
0.9655817105795578	-0.11525594928437	-0.08603081151761809	-0.2167180791222407
0.9668594370566427	0.0038982848974241924	0.14228501421662593	-0.21194953899158375
0.9904407913073793	0.05980190907139142	-0.009432446931001693	-0.12394272681655444
0.9825012584580117	-0.09991293343349618	0.033524217463621366	-0.1535734667987565
0.9373121398042366	0.03103351068674281	-0.12905868513557398	-0.3222215535639041
0.9251811987723236	0.05079679225559845	-0.08004359160327396	-0.3674948418386249
0.9226691356813653	0.021535137751605784	0.07865694724570516	-0.37686998892589985
0.9467996128606871	-0.05841709253390781	0.13377506437887926	-0.2868138220817896
0.982564819961753	-0.08500456016625135	-0.061875626345083326	-0.1533362520373882
0.929291435453954	0.07511724258956616	0.08222847465693897	-0.3521552297116472
0.926404316913145	0.09757167080205852	-0.023163573729911555	-0.3629301027934207
0.9788062427822333	-0.10585747312301187	-0.052172876694352804	-0.16736345303552513
0.9317901337497958	-0.07586352017748234	-0.09208415165693935	-0.3428299607187798
0.9484754793492972	0.14720445189343848	-0.003396423436557258	-0.28055940319959477
0.9644612373299741	-0.03648074121115617	0.1403103028880944	-0.22089974221820877
0.9323033893846077	0.10576863702096903	0.058315635834190735	-0.3409144646123907
0.9679110714462005	-0.06065459875648606	0.12725905006483335	-0.20802478601876767
0.9548983934060247	-0.0682500738565596	0.1329405623052281	-0.2565887616072395
0.9814909963685033	0.02293666823039107	0.10673451544496353	-0.15734381624576232
0.9355483621772879	-0.12064498998567293	0.045628255543223015	-0.32880406128092954
0.9472589958271819	-0.02104379550515518	0.1448305774256002	-0.2850993815106996
0.9341563174896444	0.11060684029784852	-0.05968757990416754	-0.3339992427816211
0.9321283781826897	0.014752925922754952	0.1193758850638342	-0.34156761530984225
0.9291034168240303	-0.04869015659153675	-0.09943892660239437	-0.3528569247912917
0.9258841399183364	0.07830520179268693	-0.05895502149683845	-0.3648714297669745
0.9671650450485539	-0.08887680198798024	-0.11068991629058166	-0.21080899443857187
0.9936708707346567	-0.009564582011589816	0.0027956845889885737	-0.11188790628147227
0.9593999736257899	0.06379188911404761	0.1341033026030247	-0.2397886355127285
0.989087714456078	0.06444995352202566	0.030209884582191808	-0.12899247837215638
0.9334323995502525	-0.08826438896470645	0.08686673258616605	-0.3367009413119426
0.9590872366774092	0.14244327764663883	0.04244872714943227	-0.24095578569348924
0.9420126868767666	-0.12481256661186829	0.06484369889430151	-0.3046788730658523
0.9680804524212637	-0.05253153883201524	0.1305716844627448	-0.20739264761399576
0.9304566920349711	-0.09103236332554607	-0.07066921730912547	-0.34780643294743746
0.9487264886086676	-0.13784207925137493	0.052237909687724904	-0.2796226238904541
0.9867399184510681	-0.08580286299926984	0.0024248367667941105	-0.13775457234866062
0.985178397280895	0.013460497959995068	-0.09287883712678119	-0.14358224869284122
0.9730807133082231	0.12884102857291627	-0.02990595047804424	-0.18873141993276416
0.9253594876145202	0.07087545132406461	0.06420776605990508	-0.3668294588211245
0.9309858344418743	-0.10911339901939131	0.04195371774507804	-0.3458316466004352
0.9265753546303312	-0.0828680097060204	-0.057755262361521856	-0.36229178134287077
0.9522112199454551	0.12024730708409076	-0.0880313809996845	-0.2666174294908358
0.9409892682536645	-0.10408293731427203	-0.0923835681961161	-0.3084983233646821
0.9347191951393599	-0.04002424148292231	-0.12058787524916056	-0.3318985547944384
0.9653036899348663	0.12361041329123275	0.07410615170856541	-0.2177556662937826
0.9408075987646336	-0.06718657982737622	0.12156079472805933	-0.30917632312793014
0.9294871112010766	0.10251006778150522	0.045231571854631836	-0.35142495788157646
0.9213390872952089	-0.006755375171081962	0.07274340201100102	-0.3818337970795609
0.9935272530791296	-0.010332358250807189	-0.012558171424330997	-0.11242389466876351
0.963947175652238	-0.05102732557811733	0.1362133753167286	-0.2228182465177444
0.9582214207624526	-0.1331739096625727	-0.06670158097677847	-0.24418705467810906
0.9368264794871985	-0.09819010460757695	-0.0878451876946089	-0.32403406254230965
0.9929269711920538	0.030360999598525083	0.00513478885983932	-0.11466417717019375
0.9874034604414356	0.07164813906114556	-0.040009487645891934	-0.13527819992765377
0.9397517490239924	-0.04048682726483476	-0.1310928356891912	-0.31311680800516173
0.9699124241385304	-0.13073122434929788	-0.04423430021533759	-0.20055563608712737
0.9905832333429079	-0.03261698333455501	0.049504385881047566	-0.12341112590282852
0.9311261230545909	-0.10666487481914746	-0.048878171969281	-0.34530808237005384
0.944964543918927	-0.12330468010121683	-0.07483559159300791	-0.29366239260783
0.9513808223717604	0.11293825767906948	-0.09681158030896078	-0.2697165154263464
0.9267253560827304	0.09629199458678418	0.032526132273861176	-0.3617319683013079
0.927589282985323	-0.0609134498983548	-0.0856730265073214	-0.35850774920680684
0.9777733748787755	0.07736245146361449	-0.0930516912655245	-0.17121816852873667
0.9760116673153042	0.026408954457341892	-0.12285543977849998	-0.17779295066368994
0.932166018845774	-0.11041494700697434	-0.04798501767678083	-0.34142713844278133
0.936959256550869	-0.12963955489774445	-0.02497510387855094	-0.3235385317946118
0.9552140925133028	0.12772178203295817	-0.07757983943781765	-0.2554105564989734
0.9285616408101798	-0.033289975932277775	-0.1035666508032708	-0.3548788604013041
0.988767197548047	-0.06166439028704808	-0.03984775843777391	-0.13018866375761312
0.968672569558105	0.10392271953789918	0.09366709671247198	-0.20518283637527196
0.9492066676144372	-0.12368269251660738	-0.08074321828568717	-0.2778305714441943
0.973361220245139	0.1184368351024444	0.0575774198934665	-0.18768455379231813
0.9548801098897931	-0.13700018925565585	-0.05968341450864337	-0.25665699661875685
0.9702353635896991	0.12763901717927437	-0.051098284773642186	-0.19935040964759743
0.9477878085316704	-0.14635009246678654	-0.010940168879251047	-0.2831258256298601
0.9448502104545238	-0.034421610874466047	-0.13994584352147896	-0.29408909090598817
0.9356444404353346	-0.1143276710108283	-0.0601849091131971	-0.3284454923403968
0.9391584910124188	-0.1312813429072846	0.03623500717420997	-0.3153308770463515
0.9703090296732572	0.12900297685177942	0.0471971454205767	-0.1990754840809641
0.9856145456514662	-0.02566589641709233	-0.08805761285523753	-0.14195452081423063
0.9777528246730489	0.046226681901014255	-0.11189538710086569	-0.17129486294061413
0.9490403668160413	-0.06978496489376387	0.1300667597308374	-0.2784512144731469
0.9259718975030956	-0.08776989079044678	0.044499731115167314	-0.36454391400190367
0.9858866545656233	-0.07647911953569289	-0.048110787605151945	-0.1409389965214039
0.953453962386687	0.07290993622962577	-0.13029370579093563	-0.26197945155943625
0.9661837511507384	-0.1322062949045683	-0.05488665377722783	-0.21447123312237687
0.9637647515405638	-0.11188538518717697	0.09320586515525495	-0.22349906257103763
0.9439602177183667	0.11627924793847132	0.08345768631645203	-0.2974105890156937
0.9783726797061093	-0.10432959031461451	0.05785739257537835	-0.16898153246390546
0.9369234214893769	-0.13137328288297706	0.012321704439423105	-0.32367227006479266
0.9817999395721299	-0.0808713463257008	0.07164586755371954	-0.15619082451317506
0.9596167498902824	0.0823040312753491	-0.12349284655792774	-0.23897961547976743
0.9226837044411405	0.06483178797752953	-0.04961462665961587	-0.3768156175742158
0.9842301010862593	0.07078923682369088	-0.06808306610863152	-0.14712133827184554
0.9786478960327957	0.07581905767858496	-0.09105537797786271	-0.16795441114963938
0.9761840789599379	-0.07583216709301438	-0.09966032553455284	-0.1771495016461004
0.9869056075151781	-0.06812260922070106	0.05069803972775516	-0.13713621234314333
0.9485415043337384	-0.1317826984758702	0.06577963207067725	-0.2803129946030912
0.9878538645997985	0.05727438797323477	-0.054919545399008785	-0.1335972687247031
0.9207896216923346	-0.06912069540655234	0.0012433715335798574	-0.383884430626499
0.9857761501989898	0.010386594892994181	-0.09031766610386588	-0.14135140443213845
0.9769882993655019	-0.11810587500773412	-0.03488983941159576	-0.17414811023205207
0.9879649029173638	0.022331875744764383	0.07542520519472819	-0.1331828680819623
0.9926948873123176	-0.009868764791411334	0.03334984197237744	-0.11553032600098703
0.9254078516187834	-0.06559224117656909	0.06990353923390676	-0.366648961899957
0.9235695010031965	0.04354817164919339	-0.07492247964985652	-0.3735097797994529
0.9788794901592204	0.09633752296803594	0.06778589236227378	-0.1670900901030882
0.9840637327220064	-0.06943023172304005	0.07049996678271857	-0.14774223346000936
0.9654806305876066	-0.14359299699060069	-0.00989077714778868	-0.21709531478783117
0.981512013001611	0.07067034371834492	-0.08311119514675144	-0.15726538110320082
0.9446824420465311	-0.11289465034781024	-0.08929068227602915	-0.29471521112852184
0.9726584202631772	0.12158500295884209	0.054182683539188876	-0.19030743903255845
