w	x	y	z
0.22308247676792045	-0.14869087343559362	-0.6897182185558602	-0.6726172847230296
0.23724782318638218	-0.12879981757638229	-0.7144924113806405	-0.6454646942049515
0.2331527016562274	-0.08727298828930606	-0.7290278771315483	-0.6376061461360963
0.14622593655985783	0.032405177563103786	-0.724752681989147	-0.6725335901602496
0.08701878253510659	0.0769425142290747	-0.683791775837375	-0.7203723955617577
0.12103015159392765	-0.15694158352606424	-0.7305565075476967	-0.6534586681995996
0.029245597669892702	-0.10900172458174003	-0.619542154726369	-0.7768081085906255
0.26053106682654253	-0.03825387801174639	-0.6227149398657835	-0.7368081892210752
0.13211548348289853	-0.15402178225680296	-0.7763998409753088	-0.5966792074038053
0.06241363531375016	-0.1216699948847286	-0.6824137888529183	-0.7180615372341544
0.17293265971952299	-0.045942890311662626	-0.6427669220681206	-0.7448719553904662
0.21912751111507847	0.000855539438620505	-0.78949805365951	-0.5733020366199876
0.16560503602828908	-0.2246986142847372	-0.7392098412618242	-0.6129064491113277
0.2343203747319795	-0.049389201874272114	-0.6633992427311172	-0.708911922221278
0.11065078934345014	0.10772260091290296	-0.6121346319494058	-0.7755278437544306
0.17234680514502274	0.013305498205649278	-0.6902467653507575	-0.7026229041218478
0.07191616640545058	-0.17633786623476355	-0.6020313916679915	-0.7754297037047366
0.1434677754081665	-0.06218315457387461	-0.6494502523524474	-0.7441536282421903
0.15557165411247045	-0.04650913917793976	-0.7757758253680185	-0.6097591567038634
0.06899872865611854	0.012560409671025731	-0.7706857602232927	-0.6333441959486016
0.119953589799445	-0.11889102870577947	-0.753000465013342	-0.6359766971180617
0.042526473492036684	0.05955815088408794	0.5981457374061059	0.7980388477627546
0.12852558507673603	-0.2327039002168806	-0.619616797642375	-0.7385154655685573
0.3032483323048046	-0.07788000189363206	-0.6915959213847341	-0.6508995589055222
0.0712619846239164	-0.07655349085525105	-0.7769147400542423	-0.6208580991432622
0.2071097010833037	-0.07205560503314239	-0.6234914108653493	-0.7504478809868333
0.1491578091991615	-0.13125453126146588	-0.686221888017058	-0.6997311743695173
0.08374664636711505	-0.07911121761105672	-0.6452971185884595	-0.7551950365381044
0.23282713248886108	-0.062251161042224314	-0.7900245092820108	-0.5637176545573391
0.10136111844615135	0.004817066992136364	-0.7510653415673872	-0.6523829950490757
0.19400224757164783	-0.16468814002850904	-0.6536309082086527	-0.7127465049408738
0.02259252153903287	0.02647849611166395	-0.7185075999684365	-0.6946476056258816
0.108116114652414	-0.0573743469014952	-0.7912973269951653	-0.5990556154151294
0.15074565761442282	-0.0879913641440415	-0.6893324477665999	-0.7031031524624064
0.2573924989307519	-0.09383699333727759	-0.7164763653276829	-0.6415647575283694
0.12004716234578122	-0.21321231108983502	-0.7364753016014117	-0.6306610177770358
0.13178782398821862	-0.020212316089836747	-0.6982485964689832	-0.7033294599658326
0.23203428491178577	0.023308283458632794	-0.6503976903898923	-0.7229105469442136
0.08231985508675936	-0.007900087196643939	-0.7399607262685958	-0.6675471171841225
0.2029187658466791	0.029119874194865693	-0.6637249280284255	-0.7193366578367859
0.12718660839380022	-0.09792583380044026	-0.6787889883211208	-0.7165749137764732
0.18248283223462483	0.03637789268272149	-0.6246031974118335	-0.7584507305333078
0.1639510014363502	-0.16320364506655055	-0.7490706809701391	-0.6207880107379181
0.13600938573638913	-0.14445568352316188	-0.616266559091812	-0.7621348506889081
0.11495966160021269	-0.01537643680488574	-0.6498986331023554	-0.7511189040941788
0.1620047225738682	-0.19984701199178215	-0.6442320887705943	-0.720264296949389
0.04880502879878434	-0.052047042068295454	-0.7430856464974969	-0.6653817675179325
0.17784156307668272	0.08645343491089783	-0.7543766287242508	-0.6259505444275796
0.13120324457375201	-0.0895543861546973	-0.6184934691301153	-0.7695658186127882
0.06541194237087795	-0.043026977934993986	-0.7380421379939704	-0.670196806550389
0.022721226413529968	0.020261490694875983	-0.6486156985607227	-0.7605069976309702
0.037528505963700165	0.009705099555575455	-0.7878962868973037	-0.6145867419463185
0.19411680722704078	0.01757404084895615	-0.6251310872351759	-0.755791599591042
0.054324852427521275	-0.13240944333374893	-0.7490678776533672	-0.6468491821071236
0.060774941940490414	0.024950689606907724	-0.6303656762386602	-0.7735134024310415
0.24560419385894922	0.025000260823884523	-0.6029877925192443	-0.7585903301455946
0.20452958512759647	-0.10291401697272397	-0.6441230832831776	-0.7298505377814308
0.26090522240704256	-0.12234443599876549	-0.5964281827665725	-0.7491553421705271
0.097962499101786	-0.10304367062177015	-0.7224665675422111	-0.6766294477025815
0.1591164518839074	0.05584799421863911	-0.7668263211013292	-0.6193063454768022
0.28719892546543996	-0.0669915870889943	-0.6082466287233643	-0.736929401718683
0.1446998684293922	0.1149917073551579	-0.7533115884254552	-0.6311580674125777
0.11593024160540741	-0.1438414785804113	-0.7585794101200543	-0.6248416492704559
0.20740877486592346	-0.0645273862205607	-0.6840869802463578	-0.6963065560466729
0.22735650800966675	-0.0149575733625713	-0.6694422962557706	-0.7070589093198351
0.14029748326205457	-0.18588101967520887	-0.6144743541655237	-0.7537812220980971
0.0644988170600478	-0.05305220532115991	-0.6134289116595765	-0.7853218043888527
0.05503257464235476	0.055122780146972826	-0.7310381489452679	-0.6778761831070469
0.19982812520058793	-0.13769147756207004	-0.7227649635132665	-0.6470862267914986
0.07393256364452275	-0.11171171856862937	-0.6438865028067949	-0.7533024886927079
0.08838662038786116	0.058113264428640364	-0.6690847181530479	-0.735619666517906
0.13036930000512784	-0.09230622352663773	-0.6232203431465081	-0.7655584958726355
0.25853588702399205	-0.002802419172639568	-0.6902033053483366	-0.6758481625733174
0.08849038050497067	-0.16091081264619067	-0.7436649277993745	-0.6428371785240639
0.019442361578485428	-0.010761249096758862	-0.7766453930991145	-0.629545966131188
0.24837201651098983	-0.08995529515198555	-0.6346014032573344	-0.726292258854661
0.014999980659683955	0.019778251763023627	-0.7718308076910586	-0.6353432345090139
0.016425048655631602	0.002444550275503421	-0.6623211773944491	-0.7490359803944276
0.11597520279643908	-0.13349704280025293	-0.7216102338667403	-0.6693332221537346
0.047496516927170364	0.04489357161541813	0.7484474573739444	0.6599659473471916
0.22303345904128286	-0.14846158865814604	-0.6533702947560784	-0.7080413058371207
0.0014680629010026922	-0.05677779505831562	-0.6998816482401926	-0.7119970542328289
0.10910321426925594	-0.028981091167832148	-0.6704199587810582	-0.7333441646722519
0.1101796376867838	0.1242760236852993	-0.6629006415480229	-0.730053872540513
0.19835864113661955	-0.17296567469099303	-0.7314364893479035	-0.6290766145037803
0.16207186613120467	-0.1529625583152899	-0.7771389932092923	-0.5885491918234516
0.18381547759768876	-0.09119737876002276	-0.6153191027486538	-0.7611026935279012
0.23185185734627278	-0.15869552264356598	-0.62905242329324	-0.7248127317361854
0.08658393514073096	0.07882247756941066	-0.7302670426049587	-0.6730529590532776
0.023544246268309525	-0.10296090453644921	-0.6254368792169234	-0.7730934165546159
0.07161267976441944	-0.12759764176707752	-0.6375544773686257	-0.7563826771546647
0.281777386242687	-0.06875075294353368	-0.6013336406131087	-0.7444949235817001
0.0856000144169992	0.017195445577554345	-0.7608601613266055	-0.6430153723584303
0.1720709818547894	-0.041691195379975475	-0.7691207375727881	-0.6140901501138151
0.12078828275854588	-0.187829616117593	-0.7554285994961119	-0.616001507401323
0.19377311328621166	0.009388784350383804	-0.6155030968292383	-0.7638846569276072
0.12382425816462586	-0.21110340064235045	-0.7764508554619192	-0.5807124730705112
0.11490607861473785	0.13437489363047414	-0.7232958699088329	-0.6675200863135184
0.005428339381319099	-0.1198430691311218	-0.7717918555321609	-0.6244561663135519
0.03933540886987645	0.02588067887763455	-0.7011664795302234	-0.7114411318254416
0.20037080912981348	-0.159729240905512	-0.7508526092527666	-0.6087351374996558
0.03624916060720913	0.0046270977430707405	-0.5963892872713206	-0.8018630845410923
0.22474954470164163	0.01999599083080859	-0.7535426576559674	-0.6174635743101616
0.08406934722560282	-0.13671297127252674	-0.6564255999954142	-0.7371209805815859
0.04287511962313735	-0.1381163783074559	-0.5897800748524727	-0.7945093161615823
0.1142672052987823	0.10026559485065151	-0.7767387101733341	-0.6112011063477522
0.04096617102712665	-0.08829499959989581	-0.6635648340917747	-0.7417597163730221
0.1643238130817913	0.03029278289705953	-0.7955309326869721	-0.5824178627899461
0.01726653996278368	0.015832279527354675	-0.7531617350890456	-0.657418136592184
0.20697885223874132	-0.15043454929417693	-0.6359899071678625	-0.7280426080149462
0.06483432384816246	0.010562945236028107	-0.6810633408498049	-0.7292720071342343
0.085359269810627	-0.12827205964191984	-0.6521786925069136	-0.7422418923858912
0.004981909403396278	0.009293246242697516	0.7040166661292127	0.7101051682429
0.06092870259372964	-0.10366034563608029	-0.7397868182560758	-0.6620103394037022
0.18037912677753254	-0.087266815925028	-0.6047631450759933	-0.7707849322729884
0.12205297120348493	-0.11788812722895213	-0.7803616438943043	-0.6018647409654686
0.18937420688241446	0.051907922164699104	-0.7710396601402014	-0.6057564030821985
0.012378443100919855	-0.013601747815350828	0.6371887718483558	0.7704883098614467
0.003274997518019721	0.0004947052953659099	0.7499316899018111	0.6615069841951341
0.1965784802037423	-0.10374772481523349	-0.7135957337562342	-0.6643601730096041
0.1859019095447311	-0.11656383999222343	-0.7271023340149413	-0.6505194440629077
0.1193337502022603	0.027584262321979098	-0.6344646445237374	-0.7631862023020229
0.010192437910483966	0.0034507418337559833	0.6820773806169405	0.7312008297594929
0.29931505108792184	-0.019632396379733387	-0.6642009769757122	-0.6847350811731009
0.1277862527631288	0.14663999642610145	-0.7414480988293362	-0.6422009823998043
0.038974171265185396	-0.00039097847410805793	-0.7715420053012649	-0.6349833030605826
0.06252798420782582	-0.06535528383647798	-0.7405828452629715	-0.6658498234345046
0.15677643892358062	-0.16255458622750674	-0.7273601617652644	-0.648031133335161
0.14399996321919287	-0.022531803381657493	-0.7512754701229414	-0.6436936355291971
0.1690435739534418	-0.0523355242769569	-0.6008492414326122	-0.779528993735036
0.12501305875269253	-0.015265163729621901	-0.7899550073922744	-0.6000914898692328
0.15090294189958486	-0.010389281026885869	-0.7551785808200012	-0.6378288767659268
0.19825915540524344	-0.06510907423583737	-0.7883187325765202	-0.5787984896482545
0.1311161128970675	-0.022013408430114113	-0.6703510644669913	-0.7300365916555306
0.17414661737106396	-0.14304230356268124	-0.6827744106433731	-0.6950042871956206
0.1902273658058606	0.00626450236464591	-0.7606904299488425	-0.6205838985124668
0.030298853816716577	0.08959996652407923	0.6486443305095321	0.7551916034716738
0.10783865035189136	0.09746869437590983	-0.7170029908593855	-0.6817458398887624
0.08947106214353726	-0.02774270160184456	-0.7933439102211839	-0.601523658438885
0.11833306976607963	-0.06612303536609798	-0.7457352956397503	-0.652306597874653
0.056683773989003206	0.08140994834390154	-0.6945264344378415	-0.7125955388185262
0.0053316257812859825	0.028484426935238425	0.6006668915795434	0.7989740274557542
0.06625680908332993	0.08220679679566333	-0.7373049813346821	-0.6672581526738776
0.002221632976478496	0.11344565010324402	0.7691103828939551	0.6289629303419113
0.12118386010188827	-0.09200117671979816	-0.7299610695659404	-0.6663385719370648
0.21844575586871587	-0.05737207651165756	-0.6245341868206383	-0.7476275450195571
0.149669029748283	-0.193557913699943	-0.672085865226295	-0.6988813242184652
0.11115254939027967	-0.10761096993501149	-0.7811604148416402	-0.6048581620496859
0.03270599633824565	-0.17235277410673416	-0.6736995647156893	-0.7178814216589857
0.20083889749768957	-0.1866812707574601	-0.6738558740619606	-0.6860991920943236
0.15234368941308557	0.06556676834139655	-0.7376829579131745	-0.6544587479663975
0.04784588490907885	-0.17116732301192716	-0.6429104841490902	-0.745035991212089
0.10600213204377398	0.008992703215470556	-0.6554329177746342	-0.7477234579632248
0.056431799547102354	-0.16397762286598555	-0.6715117694163389	-0.7204156680239776
0.1973979837691206	0.06584230781831141	-0.733363917122198	-0.6472064520446553
0.09849280973220713	0.07974523990932467	-0.6383129068762533	-0.759273663482441
0.2092298633291946	-0.07912812888811391	-0.679321601397253	-0.6989161361601149
0.1712569188841998	-0.05051478804470899	-0.7169127871659952	-0.6739105129918759
0.061057668427601575	-0.06685065721465788	-0.7179992233383375	-0.6901304703037662
0.04057680677068486	0.08037521576180397	0.7495449611400858	0.6558015695872076
0.05005409250206867	-0.10037182868929884	-0.6960961503847896	-0.7091334382532224
0.050949918671779164	-0.1611641725470928	-0.65940028437967	-0.7325445244041896
0.2442771786042158	-0.055203024042086477	-0.7269103057299915	-0.6394393587927655
0.20617499111779353	0.004593057777063817	-0.7373127298470474	-0.6433045276253924
0.12482458331795103	-0.1631650062730291	-0.7021670426385359	-0.6817312141597118
0.1440664558470868	0.06086230408935393	-0.7828749708634793	-0.6022021390165437
0.05083812881352242	-0.08198739127990891	-0.6864999188582116	-0.7207020283983692
0.17582070286004922	-0.019181442234771504	-0.5980411367118812	-0.7817070752653793
0.11830797614759343	-0.002939174350179601	-0.7473736507224217	-0.6537791754406372
0.2851506151973003	-0.10480594533748021	-0.6328956958161658	-0.7121431588465128
0.22227481389938877	0.034076969691922206	-0.7150517762342746	-0.661916629604376
0.013201001265022442	-0.14360095716725005	-0.6397324706236479	-0.7549482529922259
0.1932876471228811	-0.09392716765716266	-0.6023469097717966	-0.768762494489664
0.22119416950212256	0.010423142912255816	-0.7175036221455985	-0.6604188441270002
0.04629198742528415	-0.1405251703892176	-0.7517864533754383	-0.6425938506618927
0.16129456564400707	-0.006227133442074321	-0.7319440194007983	-0.6619692125516181
0.2421680897923727	0.022030255206235205	-0.6908162040401832	-0.6809128111420534
0.17653034142281226	0.06554285183415624	-0.6659330188879632	-0.7218548243832377
0.020991265836158814	0.11278095350290712	0.7415806999007539	0.6609825177871793
0.06016855117884263	-0.10114099087263587	-0.6317918833280152	-0.7661522443843521
0.12711929569582356	0.10263269377136479	-0.7721308096520942	-0.6141019684197669
0.11359115787838195	0.04830704639511464	-0.606937599950028	-0.7851052336389871
0.012699157775740582	0.00107984370014033	-0.7489943069957692	-0.6624538424805894
0.15342478899584347	0.07653585191897634	-0.7995920764614977	-0.5755480942133402
0.2932605085589935	-0.04959805717247656	-0.6819928641754632	-0.6681497138053599
0.15756431970913531	-0.0999011626105692	-0.6812216695231101	-0.707905558556931
0.15363342971903513	0.006820525151657044	-0.5972357249287944	-0.7871846915293762
0.11258277715666795	0.02366971981661307	-0.7057683565910362	-0.699039261763088
0.06845586921293313	-0.22932632600681888	-0.7452417158929789	-0.6223648568672595
0.15166345609705134	0.02799190196838792	-0.7264349214012196	-0.6697066182125527
0.16840784943607223	0.023579187683027487	-0.7048897695612002	-0.688631418775301
0.1791669970124734	0.0013839155458317792	-0.637387614744512	-0.7494226447937079
0.14138403162882301	0.036456258364867974	-0.5964323070017866	-0.789271816290776
0.11191810461555728	0.07571775170202481	-0.7736628267915139	-0.6190209934868249
0.23968440165279054	-0.032454708861158865	-0.6180155413230565	-0.7480340033449353
0.12771809567486425	0.11580377621126983	-0.5840756336066255	-0.7931791901452127
0.15864512871141093	0.04828354682270059	-0.7995305576825215	-0.5772792301600986
0.12802294542859544	0.08665870263732535	-0.6727162489141454	-0.7235697914837823
0.17117293520264482	-0.1293301643375339	-0.748689418828065	-0.6272461151585015
0.24478359424817592	-0.09640931649591121	-0.7159692830019295	-0.6466639169440636
0.15984682039315268	-0.21056346351557126	-0.6073027210745047	-0.7491965208261637
0.026692167914276598	-0.004795154065694276	-0.7410679880514239	-0.6708820848367744
0.04739392803400003	0.039756000717175416	0.6339626467260736	0.7708856196275525
0.013636729124709344	0.005396042280235856	-0.8024692148317604	-0.5965132702579108
0.13013332032262068	-0.19982617995254348	-0.7436943675630456	-0.6245426361765749
0.020078233074284066	0.06652460608572351	0.7982412146716694	0.598316224534528
0.17341361904811256	-0.07254887374099793	-0.7342347225933448	-0.6523524735799067
0.1659575607022841	-0.17025270540579768	-0.5801652650794845	-0.7790252688732284
0.06031579325157278	0.02080975354969699	-0.6412316780271378	-0.7646900642326508
0.03356133287658651	0.10688545676481824	0.6859033426081405	0.7190172047084152
0.1697710284598024	-0.03082588841810748	-0.7442875466410793	-0.645184942798527
0.13525665595293979	0.056591813879637985	-0.6705067727214431	-0.7272713876930094
0.05995290111495664	-0.026716109738289303	-0.6771085283312287	-0.7329501620093072
0.0795172589361886	0.06504128380717276	-0.6366118951805959	-0.7643114102553749
0.2120029045428736	-0.0177685097612098	-0.7685538842828501	-0.603377141993293
0.12205073643080278	0.06417692901501719	-0.5918510343479797	-0.7941645249317842
0.08714512512647797	-0.1166140976572455	-0.7676672180466884	-0.6240944814134597
0.09529157847393306	-0.16828334354949054	-0.5941045281325718	-0.7807944934540231
0.2665472655296437	-0.01321749366785161	-0.6347395479838288	-0.7251782948524415
0.05717756966547632	0.00095970260650942	-0.772371550654705	-0.6325914892229448
0.0706488392541483	0.04936148803785759	-0.7141474981426571	-0.6946693716490698
0.16166966817661724	0.09763002250217723	-0.7111184703115735	-0.6772309932952083
0.09393709544941455	-0.18193443136791576	-0.7647553911463335	-0.6109213341290178
0.1354825500282335	0.05617519051572163	-0.6840744447886664	-0.7145145069174225
0.2097439237424259	-0.07047713105039159	-0.6810581386503383	-0.6979973296726671
0.09675092079120409	-0.2109607429804485	-0.7553129769406618	-0.6128924302944413
0.07445553379984018	0.07886854602665992	-0.7494633157711535	-0.6531009602255456
0.09072432556105055	0.06276616859069742	-0.7397822266621729	-0.6637407339817966
0.20400958131505825	-0.0759845829845276	-0.736265515970442	-0.6407179753004445
0.03064498531106184	-0.16292486436900097	-0.7182918596636929	-0.6757019888874837
0.11907079171532803	-0.23296718151898343	-0.7246897078804113	-0.6374741298182933
0.14258484166359775	0.12355004206103389	-0.7210909703916129	-0.666657905116384
0.07903737286947553	0.023581988695909235	-0.7564872885656311	-0.6487865332585571
0.00029985556278469	-0.026069841572549757	-0.6087753321634457	-0.7929141620606294
0.10346176204548715	0.028271634758050935	-0.6900112861568665	-0.7158077978331175
0.3032074066348376	-0.06423189504395291	-0.6876076653618166	-0.6566088872049411
0.015311557595615451	0.12145845944468607	0.7770453540597138	0.6174252315604974
0.053159057988161264	0.07588154483783781	0.6656250541754564	0.7405129255865528
0.1565586443338972	0.10163095426422683	-0.6311819461180171	-0.7528412122847338
0.31304619003693274	-0.06611894790772249	-0.6829118734588883	-0.6567052159986305
0.18131196792388576	0.0051561154580670315	-0.7471501272749647	-0.6394263617289757
0.11206496315021627	0.04827971825270859	-0.7396379492260281	-0.6618506001389554
0.17383961962511113	-0.09580287051802767	-0.6493981326730415	-0.7340869580164666
0.09620843665081752	-0.10339889218289781	-0.6629837338740755	-0.7351905701455536
0.06621571343441873	0.028663768088547394	-0.6467621657951441	-0.7592710771452521
0.23454419821230268	0.0445587584860987	-0.6680678495779774	-0.7047615798888179
0.10291305459605334	-0.022621575161659992	-0.7638618967865171	-0.6367198521866737
0.14524170566341665	-0.0759673877608392	-0.6964623314135711	-0.6986229482737801
0.21097448635414215	-0.019229443918586452	-0.6139304068280095	-0.7604008483465694
0.15043927468216076	0.04597873272870665	-0.6213256814241254	-0.7675991000337442
0.022820306672186815	-0.010239141203592159	-0.7296996030429187	-0.683310239137251
0.33839056702427756	-0.04858934983207585	-0.6461865667904353	-0.6823297004612027
0.2913850891214974	-0.054914176312475735	-0.6835206070871237	-0.666992310873843
0.23838909353477242	-0.07957447276901597	-0.5949927434394382	-0.7634279131795049
0.03878388882956374	-0.17777909169071288	-0.7270563611946065	-0.6620267760229483
0.11204804642245665	-0.22020548773266452	-0.7133481050571693	-0.6558119086115135
0.12277651995687984	-0.026472964131320626	-0.6210121040209562	-0.7736724597507946
0.12077457575766737	-0.008644900185494854	-0.6867638949939014	-0.7167245775638951
0.15446020260245594	-0.1514805800504184	-0.7110812268241263	-0.6689986311928391
0.14436780191547413	0.06073040599017751	-0.6181488150123136	-0.7702998105005836
0.3111288998615033	-0.08279635475836393	-0.6017868972891115	-0.7308872016671534
0.19771518090026854	-0.07671159948201876	-0.6742569386586862	-0.7073907112883948
0.23559568482453952	-0.02843935426337476	-0.6037573546443594	-0.7610275508376708
0.20669925789565186	-0.18033710253899998	-0.6912002394104877	-0.6685777256775082
0.04696687866623514	0.04448279821731531	0.7958354718347046	0.602047585113288
0.1794700861458037	-0.11559456528679764	-0.5895691878093439	-0.77899714854472
0.21968252920082415	-0.15144099557716245	-0.6344246513596412	-0.7254726548738585
0.11517116754950053	0.1292713024372376	-0.7000181172229449	-0.6928197226487627
0.16277556474892765	0.10720810942351915	-0.6875739389113281	-0.6994659500822492
0.02177698957413649	0.013474604388992778	0.7936096635061367	0.6078880651496001
0.13777472743797162	-0.23351666520773268	-0.6838446082069675	-0.6773807226190538
0.018729665773489963	-0.06836010878908116	-0.7223346776531513	-0.6879016707394136
0.01042218779968097	-0.07557366417819371	-0.7557958941581192	-0.6503480342538746
0.1856336432308319	-0.028724080064920436	-0.6272175004700012	-0.755852687254227
0.10086093844404222	-0.004678093369475645	-0.6658077511582408	-0.739259917103734
0.20645929687633133	-0.005466499579900554	-0.7652119352545476	-0.6097502523653958
0.01828726135981118	0.04710851041486143	0.7419672107593666	0.6685289989794134
0.09835481838143027	0.02634366323595873	-0.7817833304127325	-0.6151805957580607
0.23440165351118203	-0.0031130600610824893	-0.6814160653278358	-0.6933385317443495
0.087629495845265	0.10475655578544271	-0.7311623725372656	-0.6683926394444758
0.054204588790813774	0.03597972212502225	-0.7661718975761584	-0.6393339858902963
0.1608454681916909	-0.009558485333147983	-0.6254707626952466	-0.7634289067973247
0.0460325887403833	-0.11726419311596369	-0.7254891950321601	-0.6766058953913342
0.03403169098538937	-0.003706959322947715	-0.6746828595166546	-0.7373134621961566
0.014530435762836481	0.04116526808118684	0.8004997738704563	0.5977410803798701
0.03049149888507402	0.035930428405855676	-0.6669780660284128	-0.7435855917426799
0.16559556994797917	0.043374370206280606	-0.791728876832844	-0.5863976098278502
0.13294486981344308	-0.06653770302130704	-0.7205695244530491	-0.6772576733389158
0.09717216301363045	0.0899252992062525	-0.6650953384109706	-0.7349280251302946
0.13295254364098702	0.13185584009396173	-0.6950516416455655	-0.6941475880663357
0.18344899679178578	-0.03227690717103159	-0.6515771038057104	-0.7353583783678014
0.19565671628753195	-0.08021871807903645	-0.7415980973549064	-0.6366440674669945
0.2812028785545507	-0.019785349270301986	-0.7034510868835766	-0.6524492696058457
0.04006288771068749	-0.029042063931666123	-0.6910671090903203	-0.7210948441671299
0.09190415974176987	-0.19582244562841902	-0.636282537711701	-0.7405077497321834
0.020144515282993387	-0.013526076308494535	-0.7585690438330277	-0.6511407294141229
0.0488613578513524	-0.11478327853216577	-0.6741545848624965	-0.7279786826461365
0.10771438517577014	0.05719036299671938	-0.6177346879458351	-0.7768724019521938
0.10977148919571429	0.15504803950299223	-0.7792899902476869	-0.5971745445895981
0.19021086045776117	-0.07160411400777013	-0.6162799077726923	-0.7608493639983951
0.09630968562672583	-0.008128984459899034	-0.5961700916170999	-0.7970191879292434
0.1116152828209465	-0.16382755247595493	-0.697578537616325	-0.6885395744237274
0.04975494365380999	0.03976659519234192	0.7169633857062682	0.694194905660809
0.2838939748761807	-0.02428547533956375	-0.7176025271066965	-0.6355006214053743
0.25243394009133047	-0.13350063103296234	-0.6289944982062282	-0.7230633503573962
0.1351245958559186	0.025281892804665817	-0.6629402389926502	-0.7359432104553693
0.0021253993962672183	-0.12700861876355646	-0.6998770649388727	-0.7028772207218903
0.04397011478432544	-0.11737497857732267	-0.7763238952428074	-0.6177466738759998
0.07198595461650549	0.04082453547889877	-0.6209036472158828	-0.7795062799714297
0.04015139310388116	-0.13893485125484903	-0.7827169411494609	-0.6053421865162232
0.05526368411101356	-0.15827259087013765	-0.7631231561032602	-0.6241304036951985
0.18755302197774856	-0.028602617453956584	-0.7620134296315231	-0.6191456107273963
0.1690002605798607	-0.043566554337134494	-0.7006721211754495	-0.6918088217669857
0.023598485016551242	0.09277419213320601	0.6109753514267123	0.7858404295580369
0.2523778980105315	-0.0797322404286764	-0.7671300454093786	-0.5843454969983206
0.1501178245281055	-0.058903331076938736	-0.7298695498240444	-0.6642932158216251
0.04013069385788011	-0.14435201108106782	-0.5760821219505811	-0.8035430374760598
0.18505932312728612	-0.15755101152212397	-0.6648292989431518	-0.7063517034443845
0.0955579144561957	0.017335314485084574	-0.6899094438803386	-0.7173514697142591
0.20265605739530326	0.05034459646786994	-0.6818292774450073	-0.7010740192207227
0.1649161152618017	-0.030842925714307388	-0.6890847400553807	-0.7049919218566596
0.14366438681210095	0.09562009535623117	-0.6043108646243687	-0.7778339927149727
0.22063487494955047	-0.00967813830068703	-0.618844663873764	-0.7538288052270203
0.17917851326957754	-0.03862186478046912	-0.7820046876208927	-0.5957114070439923
0.0005353030368428695	-0.03786437637916545	-0.7806417502991936	-0.6238304738804341
0.09511506822499889	-0.10962148246295435	-0.6270081477884473	-0.7653737890639308
0.11282319708373413	0.1005000945875465	-0.6970756271834758	-0.7008967307488764
0.105937527424802	-0.1387483199460015	-0.6574974109593735	-0.7329551818337886
0.007590917543801896	0.012477136542182661	-0.641428163981815	-0.7670440727138623
0.11613337156184685	-0.15135643002051294	-0.7503018626351401	-0.632970288423843
0.17643351406303787	0.047249515614283366	-0.7815930634162456	-0.5964486412166535
0.21571130736939534	-0.033046906275541556	-0.7168974919291937	-0.6621438815878565
0.08169637321248567	-0.07833476084295439	-0.7236366255312741	-0.6808372801465222
0.010219406501939388	-0.050666553894865685	-0.6364783402076971	-0.7695607750487429
0.14492284883718595	-0.17464823316459696	-0.6084570683139624	-0.7604441850367303
0.16429170230623488	-0.19250708721839646	-0.7192059409058493	-0.6470641950299368
0.11418166462675479	-0.07991131536018807	-0.7523318484787415	-0.6438738377236861
0.10123113843805229	-0.262587391792274	-0.7272412072697463	-0.6260354181123531
0.017579409308852444	0.0016186207374718736	0.6281131081974654	0.7779217619695307
0.00767148193073551	0.013816855775885937	0.7722267004747055	0.6351505065221976
0.03648087832478206	0.011195712975897153	-0.6511383983741179	-0.7579990683967904
0.2131705569413266	-0.09333289481939817	-0.7900538226185676	-0.5671527499393304
0.10703849538402185	0.0325626692469477	-0.722993348580654	-0.6817353232637808
0.13846109384550606	0.1039243314208426	-0.7127483647995401	-0.679719079697943
0.24868175561408015	-0.1349872760791919	-0.5985996807654798	-0.7494092619583005
0.1993653169947624	-0.17778725454041813	-0.7223274689899342	-0.6378778801974201
0.06462552099894396	-0.1599915954097104	-0.7594609833471192	-0.6272521392608377
0.24690593283494064	-0.0973938881257998	-0.7957618609549165	-0.5443481896141614
0.19905580254415284	0.03524694893621232	-0.7893661884604566	-0.5796856566964568
0.11954601864061355	-0.05856270148934539	-0.629067159068786	-0.7658679186403975
0.05695031637820304	0.03394792589638147	-0.7203324838121363	-0.690452976354505
0.10063043057558796	0.13151887870795118	-0.7654485378297987	-0.6218237989332656
0.09016013173857547	-0.02041505185002569	-0.7716675519383188	-0.6292722507693831
0.003936017940452943	-0.11744403382193701	-0.6218345063074376	-0.7742824119452729
0.11362691575279958	-0.05556906828960245	-0.6140164607179548	-0.7790922850557102
0.1570485742896104	-0.07025855819366747	-0.6814035285506325	-0.7113991225696692
0.3443811764380559	-0.04609707297982348	-0.5944533410837016	-0.725190933790721
0.16393256588500832	-0.21531221751447394	-0.6381634562981824	-0.7207733110187385
0.05574334891524473	0.022843214394129657	-0.6810634040070068	-0.7297420820606728
0.015988753326133854	-0.041258808658288446	-0.7664593625673035	-0.6407668187477387
0.18774240480441517	0.0594468280879599	-0.6021632824606388	-0.7737042363363177
0.17850900185843263	-0.03211011236339198	-0.7664626855219072	-0.616148057403464
0.037553536313873655	-0.01619173120718356	-0.7537203251047019	-0.655921665501986
0.1813982578171061	-0.18392672351316233	-0.6091296055066798	-0.7498178152950943
0.27140758732895315	-0.05748657975153363	-0.6501304268284133	-0.7073638687412953
0.12967151283086958	0.011274839306066863	-0.703868159291867	-0.6983035092951023
0.1725588789397436	-0.10006706490656395	-0.7497970226118101	-0.6308838567458429
0.06407463043261286	-0.19772269384086805	-0.6908058941465219	-0.69252248677401
0.2247513684089419	0.0023548733126428642	-0.6507796465332448	-0.7252359123954456
0.05002965308050694	0.004472788292799471	-0.642394997397909	-0.7647258955309885
0.27683309297875386	-0.036511267220871356	-0.7158440016942584	-0.6399982275257436
0.1370746565233864	0.011478134338504803	-0.6400749917725913	-0.7558986677316081
0.13939099527486085	-0.18858595251375396	-0.7322181861219453	-0.6394231907454186
0.19012371461249797	0.05805859481398047	-0.5991027939452606	-0.7756017115744098
0.07733951585927797	-0.23924960989223534	-0.7123498477668122	-0.6552372988770291
0.06283274188498393	-0.07179019079935058	-0.7957499375238049	-0.5980637524403803
0.17248576034641122	-0.12518253461468865	-0.7395886288543639	-0.6384251370164592
0.01476955309693875	0.06313588246921543	0.6094006358268285	0.7902066727761842
0.13650365229347672	-0.1784117020350568	-0.6930207878540195	-0.6850242368629665
0.05561946732189455	0.051598472333835826	0.7769062782938282	0.6250285651514463
0.1624245809928312	0.03887911832790872	-0.6658150481413494	-0.7271842897889643
0.11880606179032957	-0.2167905239223396	-0.7290211936574142	-0.6382907547643698
0.1816434352216013	-0.03586529633709482	-0.7855226606185175	-0.5904858106799464
0.023029834868727703	-0.166369138469674	-0.6854917599588103	-0.7084433523573712
0.08322478052620891	-0.2203470266018336	-0.7060789836898174	-0.6678123183692031
0.07842301898146116	-0.14856397357471754	-0.6539849987468883	-0.7376192766350107
0.023481913315738196	0.007230321498232877	0.7973146560881205	0.6030635633041898
0.06441328049484449	-0.16204465386678077	-0.6947061035603257	-0.6978365776635084
0.11660718021467004	0.1378606741461951	-0.7279862052485336	-0.6613873940544831
0.2528518868179461	-0.09688316262928486	-0.6586759759277127	-0.7020153380569597
0.05960499811330017	-0.11934064350399512	-0.6775312446370064	-0.7232955602992422
0.1551498432197408	-0.025328049937403462	-0.7282401367899773	-0.6670482135523439
0.1743882955163777	-0.015539857263802968	-0.7454896617975943	-0.6431114984013439
0.04297886614733887	-0.15802911649770857	-0.7385756751012925	-0.6539767484798773
0.217543391922394	-0.14257214672672822	-0.5845131516689775	-0.7685651768943418
0.24261711909108763	-0.05776037625448935	-0.6477266544891043	-0.7198964186070337
0.06859699822643624	-0.18579168237077084	-0.7196310864685465	-0.6655125858947074
0.03682541165465026	0.08730341460256587	0.7074782333782622	0.7003545902977799
0.021564971099180326	0.05450565783562087	0.6179325531687555	0.7840430122255672
0.13022772429051688	-2.056211132593584e-06	-0.6220957330159234	-0.7720347393642764
0.11500407754102718	0.08848288489352178	-0.6256945516283253	-0.7664536315345412
0.18719804872048434	-0.13511674043081792	-0.5983440541554029	-0.7672579421990172
0.23178016802285026	-0.12969968668672896	-0.7812621543486167	-0.5648764388494371
0.21465123311591677	-0.059115063316747284	-0.6788444876618495	-0.6997145267764522
0.21911480972164832	-0.10471375273616639	-0.6277170108515767	-0.7395911603285402
0.20906461805024276	-0.13669381557809696	-0.6677927647284567	-0.7011844333971851
0.24676502181302126	-0.016420485012574357	-0.6522727339277457	-0.7165037838392728
0.14900387223890016	0.08686443139948194	-0.7879927989842572	-0.5910327955066573
0.23295440578130824	0.020415512472091727	-0.7280497267337382	-0.6444059644979309
0.07799802513358778	0.04965190287036719	-0.7966411213461037	-0.5973390330432412
0.3021974087603357	-0.0787376766266618	-0.6897126976641156	-0.6532790361697384
0.06587120970403763	-0.09716665918272331	-0.7088569935878349	-0.6955151951733414
0.13159001152594021	0.008631255070610652	-0.6555642789993846	-0.7435355044666838
0.14521970664933867	0.032214178116441734	-0.676896899370034	-0.7208911645679923
0.0662397666272952	-0.05344878936791492	-0.6812829803406506	-0.7270550329448429
0.04540087367895304	-0.08914008957697919	-0.7850428535275797	-0.6113104965765522
0.08300766284696816	0.02451337171761578	-0.593201449306494	-0.8003879453467507
0.016919927245443677	-0.1172085404529303	-0.7372462669264243	-0.665164502968968
0.13506630342073922	-0.10790602975255327	-0.6111418299745911	-0.7724111897678632
0.12516222461150636	-0.22310745804395699	-0.6019559520105646	-0.7564433300218316
0.008473477907656183	0.12423477814018857	0.6970710363978286	0.7061061466152688
0.09849207256136315	-0.05656859860209001	-0.7599655411632442	-0.639962250089191
0.14627515876378447	-0.028630515362883018	-0.6797287151875718	-0.7181592756959546
0.056583319049123844	-0.17026392313071123	-0.7354646068659053	-0.6533761064908203
0.14808501265876792	-0.009327876480431931	-0.5941007440185203	-0.7905872030983419
0.18811744259716678	-0.1561880475737152	-0.7657180480612252	-0.5948890589505911
0.07583501629489316	0.06707188426351461	0.6190339317602284	0.7788115330260383
0.05330505928126874	0.04012190694042823	-0.736712564484793	-0.6729066804310414
0.21798196978996606	-0.09493850870643926	-0.7704195677668181	-0.5915439375169632
0.30499494587141945	-0.0919677554860815	-0.6506791984812822	-0.6893015273503306
0.13713155164020166	0.026414080020986202	-0.7085409756602111	-0.6917130327902401
0.09169811768108606	0.03913043218527204	-0.6785601722502032	-0.7277474542219396
0.15586908733835142	-0.11085525257743384	-0.6737881616971483	-0.7137404666579303
0.03396985487884398	0.07637901051796946	0.6983763013053793	0.7108324960824627
0.10731815521367379	0.09948589530717342	-0.5853406698151336	-0.7974720499533728
0.0626127895916187	-0.08426279457975225	-0.6355997365982086	-0.7648479553907784
0.062345176021646145	0.0773337335927451	0.7679568580170576	0.6327517972317463
0.03694811475935905	0.028679388819992404	-0.7405400853851326	-0.6703825112653383
0.12716004253284982	-0.09570499212988434	-0.7030215553739858	-0.6931317124068155
0.0796067014092509	0.06625271815735864	-0.7619732226528442	-0.6392731484956482
0.2583808135830569	-0.11123828843711206	-0.7318175743091501	-0.6207321775854794
0.11022493673288045	-0.17496794143926744	-0.7204740068327034	-0.6619319362813425
0.05706787351847858	-0.12121368999930873	-0.7031313570029113	-0.69832427565428
0.02220847664040724	0.11641727542357197	0.7067842621969808	0.6974308627089386
0.1377683534903038	-0.030280475417397784	-0.7767590725634899	-0.6137982704239026
0.07858686924018929	-0.15616530757461525	-0.6090104522254054	-0.7736554593443766
0.08353087135132511	-0.03908039963029096	-0.7744405519506655	-0.6258890855338297
0.2613113098671959	-0.08615672247926372	-0.768986907551283	-0.5770204108364244
0.19723803077531998	-0.17008163482946662	-0.7554302142961967	-0.601244200003636
0.19947696006756238	-0.1720698927862312	-0.6720144495753207	-0.6920964340037576
0.18664978719313938	-0.16625130519937	-0.6389717643598667	-0.7274870753567384
0.007958183270656788	-0.11823170138647032	-0.5904757532471735	-0.7983084096597469
0.0020513645183432004	-0.06688395626219698	-0.5981472020543979	-0.7985876614203506
0.07367829890567816	0.02408571544530549	-0.6537427411147152	-0.7527362187524071
0.057065405124886025	0.07340815613284175	0.7627296145009034	0.6399986854005345
0.025029747884274166	0.08494855397090345	0.7897974820664838	0.6069408473818056
0.07504681264716591	-0.04033316281861089	-0.6403691855194872	-0.7633272680349216
0.08246754097667042	0.10632167819754987	-0.7088291674221427	-0.6924276257069397
0.08851335905503743	0.0700364849226325	-0.6376855804936944	-0.7619825302977069
0.20112748987195683	-0.00932141788637267	-0.6965639232745373	-0.6886650454166946
0.08481314207956617	-0.038625180984145344	-0.7590150372744664	-0.64436868291047
0.1683751521180665	-0.16476843199728172	-0.7829701501380628	-0.5757246876408502
0.042531465466000416	0.03167329681156484	-0.7226238091870977	-0.6892044015459636
0.022226347807659846	-0.0011450946821631343	0.7803290969383065	0.6249729423685066
0.023882179048866196	-0.10180043957117982	-0.6204296223308252	-0.7772601853700097
0.13468693968920895	-0.07351856923035038	-0.6740438275417473	-0.7225782772878997
0.015368281857618132	0.025664341304370068	-0.5931864161960781	-0.8045091877279034
0.1975062184798822	-0.1846025154859314	-0.6216090431256897	-0.7351975261400217
0.11857860973033262	-0.0700101141659007	-0.6115400342241514	-0.7791382956638846
0.0949292565412637	-0.07800356606806169	-0.6090772218163005	-0.7835360985926083
0.2775954373103601	-0.10931055413632705	-0.6964433568243021	-0.6526550594871511
0.29947296311402977	-0.05153911717603032	-0.6757227301162951	-0.6716088562315115
0.23637081377522673	-0.1143497938568339	-0.7865264429718826	-0.5589535915853253
0.07111588247211587	-0.10051627555133767	-0.6380388649408016	-0.7600956626863182
0.14676184044867469	-0.0015997908771399599	-0.7310046706341009	-0.6664012112597012
0.005451542656401039	0.015583032917025182	-0.6940101388274335	-0.7197759213619881
0.07160421873710708	-0.08155128021133849	-0.6720731798738402	-0.7324888159209021
0.0757512914135686	0.06811164053645079	-0.7795961246848885	-0.6179420916630568
0.12335104920321877	-0.10342377972797041	-0.7175561362033728	-0.6776438827615374
0.002486387653942421	-0.0011880548529045526	0.6524741311511099	0.7578059874273264
0.09767843854372191	-0.03701862877842368	-0.7927415457194944	-0.6005409107273978
0.11032655137971242	0.10359784695294876	-0.614850010048427	-0.773986436128452
0.13522456718653078	-0.0857063505039312	-0.5941496737066532	-0.7882606822281513
0.1364672147885879	-0.044664582487280245	-0.6385343868684902	-0.7560791037620097
0.20528251727060082	0.06056437154354951	-0.6459932502268934	-0.7327235260750639
0.03760621101860322	-0.1438630162952031	-0.5777027843959518	-0.8025887479503029
0.15147739174605243	0.047021308789094336	-0.7453099221394982	-0.6475775754841954
0.271711619204005	-0.008102303847542283	-0.6271014299295226	-0.7299664000775982
0.20725407999403495	-0.17258081861102162	-0.6412015941460728	-0.7184163994772883
0.10796763056004541	-0.006563107071065627	-0.6253126830154487	-0.7728414875230524
0.10440447851797746	-0.1824738881843962	-0.6309798009863693	-0.7467713677849864
0.08798528557878595	-0.043537362193940055	-0.7654691246397171	-0.6359403327656757
0.23588926872126306	-0.07648027737545038	-0.6051075469009889	-0.7565394085956061
0.013332708780552992	0.10055526533167966	0.6748941976304774	0.7309095015768795
0.0260125561218507	0.08501213989047844	0.7289342052876673	0.6787865698118122
0.16349313363296053	-0.07767718466623426	-0.722088987716832	-0.6677003400143536
0.1529583251207007	-0.1963871176272242	-0.7765504831429009	-0.5787963354556317
0.20853808201777096	-0.11426725283032246	-0.756083808897311	-0.609747601227176
0.17038773313626646	-0.032583421579584174	-0.7759168047491721	-0.6065141821447267
0.27810160208877766	-0.02937800447618735	-0.6158858760648483	-0.7365331081713072
0.030765508349627716	-0.17504789411902838	-0.7179749146816906	-0.6729960922236485
0.19118485876892927	0.006184969587091643	-0.6697982055520706	-0.7174820274877535
0.25033121488429294	-0.08684465154136846	-0.7751475076563791	-0.5735317172810199
0.1698020800985566	-0.20166859851063254	-0.5697947562277507	-0.7783514410241166
0.042731332380698255	-0.05428095322110663	-0.6889763217450036	-0.7214840534794262
0.10297443546876041	-0.15208991051375656	-0.7786225711758156	-0.6000098469320063
0.15997705284723976	0.06055596664963728	-0.6180740883355562	-0.767284001392972
0.04797782864424151	-0.11401511880216872	-0.5988299896874062	-0.7912656469821574
0.0424106394712101	-0.1247657063170694	-0.6991240037963815	-0.7027520782627135
0.08847545160094539	0.009690897620225434	-0.7706718254989231	-0.6309858305457268
0.2005534427270663	-0.04120362638590652	-0.7962733332387415	-0.5692357653519637
0.2570762418320122	-0.04276313316169361	-0.7679904606038224	-0.5850416846253375
0.19877728272454012	-0.06374679611120782	-0.7621725158443624	-0.6127944140979742
0.16579631382201312	0.05116102783948342	-0.7513184815994662	-0.6367218158352301
0.1357482052241492	-0.021167100536349834	-0.6075143161545923	-0.7823367141458494
0.2105886435355607	-0.05955024097631252	-0.7606908411250161	-0.6111101670255792
0.12771724529146466	-0.17762782660522047	-0.648617237332721	-0.7289940602676638
0.3151196888400575	-0.06416498790541118	-0.6567245861253298	-0.6821255412392633
0.07344788536708471	-0.1950946427986769	-0.6492362629442098	-0.7314613888405848
0.2431348625360897	0.011838955775749518	-0.7446637497468653	-0.6214669561277046
0.06811103275875144	-0.14256217673240493	-0.7000177178489299	-0.6964281066121836
0.21648557766604157	-0.024385296399674357	-0.7848388468708886	-0.5801442376034379
0.17086601252279615	0.038019124296673014	-0.7235327046683595	-0.6677273225108902
0.08836420938111363	-0.27193475655916205	-0.7428162590376111	-0.605365393778773
0.1941757097444304	-0.11534527527915284	-0.6359403921321939	-0.7379505937871279
0.04002086413833431	0.0805926710075545	-0.7949802524077844	-0.5999246203442099
0.10242193475697402	-0.05485571102608209	-0.635227821070193	-0.763535338793743
0.09707971134739782	-0.08607246782192617	-0.6922688705666451	-0.7098808849181186
0.006130855652067208	-0.10453509566200929	-0.712121296129386	-0.6942032022274973
0.07083772763482828	-0.06954584350532676	-0.7125680567863396	-0.6945445676430033
0.09612315404405153	0.10589106664888011	-0.7540063016187403	-0.6411099113099215
0.30970654716467155	-0.031053923827178632	-0.6542095931662415	-0.6892947966345992
0.07703654034752265	-0.16051803290613165	-0.6384535915848547	-0.7487832423042267
0.16501041125161925	-0.1780841568814043	-0.7323106219127703	-0.6362222491237968
0.08191744503441531	-0.054297947655932446	-0.5957040959317275	-0.7971686742274502
0.05225689844479988	0.07376426788440169	0.6342483643295825	0.7678261923727643
0.10111124168305337	0.1093990570879037	-0.7709926699360663	-0.6191757957304571
0.18698041698427806	0.0684228373161279	-0.7382939169884014	-0.6444212373408558
0.12112663344776714	-0.03937912974588741	-0.7056456330176634	-0.6970235745031643
0.1358512167801251	0.02084773793862749	-0.6147864998602397	-0.7766256358837231
0.24181540853455616	-0.14248175139866606	-0.590277436631693	-0.7568334073738765
0.08555758416998227	0.09175620733126885	-0.6448469610017256	-0.7539450212674772
0.01247105822807548	0.038522598831284116	0.7577082139908737	0.6513361225486546
0.057749815628627785	-0.11169036427195547	-0.6757561454127907	-0.7263221415188337
0.09497839747552553	-0.047342557948443165	-0.6995819324563348	-0.7066278412294124
0.1142866481212335	-0.035694449920942665	-0.6807258385639818	-0.722687208284067
0.04038994287363321	0.04480280239491436	-0.7118335065430109	-0.6997531138729631
0.13789291414006494	0.10007208516558799	-0.7351156421436249	-0.6561829887130098
0.2789752153534635	-0.1162639559678161	-0.6281578946876356	-0.7169889686060725
0.1749583819875892	-0.09161793996880896	-0.6031873238248084	-0.7727617809035473
0.07292167392977841	-0.20990931891526363	-0.7512104409915725	-0.6215330889414145
0.009470533264363118	0.04389315090757966	0.6282508763852047	0.7767139348719805
0.13647929133849646	-0.17881848242087536	-0.594649538369378	-0.771873875641301
0.03082417076536395	0.10167902448729828	0.7952175366285907	0.5969424728684458
0.15115460333083988	0.11965530245563527	-0.6572881287599531	-0.7285651722923531
0.17817480996040178	-0.041038945918053356	-0.6853670358492012	-0.7048698945087593
0.22386975719654342	-0.011188767414076461	-0.6657954927657319	-0.7116695195871119
0.24614489450571106	0.019291067744308502	-0.6758064204322283	-0.694497104181605
0.28083307393684437	-0.014119520609959373	-0.6537887270283697	-0.7024910847345693
0.07342580871114535	0.04698625401211973	0.6854814037620095	0.7228528118818434
0.33882209955074033	-0.028031193292988046	-0.5989514394617701	-0.7250317304954816
0.10841115689128941	-0.26741734336594053	-0.7434494089372645	-0.6033390107389269
0.04832487543334023	-0.12201454871865082	-0.7155266115080304	-0.6861478153715657
0.22750841359503007	-0.09855023298452867	-0.7711744624834964	-0.5863597204237841
0.15863255137145285	-0.1658851476676126	-0.7008144533122814	-0.6754087158582467
0.24937543277980995	0.0025661667272813314	-0.7435465086021809	-0.620438472259512
0.10530952732821613	-0.09442617814041658	-0.609249534531434	-0.7802618823247314
0.19544719527485108	0.04021715858853275	-0.7752207807630207	-0.599346072888971
0.035064228801100696	0.10013908468909113	0.7555965204520424	0.6463873156683857
0.017412360506839558	0.11337040790028399	0.7459242518777872	0.656080003333943
0.19941267744508856	-0.049146150166056335	-0.6500690594927689	-0.7315937792848046
0.25183859090857297	-0.08028216789503406	-0.6418841528794832	-0.7198033286457117
0.22409587384329044	-0.09567555809270345	-0.7061550019915331	-0.6648100029876202
0.07152574515220403	-0.14220421277175413	-0.5793943677769341	-0.7993523605011462
0.02345964590628808	-0.02397772397293318	-0.7781583006584383	-0.6271717251944645
0.24830982155829578	-0.08999284595433958	-0.7136613619364005	-0.6487919394334425
0.007983933184577019	0.08720629090821275	0.7310130457746584	0.6767209517550005
0.025520510105895323	-0.013352379644977128	-0.683894451298043	-0.7290122063487688
0.031117493245194555	-0.1570751178535127	-0.7323391432204612	-0.6618447614603905
0.04754381343297559	0.08024087910531176	0.6884644518574462	0.7192480001037774
0.06711017144447745	0.027059792910085294	-0.7923141822778488	-0.6058070889794374
0.3319261877307428	-0.06491275358135136	-0.6370819072133898	-0.6926312033271186
0.09556785149495936	-0.2715070110927486	-0.7369559930533334	-0.611593486713924
0.2486198503569245	-0.13810173492544425	-0.6626873676498444	-0.69279256172133
0.024867611813656917	-0.013905978718817687	-0.7168225515258199	-0.6966732772703217
0.09331107908335773	0.15343074180950375	-0.789736243322271	-0.5865737088988148
0.09872208575210001	-0.08548517538620473	-0.6168166194557749	-0.7761981013485505
0.04691803514985155	0.029963535583613466	-0.8032039613328068	-0.5930971935629892
0.14755108898510105	0.10881702765018503	-0.7425190573510506	-0.6442460555588965
0.20273242705001396	-0.15593186414868745	-0.7274485257663914	-0.6367130115882901
0.10931219002843189	0.03431402475713354	-0.7440833731441353	-0.6581894306554917
0.06383618510691391	-0.21765702206091617	-0.7458348789276927	-0.6263231558815973
0.10330358715418109	0.07332455881989469	-0.6062713975903784	-0.7851030954077023
0.18069249899462	-0.07226443290677191	-0.633724141165131	-0.7486800287494378
0.025524779082637825	-0.09328104412378638	-0.6086762024467995	-0.787502643192327
0.21463144743450513	-0.06349302942823752	-0.7838893852494829	-0.5791540457247812
0.007433486020886614	0.08909229598353365	0.7196333822135097	0.6885746882407924
0.14234980358667784	0.06937467698366746	-0.7142657711861152	-0.6817243546508736
0.024654273948010133	0.09236005320636388	0.7800387928816206	0.6183860193662194
0.25970620430017877	0.024526173937899826	-0.6550832124463449	-0.7090960012656528
0.16537469176167874	-0.06234899438803975	-0.702546802096232	-0.6893415735960567
0.16254557758950147	-0.19839158310978403	-0.7761896426051487	-0.5759768690405723
0.3178077739283561	-0.05270438376882478	-0.7000844194542847	-0.6372615415978031
0.09544939425156342	0.10580850784374596	-0.7025588790063874	-0.6972123021965246
0.27380090063765605	0.009971413721313141	-0.6291311571197985	-0.7274115924698412
0.10020748225779375	-0.22222287691079537	-0.6472015192529513	-0.722291940252496
0.09321076847750356	0.031363603348413586	-0.714149045559159	-0.693050660306863
0.11529898379997126	0.011114726188363858	-0.768249515624393	-0.6295834249242408
0.30432794686179127	-0.08805494987849677	-0.6775685574939205	-0.6637256032852656
0.14126923212944745	0.0589728526666147	-0.695150638665269	-0.7023751107956393
0.20189176132927084	-0.11602243191924831	-0.6126224044230717	-0.7552961681339332
0.12104231627200765	-0.10699225223407088	-0.7217591673182864	-0.6730268345507497
0.03824152472872827	-0.031336371692337175	-0.7025392027870369	-0.7099255497183746
0.20908208879154833	0.005060587480468876	-0.7018904994502368	-0.6808882414775664
0.2149644639554515	0.014548887271481377	-0.7632499189792822	-0.6091208174850261
0.09883185860716998	0.07029788199318651	-0.6888636204764246	-0.7146729209195188
0.19797273867869639	0.01652154523035834	-0.6891293210619747	-0.6968748898732968
0.06353897863330744	-0.046025151630084984	-0.7255984976892165	-0.6836309704532234
0.1088900488123464	-0.11852014249630796	-0.6314052258443731	-0.7585666574986775
0.19632183968192513	-0.04984042604489694	-0.6148146776638787	-0.762218196663284
0.1800412660730967	-0.2051795650505254	-0.670984767175412	-0.6893953370998616
0.20592207099397938	-0.05724959190944608	-0.6168694010866976	-0.7574897536644911
0.018400804980573116	-0.047538363971299354	-0.7782835956291929	-0.6258403623141401
0.08191666234354167	0.01906887318727984	-0.7540784641163413	-0.6513767791852897
0.07894013975215025	0.06743418286319294	0.7017055993223237	0.7048619277540694
0.2685041879772825	-0.009254952926438952	-0.7227221733933921	-0.6367829355208268
0.03473313892799729	0.019883114142019737	-0.7850038753973911	-0.6181967214756976
0.1096031456680819	0.10565724957010021	-0.7685508290397445	-0.6214123584667948
0.20858403995237074	0.051132893038623166	-0.6710748012104835	-0.7096032248425586
0.21066004091008433	-0.11179882596299438	-0.7883100601135267	-0.5671777664902476
0.20791283102658648	-0.0722266067131157	-0.726855785149303	-0.6505660916249857
0.18947577687103845	0.02795200686234661	-0.8021125226468523	-0.5656263044666388
0.33715700127889786	-0.03400071554543995	-0.6225040247603771	-0.7054486848723663
0.1256097992295745	-0.03858897060516505	-0.6091285158448914	-0.7821096603864062
0.10417071441744453	-0.1917944757894673	-0.6780591830235071	-0.7018540344201897
0.25019651362188844	-0.029870680275763707	-0.6681182551205705	-0.7000910256573495
0.16269308954576295	-0.13609803362620515	-0.7389344229812822	-0.6395187271616479
0.12102712005743836	-0.18289973215513403	-0.7736705467297231	-0.5944190519415692
0.16985807611081744	0.07600815868237819	-0.7143915273099608	-0.6745485449553559
0.08667015173298818	-0.14239850921661704	-0.7335550140979473	-0.658868720355752
0.23420209943222015	-0.1406890469322336	-0.6651246287366674	-0.694956974886036
0.13577663793205125	-0.11185758301459252	-0.7535163009302107	-0.6334554206465158
0.0859091753777038	-0.021207540753402712	-0.697929621431617	-0.7106786174702567
0.32115776022414777	-0.07003912260509873	-0.6835484735647638	-0.6517006204077131
0.02258088315041196	0.03574304772043437	-0.7305642994370911	-0.6815338162144227
0.15523310434955467	-0.23591739948675178	-0.678319214211699	-0.6783278761518149
0.12234596527525385	-0.012388229611847353	-0.6089378056110222	-0.7836279381476796
0.1439016593324366	0.09735370551611905	-0.7053501647737627	-0.6872377416275084
0.11252828827668136	-0.06942872698145171	-0.7417370643659416	-0.6575280705437985
0.0978767254070472	0.04926592076238456	-0.6846632670754553	-0.7205756215641712
0.022739578200771205	-0.05446775975533858	-0.6053452117880598	-0.7937715976877446
0.023423228374793756	-0.16288627653487187	-0.6804984304312671	-0.7140317216130453
0.1197287795257936	-0.10659405840371308	-0.6382652429585262	-0.7529410373311998
0.21911396810423917	-0.09085068541044979	-0.706702364625409	-0.6665635676924756
0.06726657408688327	0.043468229519329514	-0.801063418241425	-0.5931973710228599
0.2428002779030184	-0.09527308055171231	-0.735082757684856	-0.6257990128841938
0.09772840741530858	0.0578450978658722	-0.7149020483569108	-0.6899406962138473
0.045272830561060864	0.049770527175840254	-0.6101283884245022	-0.7894406976310179
0.26406414089909835	-0.04831089765004042	-0.6028933310337595	-0.7513027472693588
0.2797986686282155	-0.050258535790417586	-0.7203686680248994	-0.6326577010849656
0.20313628180352197	-0.14325587944282542	-0.5856408593103535	-0.771516809879301
0.2548553731294369	-0.05820911245583715	-0.7072209964201359	-0.6568857588931802
0.13283549266501193	0.08793927242377465	-0.7348476306308807	-0.6592574428932914
0.061584469317840805	-0.08112439899171747	-0.7587562986596154	-0.6433623118208224
0.04501706936086775	0.04410040976038945	-0.6418822205564387	-0.7642092856401708
0.09311016106074531	-0.029485258478460216	-0.8023330245843724	-0.588831754494434
0.07262187211926634	-0.058625438357835555	-0.6733877159574037	-0.7333744648301544
0.03836766252986861	-0.1333968967165493	-0.5884968545666869	-0.7964952244574378
0.07821807112237435	0.014650485297937877	-0.6134377836230253	-0.7857234769650837
0.05879198817211467	-0.15753728620085988	-0.6461287008187313	-0.7444751221911561
0.15669179913880804	-0.05279548593607124	-0.6297567408902052	-0.7589906218463864
0.15859917924774436	-0.07232661070043259	-0.6163831567102043	-0.7679107798764734
0.1295271526515752	-0.029435433355897635	-0.6005717347754641	-0.7884604386891683
0.006369788826448672	-0.010295106964649517	0.6946460600075406	0.7192498090920102
0.28359355751980597	-0.06199519233636674	-0.6128570518428724	-0.7349404902894521
0.15765197294772237	-0.2165652080318054	-0.6194395210372319	-0.7379295670136794
0.23847224441461226	-0.07416917450411954	-0.6169444727265696	-0.7463306504287293
0.05470111645560504	-0.04745377195102473	-0.7569539254070817	-0.6494433633481372
0.2785022954228344	-0.09782790516262468	-0.6494991222407038	-0.7007260967198667
0.11986183226029962	0.1019133371197283	-0.7611531635454256	-0.6292000274230088
0.09685992675167597	-0.02700638062059691	-0.6870973481721738	-0.7195735154452267
0.007785315125092583	-0.0007934523909310346	0.7418903916387026	0.6704755074541342
0.015164978471819003	0.05409302249138787	0.6070810329408333	0.7926516181710515
0.023285315239541582	0.07416398456464764	0.6414472400779427	0.7632187993518503
0.05626473961214431	0.0633266278269863	-0.6055024714329578	-0.791322168508516
0.2041087665680237	-0.16154668236513034	-0.6995821960554501	-0.6654525015274445
0.014157495587068126	-0.08928782119487289	-0.7884455035687584	-0.6084249651412913
0.1023364219168547	-0.020738670730466327	-0.6193318250073268	-0.778155032637252
0.16595274593517534	-0.10070980508797746	-0.6185466773333561	-0.7613916398513854
0.13116420519321834	0.0951336995149998	-0.7851197618581918	-0.5977729418703703
0.04300668981413219	0.002889252443060224	-0.6258670837694152	-0.7787377416727143
0.31637595993667506	-0.022904822900185397	-0.6199994679522858	-0.7176226590632023
0.19310761789760306	0.03084268339083885	-0.6911407039722611	-0.6957605220935528
0.10937884549615812	0.08692185781510643	-0.6015319592117697	-0.7865368146747791
0.08009536296657731	0.06341001207863563	0.6182492111799444	0.7793149658994211
0.050499212966576765	-0.161984240792586	-0.6643737885871659	-0.7278862577786048
0.09975212069273755	-0.04733858988860507	-0.7262108087720989	-0.6785472964703595
0.12424014599301383	-0.25357197279494326	-0.7069253953678063	-0.6484767737711089
0.05722410374753718	-0.06359948447950375	-0.6074792693979114	-0.7897147869807252
0.1271478221612657	0.09567307947179854	-0.7443252325536248	-0.6485831029004858
0.16518608725509687	0.0958041164436357	-0.7209932024942656	-0.6661110491553707
0.16936388457919954	0.0618510914659027	-0.7199063330900852	-0.6702426341717657
0.005957947334911732	0.08994597790115015	0.6875741257717123	0.7204970822232565
0.12127800907264258	-0.07743606653056469	-0.6569994030862114	-0.7400318131404973
0.10983109386735347	-0.02552416862230689	-0.6405511158568818	-0.7595919401958818
0.20823431563823694	0.057380335098060134	-0.613258812525774	-0.7597760168590393
0.07139626963167944	0.02583966301443932	-0.6391172571837727	-0.7653522170006906
0.1991828856033836	-0.10989659291649963	-0.7871046369717116	-0.5733369056721228
0.13024565650735778	-0.13806262250677626	-0.686321690197017	-0.7020949499837102
0.19258587836268645	-0.08114143437682969	-0.6826065157063298	-0.7002678714590633
0.13305663541624707	-0.05278869997770907	-0.6084554248924029	-0.7805711247832426
0.20419558875658286	-0.05634819802345802	-0.7864220527280972	-0.5802321923978258
0.14779573230712872	-0.01942604701961748	-0.6833334931014255	-0.7147267921484372
0.08976265584691877	-0.1990820018694437	-0.6133551963913623	-0.7590154314680801
0.015518391675520755	0.11621750376876089	0.7840178983159499	0.6095642759035376
0.03729631514377954	0.08717865379453435	0.7646680185253661	0.6374101416229263
0.2078585447188001	-0.07238308987876936	-0.8013670378849422	-0.5562071415205834
0.1591940721102287	-0.08928094331173045	-0.7184591233605104	-0.6711949408527881
0.1333645239895527	-0.17388436174315322	-0.6165171990235985	-0.756230570520865
0.21009939665475263	0.06659382603583176	-0.6364713109451696	-0.7391398894681274
0.015535097525956222	0.01825348383030132	0.6127404735156255	0.789920618283105
0.11340797694166146	-0.046089901556597465	-0.6942699384305029	-0.7092274700913723
0.15011576884516575	0.042411407046761114	-0.6017298276177305	-0.7833184174085753
0.01933866854051131	0.029737661698879758	-0.6214832675989934	-0.7826239425613307
0.10301004581752551	-0.03398200437775083	-0.6957826172656855	-0.710014579674287
0.051575163271078535	0.050101480760969826	-0.7220496367770403	-0.6880945910187524
0.11709966494008962	0.07459263857416529	-0.7720222976379759	-0.6202460630195432
0.07862144044060741	0.05045374649309938	-0.629844719644022	-0.7710828215596541
0.13163079597493565	-0.20470036774678899	-0.7651911134664059	-0.5960315871389502
0.03349658393149049	-0.12068338056813081	-0.7211385507922373	-0.6813755873824949
0.036476892144745005	0.040759360508119256	-0.7350301151395007	-0.67582456355806
0.1382004118905239	0.08234338690889137	-0.7898820855242651	-0.591782480100163
0.032918595756201166	-0.1795154442217602	-0.719604080792326	-0.6699705502828729
0.10287797035970697	-0.07167713110645398	-0.7017176402777185	-0.7013350593076649
0.06056399059165317	-0.038955375693847875	-0.7130044096136533	-0.697451929253659
0.3188607118014258	-0.051504659359459616	-0.6555938459032893	-0.6825480391499843
0.08108577551260743	0.01652233183510294	-0.7161657626635977	-0.6930070056995942
0.08592739763572672	0.07033477062600449	-0.5931168485422365	-0.7974220377891903
0.04366445882299435	0.005973086881788636	-0.7216403128297434	-0.6908639491012596
0.23025753042246397	0.03257596779365187	-0.6005116475381562	-0.7650529636417757
0.25627374735772906	-0.08930844946417908	-0.7933394999756552	-0.5449405518475462
0.010251677853919925	-0.13743725807763865	-0.7877036206275487	-0.6004405959322959
0.1914430110896895	-0.12279616869467885	-0.7567073455367588	-0.6129148943120353
0.10414470988995175	-0.2371869058296744	-0.7578652643259368	-0.5987791681689176
0.26859396132604135	-0.06862697928512188	-0.7391525529850967	-0.6138412865464478
0.13598397053978695	0.05578038329164809	-0.6826526754675779	-0.7158087965881873
0.11241171000130516	-0.04405275637769798	-0.7569299858537587	-0.6422460265548852
0.012479699308047043	-0.13451233828962336	-0.7880240504463172	-0.6006403115602705
0.02326692686404431	0.0032837374802588896	0.719243253236997	0.6943608642885376
0.014470438552347378	-0.05029216113093644	-0.7766721374143426	-0.6277274057272944
0.25576324436707476	-0.0659986355430239	-0.7574575716766302	-0.597065632947526
0.3074769200734895	-0.06773651326153309	-0.5957827848421291	-0.7388589727945709
0.16717850778924087	-0.09817404004536974	-0.6778755829256659	-0.7091529443411496
0.01739474494021602	-0.012660483074061063	-0.7864092003194072	-0.6173311142893955
0.07742870558295217	-0.11198238520268003	-0.6217149292588915	-0.771320483127914
0.12943267462430338	0.0441449542206247	-0.6046359804782185	-0.7846742871202048
0.21448935220568086	-0.14738842378447944	-0.7207921673213568	-0.6424403644330696
0.13376698469145437	0.10377122781687213	-0.7012866345611719	-0.692484644067867
0.048178767958737656	0.05004609650684064	0.629445431045443	0.7739332295995712
0.2748129569079511	0.007627093490141083	-0.6627696477249427	-0.6965314495519616
0.11022581985823225	-0.11343365778030709	-0.64521941936852	-0.7474456333332281
0.2418731374601139	-0.06645831382173724	-0.6218252429990239	-0.7418989453209764
0.01307649346937445	0.005883877485753347	0.6634245972047529	0.7481057339226785
0.07270626599864773	-0.1964033154568637	-0.7476736329263237	-0.6301774949875935
0.08940270023906251	-0.1662226209652776	-0.7647407472849406	-0.6160753094480161
0.12777858011694712	-0.22484311258080314	-0.7427734260585789	-0.6175806398596657
0.12308734722221473	0.08309039387509252	-0.7670872148845141	-0.624117533931069
0.14482428324723198	-0.19528534206995635	-0.7240045379174644	-0.6455284588842419
0.1516602494113232	-0.19293600192873223	-0.6990679111444372	-0.6716240939070045
0.029309546639884557	0.05446062872271636	-0.7186728155324928	-0.6925925025651738
0.0869418237555636	-0.054916390347927814	-0.7036736800472819	-0.7030424321205131
0.014436854695670033	-0.10370418815775834	-0.7179521723873966	-0.6881727230494203
0.052038491096085465	-0.039840063493459844	-0.7604825448080624	-0.6460426176557806
0.1253650744115025	0.13191629741977157	-0.6729869386510141	-0.7169171981463361
0.014901285345727319	-0.1140027845204496	-0.737668817449352	-0.6653014599258774
0.1122314636148421	-0.12673834413926763	-0.6034721955778892	-0.7792065193927146
0.023652920777862234	0.06784235288705966	0.6406376078801981	0.7644745972646583
0.1953207602837331	0.027727490374307013	-0.6997666625151776	-0.6865912939384659
0.06604531093766211	0.03829452118852731	-0.6524422935309571	-0.7539831564180685
0.23213226406242995	-0.002565135932832808	-0.7006130669851854	-0.6747216925729514
0.12642368505623455	-0.24966510471683245	-0.7402360655382286	-0.6113386578812257
0.29411455804953035	0.002703069221371141	-0.6149352023468468	-0.7316720693553612
0.01260936516724825	-0.0439607576293764	-0.7500651941500993	-0.6597807667879567
0.07667429177351878	-0.17787397036376204	-0.7539210755942451	-0.6277618301735757
0.04027766197029529	-0.15989455286511137	-0.7573229207213679	-0.6318808714151185
0.24840841149929205	-0.03233031003323288	-0.6240911378258456	-0.7401069272995592
0.15297234404905502	-0.115709673760086	-0.793326257905121	-0.5777925076294511
0.13840814224580553	0.04899826159703909	-0.5960440536164188	-0.7894136068431052
0.19461571927283625	-0.0834238387214181	-0.7949160862194093	-0.5685715441477142
0.16372958000126142	-0.13718874017489777	-0.7201219439082681	-0.6601486651532457
0.1486929438947626	0.019065896984462587	-0.6841348194517568	-0.7137831945498571
0.2116484892049162	0.02678472713694286	-0.7507027747031584	-0.6252462230693241
0.14508040546413795	0.06632452812089676	-0.7632047249597206	-0.6261559555885889
0.16768774845848847	0.08916754171882453	-0.7807294612821297	-0.5953078840456087
0.13128592241340284	-0.18943067510512387	-0.6453313504459126	-0.7283045201266662
0.03294625326526469	-0.05521452288264778	-0.6789132379783785	-0.7313977824387603
0.15587710446441072	-0.05089915232992956	-0.6999689894783284	-0.695093532098072
0.03532533844867021	0.08364425325815836	0.6871305184271383	0.7208379915115629
0.0335550946959916	0.08473504134203044	0.7655171447114688	0.6369281981051768
0.2680893698295699	-0.02219269347883593	-0.6307662881382415	-0.7278526388554508
0.2572767079091338	-0.061522930580566806	-0.6271298541988467	-0.732619799454499
0.026046414000310523	0.034867993760676876	-0.6577161849274007	-0.7520074649984367
0.1886057992495285	-0.10466572905349025	-0.6677350527750442	-0.7124625161695575
0.041475361623213254	0.08150262873546045	-0.8002812000879772	-0.5926104257209626
0.17863232880916963	-0.11671919248210233	-0.6545178884829541	-0.7253092132782776
0.2352575389698417	-0.11673537318845685	-0.6722397891962548	-0.692185241698911
0.1292006403439667	0.004978019648941552	-0.6131151254905554	-0.7793409117644116
0.007952700832978799	0.06794595012428283	0.6627319319787337	0.7457254781398479
0.024814398747196955	-0.09513246993575127	-0.6600836936197695	-0.7447305393201092
0.020905261902807292	-0.02228559802768091	-0.6714814556322288	-0.7403910972501943
0.1437366392931889	0.12345045074438779	-0.6758004020244002	-0.7123156472796075
0.06896399611844656	0.029135475456087787	-0.7774375985822792	-0.6244884879803162
0.0748576637116611	0.09947059771982468	-0.711906945257455	-0.6911515258372013
0.08528224117569198	-0.1625807969858482	-0.6646460859356853	-0.7242513405178282
0.12133122459939853	0.022472123733669785	-0.7879326973812932	-0.6032709192307784
0.09981234767975646	0.014323025235166438	-0.7888812780474723	-0.6062166900910555
0.15950242169929915	-0.10925402923663982	-0.7331724559225864	-0.6519821197272679
0.28489194404317214	-0.006018414076583529	-0.6672680161070922	-0.688152420319663
0.01265931345652907	0.11286040862818798	0.6244415868797961	0.7727709715835149
0.07319457984947209	-0.17856098464208453	-0.7264915559489032	-0.659521453312362
0.06053473260209613	0.04411038189001844	0.6684021836134457	0.7400191492786434
0.004007931542978172	0.06884730806570107	0.7971544534883018	0.5998239424536337
0.14537195987511128	0.0762448396394197	-0.620672479687444	-0.7666938050284922
0.16755171516566175	-0.050109134632008424	-0.6102528778810814	-0.7726622304793564
0.25676457157186117	-0.1056653603416875	-0.644814666387024	-0.7121241692440798
0.0682889949157187	-0.2060910905386443	-0.7493410867905296	-0.6255805393565095
0.09678112570662221	0.04288594531482873	-0.7768423726321408	-0.6207335478969043
0.0313987322759971	0.030462352728184462	-0.6356995888200774	-0.7706959176301044
0.1384825550292097	-0.2400448224837804	-0.7413254070841833	-0.6112591152390139
0.12256777556748787	-0.19338338033409716	-0.6583897542539895	-0.7170097210612749
0.04114525763233791	-0.1394605513632637	-0.6797147971686776	-0.7189197569254628
0.061507773252525114	-0.14448125395386852	-0.6062382595831063	-0.779626278227639
0.2216067771420491	-0.06997479750424405	-0.6913772494112379	-0.6840990155200527
0.0704332713345	0.04286358628072502	0.674000882930188	0.7341148936437691
0.031138390717803624	0.04964750096520629	-0.6594227449409907	-0.749484602727704
0.06873487930126443	0.04129289687589226	-0.6091461498572384	-0.7889939043802179
0.11943075696464564	-0.24426220302747167	-0.6320756601722015	-0.7256394630123789
0.1294172746390213	-0.21368031039689234	-0.5599657814205148	-0.7899558326968719
0.14229234326861234	-0.18420748349145807	-0.7240488672187058	-0.6492870936282198
0.2431132316871804	-0.007574923016840521	-0.6687197547906343	-0.7026040610988938
0.06277508531692681	-0.16196072792610613	-0.6979034005560625	-0.6948085022258886
0.12727343881941494	-0.09129657583815487	-0.6163963476850156	-0.7717006865176952
0.23238638642525408	-0.06694569588699628	-0.6610929987033294	-0.7102611408994991
0.162505731801398	0.09743645151938071	-0.7005150708178105	-0.6880237354947294
0.07047273259995848	-0.12550053088536064	-0.5906630916612261	-0.7939775329671421
0.02254594778621355	-0.015695035680245824	-0.7517285133486158	-0.6589002870784753
0.21104094967470474	-0.053842992376988814	-0.6758900203875517	-0.7040847463713477
0.2175037835149143	-0.06836067844426043	-0.6707453956542717	-0.7057758397734596
0.14503586728012183	-0.21310773050755577	-0.6865362192285219	-0.6798659515578264
0.1929372169822656	-0.09873922429087632	-0.668421246161276	-0.7115046265273199
0.2099384084856282	-0.15649019149212312	-0.6688489676418703	-0.6957569569136083
0.04542166921693284	0.0027387251050690065	-0.7883775007121211	-0.6135065506750974
0.22276689737782415	-0.163709084308747	-0.7259007596459097	-0.6297954686189324
0.03968310034434677	0.054129913850729273	-0.6613953519148855	-0.7470283745875774
0.016077003879280353	-0.1807369417577864	-0.7812113931505853	-0.5973143619921003
0.22150059282573803	0.0025406613936464527	-0.7527819883649602	-0.6198792708349153
0.020999032487481722	-0.12263139716303557	-0.7827305425911635	-0.6097978999302756
0.13824711455056374	-0.00869884685190961	-0.7971200192256981	-0.5877173983569934
0.16995151341817674	-0.1973117065279591	-0.6375515910747643	-0.7250603714670472
0.15249084900167434	-0.10789631924080798	-0.6087634159518683	-0.7710460613112856
0.12938508510368693	0.07169182664658832	-0.7667031723116994	-0.6247287629939604
0.11929464231273489	0.0025112727529452076	-0.6759372926702797	-0.7272353526900419
0.08389608715010809	-0.004152123631342375	-0.6152097369891787	-0.7838757464955508
0.04882607586645977	0.08469738683519454	0.7697708223599409	0.6307893848362324
0.27916905520164276	-0.005935102499205484	-0.6384208927771373	-0.7172504282618374
0.138562183046215	0.053088410940250234	-0.7354766598978479	-0.6611022801343311
0.1880540447134626	-0.15019103401894598	-0.7479821848166847	-0.6185474765643182
0.11064070131968458	-0.27861605248279947	-0.7275286353185082	-0.6171173432192449
0.1882275029827499	-0.1676916374741213	-0.7180136966687365	-0.6487728826316822
0.1319103681558621	0.09398246466811958	-0.61682329291172	-0.770257084634366
0.11785749185739224	-0.03872645262680405	-0.7746584413910607	-0.6200920678912134
0.020394023117603504	-0.12157116118054238	-0.6546028075339464	-0.745855013363166
0.11445809603297993	-0.1972650879181529	-0.5991451361471868	-0.7674704783718508
0.17863377408058215	-0.10693296956032489	-0.7332900523073783	-0.6472565287162274
0.1552822557979537	-0.1669023797138652	-0.6749145249165964	-0.7017986896088881
0.1350513892991285	-0.15752171000749085	-0.6671638343201194	-0.7154302560697077
0.0993205219900704	0.10443821171581409	-0.6307520945810192	-0.7624827139200466
0.20901158049067778	-0.1348880514525352	-0.7513728828017049	-0.6111940475711316
0.01578830931276862	-0.12704102935048042	-0.7740967775463298	-0.619988294359662
0.08228060093026646	-0.12333786565676583	-0.6605544637669841	-0.7359928491522862
0.15126840149748738	0.0053885957767705415	-0.7760722575462399	-0.612209673895335
0.21486262128752848	0.008132799724919176	-0.779684254227885	-0.5880989502211283
0.04396939270101892	0.0462571945656866	-0.594594689821565	-0.8014886894351115
0.11138521964666391	0.08872767946616522	-0.7925455109238216	-0.5929522281392594
0.2482888635000116	0.016910313960933482	-0.6270587264688016	-0.738149060219506
0.11382503563343657	-0.07180314870421761	-0.6412493530976383	-0.7554385721228876
0.03520105177399721	0.1029117082866046	0.6616397601496657	0.7418914300897604
0.07121568267091234	-0.1857314132272615	-0.6553577805827127	-0.728655164060491
0.0140814559789988	-0.012231813217881977	-0.6732697005640309	-0.7391616911375578
0.3038867106261967	-0.028395073661659696	-0.6215644909219462	-0.7214597497584192
0.1808142527211623	-0.19696524334994056	-0.73032087159433	-0.6286034707497918
0.039410988658331	-0.1814617162611661	-0.7340692685371556	-0.6531927192596764
0.08867484446277796	-0.19542778691405052	-0.7284229041299346	-0.6506495406901405
0.02741355672838739	-0.08758608115744827	-0.6430579231119312	-0.7602984169508377
0.00986776153605542	-0.11476743990367551	-0.7748545274707318	-0.6215557282161694
0.059680328782534604	-0.09275673716195586	-0.7165568371190204	-0.6887530364691412
0.1542851953513162	-0.011019610946614005	-0.7317761676981166	-0.6637607152122288
0.2943537289945372	-0.09717210387249574	-0.6267075324804532	-0.7149483430208543
0.2190505802207237	-0.12782634623461975	-0.6338400218294958	-0.7307010984256529
0.03595984149527774	0.062371045419941526	-0.7818009037268939	-0.6193578040395309
0.056002496088273866	0.05467469536515222	-0.6925832359147747	-0.7170793954984553
0.1663988910217048	0.04598477239806165	-0.6552184652080003	-0.7354492318472552
0.14788865749421926	-0.18547511273111067	-0.7686444140077792	-0.5940653940069031
0.12734014813212258	-0.20169563958586062	-0.684799639983423	-0.6885875461583036
0.07340306675831834	-0.10651902877389444	-0.684309313912705	-0.7176255633628608
0.03265085173116996	-0.17794569331817453	-0.7517343754400324	-0.6341645534816084
0.25917224734263605	-0.027490239626572613	-0.5976101746936148	-0.7582454167585244
0.005214052036484531	-0.12880460626064563	-0.605490091670567	-0.7853431962882019
0.002806869906250586	0.1240276934036506	0.745785526780141	0.6545328110916726
0.1976756037623533	-0.013349633131721921	-0.6163277404805564	-0.7621589462091024
0.137168798059624	0.06415670371202757	-0.7603388738397892	-0.6316276079587769
0.18226338149102062	-0.13169119702650053	-0.6173677717696902	-0.7538531175058666
0.20931670771596947	-0.0004266179812659861	-0.737205837374951	-0.6424281183201297
0.19864759565786674	-0.061820392215309355	-0.7691118145412627	-0.6043048804856208
0.16914438018693037	-0.033974296990338854	-0.7820671693064759	-0.5988379317379181
0.09777637447002019	0.10419513705808171	-0.7672637462138278	-0.6252115623969768
0.20113257079790792	-0.17492127495068943	-0.6374634005119794	-0.722902932309417
0.07972789619315758	0.052309063179927964	-0.7045650890547516	-0.703203569219555
0.12031985459012608	0.03664257709791979	-0.6735625816281897	-0.7283501237491499
0.14078928494342993	-0.10887873976485814	-0.6302531710792718	-0.7557147197301745
0.19633993568730154	-0.138543242650124	-0.6270104663160191	-0.7410224522242653
0.0958773395470518	0.09978576710642148	-0.7029958841166433	-0.6976009771778001
0.17761553965067614	0.08301579345757693	-0.6432846633139905	-0.7400986015769886
0.2421996837985673	-0.09927105489612391	-0.7623369891368604	-0.5918841827768598
0.08818230665599606	-0.17537825656368064	-0.6705053467180448	-0.715464134628722
0.020415062788934082	-0.1623184008323769	-0.7085704271347201	-0.6864138050423112
0.10382216934702918	-0.09277907492908277	-0.7716765569901932	-0.6205870541665701
0.16472494025391707	-0.1591096990496565	-0.578995150873328	-0.7825052159518447
0.08392846318112958	-0.23803905890345706	-0.7351030615699592	-0.6292192848084706
0.013394625084337869	0.1254232475067956	0.7916119702258281	0.597862928771204
0.27867626569370546	-0.11388612848856561	-0.6312085474239505	-0.7148043496900698
0.06466209877236909	-0.18188999968520472	-0.6674713926989038	-0.7191778506916452
0.08795249330475315	0.044369274627786864	-0.6930884452260903	-0.714089723693432
0.2136506215824703	-0.16014937667943502	-0.7304676025390887	-0.6285878384819487
0.19693928232124014	-0.10109561927305213	-0.7181635035254388	-0.6597240158177204
0.09309826239485479	-0.18043100543387794	-0.7536585704224514	-0.6251208883455788
0.20425760747857402	-0.12559526031316887	-0.7523832632800177	-0.6135340948228614
0.03648969684117595	0.09674728992185594	0.6815188349370456	0.7244587921636865
0.1291005375222084	-0.008525965528739602	-0.6351314288799349	-0.7614909238935234
0.2404988626687393	-0.033087010934204124	-0.6851129343490195	-0.6867938656905425
0.023559143998063286	-0.02233736649356134	-0.7349118719236942	-0.6773850819864743
0.18437328908916428	-0.1543143200401655	-0.7796009080703342	-0.5782871302708501
0.11929589450342232	-0.20589807815758912	-0.7659389940754008	-0.5972536549242732
0.08503846873923	-0.12090099191513407	-0.6274303632177453	-0.7645145834455167
0.2732265485635992	-0.0531222703874461	-0.6481344201221004	-0.7088349956103289
0.042074241320384564	0.08447882974768998	0.605621027526047	0.7901368593858091
0.001651207441237621	-0.012031884316402097	0.804286367049877	0.5941177888697605
0.0011495367709249281	0.11833451131018016	0.7954686270677274	0.5943275909371681
0.03961659395491829	-0.07743102905853809	-0.6968585975157252	-0.7119150625536472
0.10796008608724211	-0.2709786735944645	-0.727195822090269	-0.6213705936101883
0.30813179010538133	-0.07684067581573505	-0.646531077501603	-0.6936482367102582
0.1177464882029014	-0.17332606333187903	-0.6356805528442013	-0.7429697672324547
0.19130303848147387	-0.00041582737150812365	-0.799608413291924	-0.5692357683316505
0.24716958024376326	-0.0012352509657952634	-0.5968460283818459	-0.7633351106571675
0.13133832270611545	-0.10282353198418148	-0.7040957151340691	-0.6902367638635934
0.13550305076519212	-0.1760516444230041	-0.6230858660394797	-0.7499391610464903
0.19776617040878808	-0.0908936912640584	-0.6871550815590399	-0.6931412356928603
0.16109781672237797	-0.2326354639955764	-0.7262543153102962	-0.6264845599310641
0.16559623892771927	-0.13480566409301312	-0.5993842823307982	-0.7714556375296181
0.18519164768006907	-0.09631917643034893	-0.6537824541857727	-0.7273205431445948
0.16985289321758645	-0.11758733688304182	-0.717002796734523	-0.6657553622354396
0.16456540852704613	-0.20608847998353272	-0.7669946290339562	-0.5849487189211267
0.18612171970888114	-0.13595297614077892	-0.7882808113956946	-0.5705163066174522
0.25120558586065866	-0.061475428541871796	-0.7454976957677077	-0.6142879706807182
0.29787292239642565	-0.07525339807206873	-0.60112940627903	-0.7377344272082201
0.2528236066988217	-0.0597655705846675	-0.7665430215468274	-0.5872989839820504
0.18400627951344228	0.0343584601133512	-0.7698231605161642	-0.6101913526519073
0.0011959394754692827	0.02764059456683493	-0.7142206316474426	-0.6993736173104408
0.08436333993367962	0.05503405282214992	-0.6035376631378663	-0.7909465020336627
0.2346576827245015	-0.07494110631245941	-0.7970853502868445	-0.5513388675589
0.17058757770549074	-0.08157225529956251	-0.7901862362072117	-0.5829678872859094
0.16686279206274268	0.052213186524269435	-0.7842658739994568	-0.5952794559346692
0.04056800193497872	-0.0004884829770452525	-0.7308446526372817	-0.681336988805742
0.1208257933669337	0.02263451542932632	-0.678094829902618	-0.7246214239365754
0.15292291930778884	-0.14181513279965766	-0.7400178140373931	-0.6394346594975263
0.028609428402427795	-0.13213516700305675	-0.7164724038849383	-0.6843895767170177
0.025199446185094586	0.07532755049150036	0.7162371970420716	0.6933217331241187
0.0699278988462773	-0.18148134719201983	-0.723167711073202	-0.6627239781730101
0.19986331891856193	0.04115783653140366	-0.725685851076036	-0.6570698073956532
0.16007255633604678	0.06709736886093552	-0.7569950544671022	-0.6299469877000219
0.04231450391068604	-0.10717637693719476	-0.7675242795473564	-0.6305784545088109
0.045051291722727656	-0.0181812341818001	-0.7592667007032404	-0.6489637131927763
0.1866715778238299	-0.02650631500488791	-0.6346626031815541	-0.7494361329829491
0.12483241359339745	-0.048001602883257	-0.6287325468336387	-0.7660340065487767
0.004766610076608319	0.10175201609770373	0.6481841004162414	0.7546397674493559
0.13634945231710413	-0.13613658396707543	-0.7280594075364282	-0.6578792871464387
0.14117349959193257	0.0988103203654855	-0.5982430567916002	-0.78256744667976
0.04829240007680047	0.06565173118586211	0.6972810124246105	0.7121494814989558
0.17573243645853248	0.09178438897176383	-0.6955495910547984	-0.6905827271956131
0.18026611463435183	0.0870341279337808	-0.671753400247777	-0.7132156460321036
0.1712869440050146	-0.19612593597881176	-0.5627901760289611	-0.7845142559668046
0.053226048151933596	0.02796228245769775	-0.7719028921458182	-0.6328910045614533
0.15886431739895523	-0.01436355715340196	-0.7677230518867608	-0.6206102903472862
0.1364133519023006	0.015409309765627382	-0.6358286466183509	-0.7595234576593419
0.18825127082678392	-0.13376842736724923	-0.6428329274125187	-0.7303651787332452
0.16560374634835415	-0.1159472411458449	-0.7360641349070162	-0.6460195242944622
0.03525199042347663	-0.146117117107676	-0.5863836800002507	-0.7959656180317642
0.2553898324871587	-0.028964357149323165	-0.7253272410470891	-0.6386215568489098
0.2340910512316566	-0.008545287198440344	-0.7088678133500458	-0.6653080346698654
0.04225723576260708	-0.14927883884068283	-0.74225590351843	-0.6519097544845606
0.10848963818280441	0.03230266713530053	-0.7690870950057879	-0.6290402025295906
0.08956413088365586	0.029021524215609523	-0.7950985632036494	-0.5991279432498126
0.06964326186339458	0.06238290456048431	0.6074423699028425	0.7888421619959486
0.0372073326817569	0.017428493655400668	0.7818102165734753	0.6221612711065744
0.1689743656164471	-0.1900160159485191	-0.694833669413767	-0.6727166931900614
0.04908427359788199	0.09069507394387925	-0.7787568992837699	-0.6187914264642091
0.16623590342679362	-0.0034932656253779163	-0.7928445579475516	-0.5863027617537716
0.0739748179809587	0.019363414199233875	-0.7935345300469417	-0.6037016929895197
0.02286989584067792	-0.05316352538148889	-0.7368254928416161	-0.6736013661892007
0.25070401899212413	-0.11833243446717047	-0.6411100925496932	-0.7156275421231307
0.06440485247679162	-0.20974193351138987	-0.7590438806379572	-0.6129540958101325
0.15321770441570917	0.10297615915532096	-0.6403052950899445	-0.7456067158891324
0.15842444995276211	0.039390029792273115	-0.7664032529777333	-0.621269806956106
0.012490388837806302	0.014482324762814839	0.6010585602792957	0.7989761320409546
0.06877189621448777	-0.14052091471861128	-0.6289290798973581	-0.7615592631418588
0.12281258489424042	-0.22166514921490116	-0.715256600627286	-0.6512984153782577
0.08126235805521455	-0.004433293724153559	-0.7669513536110091	-0.6365236808354441
0.015490582140523452	-0.11024573502516159	-0.6075497848244467	-0.7864408297726397
0.24442343326116156	0.01485635692739452	-0.7161137747991753	-0.6536187998172547
0.2572965226640951	-0.015259686134980511	-0.7353884293484763	-0.6267132513234485
0.09449589692846899	-0.16731582837184522	-0.579101582513792	-0.7922861201421803
0.15309989052403072	-0.22147165573395844	-0.7698819049286828	-0.5786126352676472
0.07672220302756076	-0.13100251974906965	-0.7887220112848176	-0.5957093521985571
0.2576054045319031	-0.08695850074289928	-0.7948053180238664	-0.5425515469939075
0.06137883426697803	0.07899272046407359	0.6564544295913344	0.7477033975365015
0.12335865301978573	-0.15623116192916972	-0.7403748842050025	-0.6420432209795808
0.071440561456752	-0.19336899409541192	-0.6629684965174946	-0.719706503323824
0.11415935000280983	-0.06782360585757452	-0.7972928354834433	-0.588805346258153
0.17530903976023166	-0.21594860636285565	-0.6930827903150257	-0.6650332215441753
0.08819230722827785	0.06052102484670923	-0.6376205347492435	-0.7628888360458198
0.05273592940098544	0.03108095019340909	0.6665049253899518	0.7429832304407845
0.2572974616372085	-0.11567687170722478	-0.7066609434183089	-0.648881490438913
0.14609611031161562	0.057680206896700795	-0.7242563046445143	-0.6714028041845242
0.09626793042105083	0.0569338630655936	-0.5982839518545942	-0.7934401891523556
0.07156225927175065	-0.04814987558838683	-0.7062060011395082	-0.7027328912775397
0.003494061940806445	0.12536152103840206	0.7152184721803627	0.6875571377173535
0.04289377248179395	0.056506736376043955	-0.6544537290505185	-0.7527665172935623
0.1244563305142883	-0.048494425684282805	-0.6710373972546678	-0.7292926188836351
0.05862547702515361	0.08695786972948502	0.7301155531660255	0.6752278588452579
0.00546130707443188	0.001267384655053401	-0.7249515621986429	-0.6887770323747171
0.15913129912817556	-0.032022847174025065	-0.7601427403636648	-0.6291540202280093
0.15676782860010016	-0.20484876069953456	-0.710140095652318	-0.6551044784633907
0.08293667068744821	0.03051881536263279	-0.6887517321940578	-0.7195909685118541
0.016013562813984743	0.030841883812220354	-0.6749848473427608	-0.7370127542088983
0.029219653697175385	-0.006077502971320107	-0.6012257417225604	-0.7985216861711446
0.2901635488437017	-0.009035332339785844	-0.5958234594333489	-0.74881097940723
0.23170948816853504	-0.10473210772853045	-0.7861279461932899	-0.563333605350626
0.14183739216943606	-0.18176464637600165	-0.6920850229265079	-0.6840044506808385
0.1611513507853503	0.08959900909174259	-0.6133196391581834	-0.7680112498737961
0.12254248823363384	0.03179700416790206	-0.7476961449607923	-0.6518610004550249
0.12968137555097012	0.10728607051502732	-0.755567472304643	-0.6330799591708974
0.0199455651512262	0.09693309565260498	0.6825964271337472	0.7240637175430379
0.01417504648501955	-0.0812065052671192	-0.6355847083089414	-0.7676175155136097
0.1975194550591998	-0.016402856619601672	-0.6518998613369258	-0.7319450675813933
0.13378017065532286	0.10312631528047105	-0.6631099880420627	-0.7292139417173543
0.09980483950345001	-0.02963503746692206	-0.7689454534238084	-0.6307801901018123
0.2784107031746026	-0.06380591319574062	-0.7437004241531275	-0.6044220089585911
0.1937483912667117	-0.04470936141725036	-0.669984087660102	-0.7152509742499368
0.17427286144111429	0.05609355612118405	-0.7395396057620184	-0.6477373342923535
0.10197632677931061	-0.1896542502276522	-0.6206485271161394	-0.7539413106706337
0.0680584021232249	-0.077480362339261	-0.6680116372242036	-0.7369703521073621
0.15810078448410153	-0.2040777783367605	-0.7514449711556642	-0.6071958972683418
0.20607038529233176	0.004030000604225468	-0.7673210813608619	-0.6072372794055033
0.18852184109069856	-0.10151349794468914	-0.7862834888086935	-0.5795798481604033
0.12741793804622026	0.0612824829761182	-0.7430505438253411	-0.6541292041066474
0.07251963856243085	0.023945153505263633	-0.7620617125333249	-0.6429848193675803
0.0365830152185304	-0.10816878887097138	-0.6241219495178248	-0.7729378941685922
0.17144004979944147	-0.1821547525680986	-0.7014736128302513	-0.6673550224164755
0.19147071112213498	-0.015169968642716221	-0.7674747069669424	-0.611630127609627
0.03795304139844274	0.03767017943755379	-0.7574481359329389	-0.650701810049324
0.05844676106507154	-0.017440549415296255	-0.7992082873090964	-0.5979514335241248
0.0629800646432815	0.07799471957215233	-0.7973362253847452	-0.5951514755636552
0.020435037922371457	-0.0968158460057905	-0.7808660971627116	-0.6168121589991309
0.08517111846800152	-0.007165917645840978	-0.6074265606893173	-0.7897642075786606
0.15051571078192	-0.025840343978095644	-0.6051626189348093	-0.7813165184961022
0.11700623851800002	0.02105810633443896	-0.7768634930709244	-0.6183439248825188
0.149313389767487	-0.049678421842382074	-0.6001531685354164	-0.7842536199064005
0.16235214873823944	0.02240286492252636	-0.6072992315673115	-0.7773850621031334
0.07576316180876724	0.055773208233819836	-0.6657636694798004	-0.7402080984134373
0.26679791417850157	-0.126634999206651	-0.6666351043308925	-0.684382997772207
0.04609340480516512	0.08030591845532846	0.633457850763215	0.7682170974411868
0.11389212241020788	-0.04375728177360931	-0.7484269568389229	-0.6518979789978737
0.12136212390033158	-0.18264899220953298	-0.6345879912370755	-0.7410861366298359
0.044034393605644255	-0.02478776188158035	-0.6702041741122007	-0.740454525304065
0.10507252093830882	0.038267896370779646	-0.6814705597489937	-0.7232518300332305
0.06718143944237978	0.0588874535413026	-0.7526795295888974	-0.6522978213574738
0.057461973392486744	-0.05484217052937193	-0.657013583525703	-0.7496823387330014
0.06532247023373562	0.08700367899425206	-0.7125140612535414	-0.6931717299775088
0.20099273356878208	-0.09428735915630358	-0.6571724100985683	-0.7203028796007398
0.09743641744917893	0.006944144253302023	-0.7607733497522736	-0.6416243712032481
0.0861661321237235	-0.07723013871152433	-0.7860809198341423	-0.6071965833419557
0.04077283610052979	0.029584258324467327	0.6314210587576099	0.7738021672579688
0.21799497867239204	-0.06935813180289337	-0.698804392013016	-0.6777463098606697
0.18842894637773983	0.06218842815662347	-0.7774104856036056	-0.5968752536702703
0.009697113294126418	0.053151757393502176	0.7313623165031374	0.6798455844373101
0.06226346541866226	-0.129209715981771	-0.6965726848859531	-0.7030039863619152
0.06700876678179177	0.04361358335244707	-0.7565120637861347	-0.6490740927410258
0.1062117739868952	0.0013506368188765153	-0.6740863108855865	-0.7309752939213477
0.1631175103991184	-0.16431420850054462	-0.7443196263518019	-0.6264038733225927
0.2336039184108286	-0.12313615398615742	-0.6749856133849533	-0.6889565433377801
0.35421280717453185	-0.05113495437062364	-0.6134457535365432	-0.7039906328517694
0.03719008772197879	0.043571785625544784	0.6872875716595259	0.7241230494294357
0.13530684321412306	0.03747617282501698	-0.7572169413053439	-0.6378950528496029
0.013398040644533205	0.05468041917391481	0.7035056865144474	0.7084562748029607
0.1085015920166302	-0.2448817473703662	-0.765456769449557	-0.5850950935006553
0.14484909514109698	-0.15293093161757984	-0.6405264244051516	-0.7384827482278351
0.004852232931851633	0.038920852129248534	0.6407133421723242	0.7667776967723294
0.13535503250655628	0.07592404844945577	-0.7675461794815058	-0.6219223556084295
0.13726953554441973	-0.0499087315688837	-0.6302118648982411	-0.7625609473780347
0.18706014154377032	-0.12513323941524698	-0.6718770340566882	-0.7056425631622988
0.09677603883519409	-0.21203731079258217	-0.6198716379363248	-0.749288815892348
0.062239903874207435	-0.09369758878794672	-0.6639644321931178	-0.7392551582529031
0.059724540657106896	-0.07965524057245708	-0.6906666694166886	-0.7162873541041332
0.2824826509682765	0.0025910414258248733	-0.6080136799442832	-0.7419677913540959
0.11587522518033985	-0.09526923406247417	-0.6429375928616516	-0.7510845204874217
0.15326138721441468	0.052669190142156666	-0.7747623510389937	-0.6111302668101243
0.07846220836405536	-0.05182863912520911	-0.6916403260342561	-0.716094360701362
0.09030708959623562	-0.19504793571142912	-0.7767070329209482	-0.5920533061764832
0.18351579055340916	0.045775905334756256	-0.6638504974445373	-0.7235530651935496
0.1003843375683544	0.10835032430060568	-0.6433758577367237	-0.7511662250637013
0.04759867282312471	0.07224133467570718	-0.7865542764614011	-0.6114310476987829
0.18792108368401717	-0.13802644134987563	-0.6119634911618479	-0.7557347770748126
0.2255244172619281	0.0316749149188797	-0.6085385614833566	-0.7601422604824156
0.07856274922263876	-0.136416674331401	-0.6502123475522856	-0.7432646153890867
0.08974882827104873	-0.011849978039359083	-0.8021373413374491	-0.5902375890067738
0.044987928301881135	0.09208174237907342	0.6186156172753307	0.7789812302556465
0.10826723411252412	0.05652022665375497	-0.7617213898063119	-0.6362893950932805
0.15028480536188035	0.09963126851560715	-0.7748188903768184	-0.6059239017620517
0.23960397044280177	-0.09941081462521867	-0.6289530803837436	-0.7328884294075023
0.15786317121785406	-0.06399706609263046	-0.6668783186120587	-0.7254356641837588
0.15096094528926066	-0.22861349160586203	-0.7598174687959748	-0.5895965388005828
0.03568818970536041	0.0713395183341737	0.6949001085283606	0.7146683604348768
0.21879025465027493	-0.09190864565845819	-0.6651207551797911	-0.708024015378264
0.17189147371151436	-0.04079487393266106	-0.649024436613228	-0.7399705265785821
0.050120713373676004	0.011583737575356676	-0.640467048278264	-0.7662608506144803
0.06912054492363687	-0.14477360962254335	-0.7164003436958494	-0.6789944769869544
0.009366114707974918	-0.021460755309284086	-0.6738677082533622	-0.7384808891570543
0.15278228138328534	0.07549716563599743	-0.7399423601346405	-0.6507250234581634
0.0548906254133211	0.05321784535845197	-0.7276401565935651	-0.6816851785755874
0.06212261698223615	-0.18633144785602632	-0.6906930250993686	-0.6959630141596883
0.15498925799249189	-0.10970752228088428	-0.7616023114491856	-0.6196002813566048
0.22557442311610887	-0.05153152126751611	-0.7654024292927365	-0.6005162805323997
0.08811634720784968	-0.021061257412816295	-0.7289351611734031	-0.6785613189653842
0.1765617381131752	-0.05296781177003935	-0.7536780643212859	-0.6308642793118561
0.14506549974864055	0.013918421347595874	-0.7942633853141802	-0.5898372259184106
0.1403425268610284	-0.23178101585186434	-0.7520642976193765	-0.6008168007730919
0.11201909598883303	-0.1951874744937906	-0.7286060163602613	-0.6469055919206536
0.07896452481865587	-0.144015293362709	-0.6214730812291102	-0.7660257230703238
0.10910037331936101	-0.20737381471393243	-0.5928522716792444	-0.7704669970072222
0.15574782340306625	0.033757595822759195	-0.601832996054358	-0.782559956226812
0.029036825517009073	-0.12610224725591132	-0.7877734979088307	-0.6022192308398905
0.1735532606776204	-0.13518030977294715	-0.6336226248149402	-0.7417060865871881
0.0999999295307706	0.06253103935602139	-0.6791762892462145	-0.7244373343061765
0.017477542240857513	0.0030785357634770015	0.7682591053375447	0.6398929638624942
0.10407704459932976	0.007197424480460907	-0.7038143549743759	-0.702681663059682
0.128409632963927	-0.0427792713340421	-0.7069771241885756	-0.6941644228713031
0.12835850940356036	-0.16926594332434644	-0.6422417397208673	-0.736477210275056
0.09525027517501122	0.04628365964042237	-0.8001242833560962	-0.5904120079345164
0.11620823955084619	-0.10615007488576479	-0.7212593813423603	-0.6745463004774952
0.1046318768040439	-0.24399151243782768	-0.660907214549577	-0.7019415687727036
0.007375408632197357	-0.04518488814129296	-0.7651014163454266	-0.6422801195252653
0.27079977979170605	-0.06003668065094392	-0.7345313086681428	-0.6192954325904929
0.21939641694151737	-0.1595731989701072	-0.7062052742136891	-0.6539692019326588
0.1417115006118692	-0.23354205042542048	-0.757740853016934	-0.5926253124416742
0.14267749810751623	-0.20372574413970176	-0.6900988680037553	-0.6796340964728299
0.16815652681109347	-0.20657627236278062	-0.7205982820462706	-0.6401466567119535
0.11628778983133095	-0.1611243990024077	-0.615270299202348	-0.7628620693819494
0.08691779074582617	0.05960730746927587	-0.7375225815065156	-0.6670477556487939
0.061029270244049645	-0.0909665495068233	-0.7352888712057948	-0.6688428746164599
0.1750094299554225	-0.14557279814197063	-0.7178524026471516	-0.6579271904105399
0.08689875207664569	0.027191269999796524	-0.6167304504151291	-0.7818905251082608
0.16644275463542996	-0.10977629669747502	-0.6915347741432297	-0.6942806566968651
0.014803282116381287	0.08699356644823383	0.5887867288765688	0.8034570120012827
0.23770463533001526	-0.014669240452259476	-0.6172214725077955	-0.7498793060236341
0.30815431221116407	-0.058946146642014016	-0.6592141698236337	-0.6833761409103042
0.2100850996551747	-0.1219616161249059	-0.6055203037953516	-0.7578487822690366
0.1596299913566338	0.07942010585900271	-0.7928995531308012	-0.5826843152941408
0.0011561556369274165	-0.03267718050946417	-0.6811109563190262	-0.7314497456150195
0.13190676705299342	-0.19064305751968386	-0.6265036140261258	-0.7441431656861314
0.20923080245586034	-0.052667060334031776	-0.7997130951714003	-0.5602745911344071
0.014455235850199113	0.04382268915712736	-0.7613658117954265	-0.6466782188234301
0.0048009362907141095	0.01574106569713374	0.6267966518087376	0.7790090674329838
0.17189074990371137	0.06838662024004169	-0.764867139494467	-0.6170535626598678
0.17482083412463334	0.02182391050309744	-0.6897308592937637	-0.7023053001538624
0.09441056716571275	0.05416374433176248	-0.6837771891396894	-0.7215273308888841
0.19428307352748633	-0.02939649477247658	-0.6144492397880872	-0.7640955864024127
0.11685578889307292	-0.08046975736488826	-0.6447781327496748	-0.7510862149445006
0.0542671931553422	-0.1525438867322662	-0.7056596242699517	-0.6898042686464365
0.035633772014843565	0.10362163337827628	0.6614904549139368	0.7419050946352674
0.13957054801507654	-0.16341138377220257	-0.6999058525012313	-0.6811377095822472
0.14188328388095398	0.02230178681739959	-0.8040493362711382	-0.5769544426571738
0.2382551262961668	-0.06969809709017309	-0.7470571863278375	-0.6166702768996908
0.1734790134694376	-0.16053711047726704	-0.6058276406071273	-0.759674757986391
0.11590712910464462	-0.14695431409040619	-0.7525229070375312	-0.6314105173155738
0.02881830120856289	0.004996966879284266	-0.6566978377882676	-0.7535864155368474
0.20515316823045812	0.00956635729602269	-0.6887921361861357	-0.6952597036368713
0.020128654983330583	0.11934750331231848	0.7205617906339002	0.6827457188295987
0.081012272267857	-0.14809675240001738	-0.5825725294227548	-0.7950557286332448
0.15143827874633636	-0.18350569950017698	-0.710001332397492	-0.6627897207826052
0.20113451635533275	0.012724889294454674	-0.7871100126704538	-0.582958670470616
0.06294298129604554	0.026618210624765097	-0.699333251682556	-0.7115213665518444
0.13506207745219034	-0.09376156033159974	-0.766723305077066	-0.6205661757541919
0.2558602296332587	0.007068200145036557	-0.6250265727325918	-0.7374465179366406
0.06814727484265262	0.080098647312618	-0.6432843425530698	-0.7583702329708581
0.21127802328192327	-0.0919427667080294	-0.7848744032571362	-0.5752219533709665
0.023802255001096173	-0.07103136484852124	-0.7774525567497097	-0.6244641862172388
0.018778657825366692	0.0011990755476836126	0.7292675156841963	0.6839698931940713
0.12295593939050527	-0.21541126369377525	-0.6400948230347864	-0.7271577834050287
0.11681559541345159	0.08804691935294097	-0.7971939687520879	-0.5857334144864476
0.2600734828024611	-0.01357707842300681	-0.6381937228238331	-0.7244903164520213
0.14910486504345982	-0.1584869867227808	-0.6879206034945033	-0.6923979040607092
0.1668899251087622	-0.20423438091443216	-0.6300334620926267	-0.7304066724731292
0.08096573444636233	-0.24715204655268228	-0.7502393514307532	-0.6078662116742013
0.034261588954739595	0.07080879181784973	0.7915338548726409	0.6060415952012287
0.09249252983625776	0.0025049087859495747	-0.7988140375575494	-0.5944198774918862
0.17226563955486898	-0.03403038919253296	-0.7487783767504689	-0.6391380324711474
0.10665607467410215	-0.023097013185115797	-0.7378372206778394	-0.6660985253695132
0.17365369933264527	-0.10838339256272839	-0.7070463515868527	-0.6768920812303845
0.1752124705521499	-0.16847322065463072	-0.5833411712044897	-0.7750035110004615
0.13458684516079447	0.08421431005330707	-0.7975917366636338	-0.5819293365158679
0.22515745366252782	-0.10029589993998582	-0.7271512093094465	-0.6406995960005316
0.10221765476827493	-0.16856477658657182	-0.750043275193032	-0.6313260270935314
0.13805181654185825	0.033611941433118644	-0.6780441645047421	-0.7211574337990672
0.11417768881549341	0.033691141112559206	-0.697654396948075	-0.7064748437179513
0.1463133695002889	-0.08995938374720477	-0.6852232761387942	-0.7077914728356883
0.032738761917617	0.0625581288078985	-0.7784517858259299	-0.6237206675528528
0.20315118454750844	0.02160761279503558	-0.7201864740659875	-0.6630189664396071
0.0449753273145448	0.08382691267412747	0.6844860535396019	0.7227925782368374
0.22180959913957068	-0.15266257801560243	-0.7338688137682678	-0.623643490450697
0.025419421506014225	0.076828787235497	0.7124434664137361	0.6970477011127731
0.13638902620858104	-0.15045445668336319	-0.641994521377653	-0.7393270754646196
0.050479804743904934	-0.0501227483124927	-0.6337848189599633	-0.7702313306212013
0.26735573597412954	-0.006516958135922414	-0.7112054115800485	-0.6501271431325106
0.10847651510754448	-0.016201007689501716	-0.5940034381136303	-0.7969506186264955
0.14548565445906433	-0.21069972728178066	-0.7752554159291104	-0.577424098338979
0.1860944396559715	-0.16815667466525505	-0.5729037510140568	-0.7803034565915219
0.1763668394468105	-0.18873690267187906	-0.7646673881463084	-0.5903870806673124
0.0642342268549049	0.10315778247887869	-0.771998262944581	-0.6238999262902205
0.14669956309842608	-0.09877290246073196	-0.7272022765998011	-0.6632495765805508
0.15181934616843737	0.04004664895612231	-0.6165756824952686	-0.7714801227457949
0.03410611140479449	0.05683970314529351	-0.7634895789458274	-0.6424092808734335
0.057880657458281075	-0.14447107496376582	-0.6207154385989949	-0.76843365509058
0.05955841356623535	0.07817607852018467	-0.6637627306171825	-0.7414582480249989
0.1775926128121182	-0.15487682810205322	-0.5997114308082009	-0.7647353998276741
0.018733333036343336	-0.024693749994326712	-0.7092998969885657	-0.7042250613806479
0.30595961874827604	-0.056616313103375455	-0.6887711809966776	-0.6548110910899664
0.08079710682495793	-0.10641201705492437	-0.6158380867248084	-0.7764610493090726
0.17640560582642778	0.05530431929986784	-0.6849221270929188	-0.7047724273255167
0.17820804374627858	-0.14380650184497495	-0.6329793092466965	-0.7395260490589973
0.07723531392012827	-0.0407151696382805	-0.6221441032449538	-0.7780190846261533
0.061192474811569454	0.008166371476683728	-0.6461071776404806	-0.7607458881944696
0.04435516441726602	0.09566991756203588	0.6306134048150093	0.7688996162899365
0.21724168050545312	0.025556793559335593	-0.6473854683858855	-0.730099279466101
0.21950796135154432	-0.14135568215601937	-0.7433971526289561	-0.6157885184774526
0.17971367275282357	-0.06999400595379784	-0.7639184780414848	-0.6158184747659103
0.009951860198911144	-0.015267323932586101	-0.8014119251968319	-0.5978350905147891
0.012106982957228753	-0.13467156553179438	-0.6277703208200441	-0.7665646839624088
0.2541912119323571	-0.0777051176915405	-0.6774174338593539	-0.6858967580943296
0.21134718862446752	-0.018310589182739	-0.718743693515511	-0.6621212813495696
0.07169028757795012	-0.1542398594816803	-0.6651676883806429	-0.7270643126632019
0.27629484714532293	-0.08783544932129585	-0.6722822135934144	-0.6811627680440316
0.2677942382913393	-0.08096427324306711	-0.6840269950433983	-0.6736750718618599
0.18374933443492053	0.0009909956010372672	-0.7927776755587659	-0.5811529550454705
0.0068302533340103815	0.05931143465408845	0.7723629413955467	0.6323693447009321
0.23190825873408696	-0.13492573234002592	-0.7494848862591061	-0.6052156735847198
0.10445018642863425	-0.04713018820628962	-0.6367592313115912	-0.7625002198387453
0.14793538150997668	-0.07271311264002416	-0.6595418611008833	-0.7333706154484784
0.15879247057563028	0.10943246760304315	-0.7440735521859546	-0.6396593118685696
0.03433152333275805	0.03367440981073232	-0.6577599279261853	-0.7516909323944853
0.15574398579059268	-0.14454888193751061	-0.7679052894948911	-0.6042937183079455
0.22439083299988236	-0.05868172621067934	-0.6270895124763961	-0.7436154600441478
0.060659069577561335	0.04627386294384194	0.6619201414587018	0.7456815226472568
0.034275258626679767	-0.12063644928135185	-0.7442336348379482	-0.6560399001026977
0.18846517553285752	-0.07599827140021706	-0.6244352272046468	-0.7541788828795388
0.13613565887940524	0.0233871952325668	-0.723081246484082	-0.676811371405394
0.2412710268665505	0.010287320344831336	-0.7338390429354676	-0.6349509600736422
0.1781047560380785	-0.11233329898404736	-0.7876947904464807	-0.5789618665503385
0.21447842467997003	0.003112139560698778	-0.6146463191051522	-0.759077876337231
0.07285913547001195	-0.16901942064687242	-0.6691566473535685	-0.7199676125530163
0.12374509531570294	-0.16237489861243048	-0.600735570912724	-0.7729413415816714
0.01013196578843442	-0.0050960957344356175	0.6842102566089362	0.7291966112295512
0.16245913242873258	-0.1273280665174323	-0.7109890361114135	-0.6722270332981254
0.09838621140706029	0.07981566432766089	-0.7715837081032463	-0.6233844676622478
0.18980616674940093	0.0661179066807547	-0.7370785521518126	-0.6452265101790543
0.09890146781967642	-0.18095304375989124	-0.7198019364565375	-0.6628421138480589
0.08640411088719352	-0.04808817417672425	-0.7636388018748361	-0.6380263610520394
0.14954493730250087	-0.01991734911547315	-0.7570061299470187	-0.6357525699154043
0.03016101573406229	0.02578223525239074	0.7467703928871005	0.6638972584538406
0.02418571050072226	-0.11406683858422213	-0.7734481879375247	-0.6230423005857111
0.07059692877409404	-0.12222915673372439	-0.7667873819763686	-0.6261894423684056
0.20738596909452506	-0.07653016438638258	-0.7252276493159948	-0.6520575514702014
0.22650051870395999	-0.01873035274426228	-0.785728878625636	-0.5753058475338255
0.13896793774627159	0.08070189552443069	-0.7776336358101188	-0.607833073132787
0.2211142902132839	-0.08208852637410959	-0.7433301969431889	-0.6259633877581042
0.13091713709744596	-0.03587307843418877	-0.662534167737951	-0.736629012487048
0.22238448789144183	-0.10179882470632949	-0.7930723471339779	-0.5578695107684902
0.043887993407687766	-0.10680069409321359	-0.6906101826958827	-0.7139503003239189
0.13880686321911895	-0.0266633239653645	-0.6693717023338416	-0.72935810545512
0.18420593839632868	-0.19384504744475609	-0.6822750395174924	-0.6804359193135475
0.19319356231722046	-0.18959763882273578	-0.7438824114175189	-0.6110384118986979
0.27440885036975454	-0.10258182645138357	-0.6252264581065109	-0.7233730903235447
0.06541110729087517	0.026630231635282088	-0.683460945027594	-0.7265626982085036
0.04678243568234139	-0.02987221012433047	-0.6569564571914962	-0.7518824829242355
0.051714626005033994	-0.08644815371725205	-0.5882530032408079	-0.8023781641808355
0.12713384310180992	-0.2446035910291222	-0.6769703065806792	-0.6824348124193866
0.12886231687843694	-0.11735986422294063	-0.6618619727030361	-0.7290815418373584
0.0517774374455293	-0.04210515063522466	-0.8008007901928047	-0.5952010985273287
0.19865426601130254	-0.04994113229163869	-0.6584842543131568	-0.7241828862397852
0.28782686114862316	-0.06417541443461418	-0.7279148049322529	-0.6190131266329633
0.19346558504924383	-0.12415219266316006	-0.7249548834154833	-0.6493055655625681
0.15391562957435542	0.002639793429402332	-0.6833848294780239	-0.7136442988651083
0.026879240064480427	0.05720517876320387	-0.7915058472971368	-0.6078845019168259
0.27384766179823916	-0.004685115203177172	-0.6373062418030614	-0.7202959544395817
0.08169867981144113	0.014822696489348596	-0.7944132156150624	-0.6016753744686486
0.11976632951025104	0.10452872610938964	-0.7270394639643515	-0.6679396601280827
0.013057191780056468	0.08746381019828897	0.7957836730102785	0.5990892566376789
0.13799187819704467	-0.15583979406124493	-0.7087153204937395	-0.6740881208240187
0.2155505099670289	-0.028319650545682577	-0.7596277891150376	-0.6129450195981072
0.13916693231284516	-0.18468294374171804	-0.6869658482695341	-0.6889141445440389
0.07852442504130784	-0.18555134732801792	-0.775565381077073	-0.5982499075231553
0.008754474746778087	-0.015002685255502262	0.7934449311884998	0.6083941319394109
0.07347543453778053	-0.1542830871476151	-0.7681127789441136	-0.6170906322108909
0.028977335873086103	0.028856238278840228	0.7855379996670543	0.6174606729154304
0.20207784304315746	-0.16859213402955325	-0.6732676478837136	-0.6909789519280004
0.0954145263518493	0.04526374039279419	-0.7718054208248555	-0.6270276344405195
0.30447025189649074	-0.030716958902568144	-0.6655479543739239	-0.6807350839897637
0.10401514277044593	-0.17647222938246557	-0.7803431920345746	-0.5908493081797737
0.035219194083362146	0.017327598656654293	-0.6950732750677925	-0.7178666345355836
0.23234596832392437	0.04366231703496351	-0.5966401742400833	-0.7668959874438771
0.013337360086489369	0.09576052924592682	0.7288363579725663	0.6778271159829389
0.21848772504039887	-0.16173844877981175	-0.7310261976989685	-0.6258629933705618
0.12837098118828627	-0.2254080723563726	-0.7425295151833006	-0.617545149108139
0.1752196865855366	-0.18142591168018068	-0.6625832940278964	-0.705241858144441
0.08491395251810709	-0.1795617293859291	-0.7011806529860173	-0.6847575467899492
0.10844791936188028	0.00655139594335674	-0.5996722557644796	-0.7928362464365597
0.2122813658847512	0.06311882546465812	-0.6544483493759401	-0.7229453600163527
0.08459258089140471	0.0031367073046949783	-0.6194693233479023	-0.7804434724926002
0.044473939326847414	0.028397170692478203	-0.597095214996015	-0.8004329913529781
0.017797912285139016	0.020926745278874045	0.7711371286030073	0.6360761232275839
0.16730323560182472	-0.021732383564782583	-0.6007706252855336	-0.7814166536846924
0.03017670107883411	0.0023717130151193274	0.667280140262812	0.7441914781158238
0.23171233708168198	-0.04411088629305	-0.6030379688273392	-0.7620425386467501
0.15798169916948038	-0.08527373145658305	-0.6659706807993392	-0.7240533307475763
0.012855528093972958	0.11268467753339821	0.7879567780339916	0.6051950221184161
0.07815963889738815	-0.2323030852629926	-0.7094575482758194	-0.6607543678396595
0.031882121633941635	-0.01691664392713426	-0.714661086675383	-0.6985391103369388
0.11966737502271717	-0.27227789014200404	-0.7499544361973697	-0.5908576931232059
0.17602676031407316	-0.12315674809633802	-0.7205549090649229	-0.6592781037423493
0.0709100752013664	-0.03789246277285394	-0.5972382383874677	-0.7980240654941294
0.13183243347308363	0.05978090346406149	-0.7139626288218975	-0.6850575287604036
0.2285709301871298	-0.15955400898974387	-0.6896046649087418	-0.6683885503393912
0.27482192225620633	-0.09632938249580447	-0.6614710044132569	-0.6911220380192616
0.21787000158014394	0.04397638574276711	-0.6250904418207814	-0.7482383841081475
0.04479361526304955	-0.09941971387898069	-0.678171363101899	-0.726768776704393
0.19992531487378587	-0.05123826768357418	-0.6344044848352011	-0.7449399022863435
0.00735674345516088	-0.005828419178412552	-0.7126464962681361	-0.701460532897158
0.2285758385212491	-0.13346291044373215	-0.6307180389834017	-0.729476177048386
0.026932234484597646	0.08372349491981558	0.5991975905500815	0.7957557908196804
0.025781028825281393	-0.07718299829139486	-0.75911186934966	-0.6458539255434819
0.15584589096571233	0.0953352195018234	-0.7016057976137515	-0.6887470936028797
0.004831320546095195	-0.008789517043808292	0.736953589750037	0.6758689290731239
0.13162790755694576	0.09442190376401534	-0.7166693193231559	-0.6783389158692308
0.03940853514950771	-0.08870903693316338	-0.7553586072812868	-0.6480825939105567
0.13343194252366186	-0.038263632145845265	-0.7206707966197515	-0.6792388490574008
0.1967098077003222	-0.08115675981525441	-0.7678586113774876	-0.6042449708721023
0.1501479507356873	-0.1996878731148388	-0.6587048509253073	-0.7097099869582042
0.07260385047690139	-0.016367564101976793	-0.7022297620396745	-0.7080495357296673
0.20082554703466296	0.06883351872822122	-0.6187589979540181	-0.7563520005980412
0.030779576610225956	-0.059369938942557245	-0.6507079773423784	-0.7563775222973267
0.1263922299477478	-0.14586771555358746	-0.699826994316579	-0.6877425330702155
0.18244281372774399	-0.07045478950401872	-0.627494398522684	-0.753658757116046
0.08318290360723207	-0.12091046667830342	-0.6114869799085109	-0.7775248787000152
0.0347750821918363	-0.01921729278142464	-0.771280920253772	-0.6352535961088285
0.04976646758173547	-0.030961888199882586	-0.6885315430706409	-0.722833988119192
0.011333702490633181	0.08976212446613233	0.6647101957392324	0.7416027669038808
0.007254000090299891	0.1332227260154956	0.6761487815195991	0.7245839564917592
0.08548346651139181	0.06895177414069298	-0.7343607176215149	-0.6698153224661708
0.026430465102589753	-0.043918787245929396	-0.7569825933352431	-0.6514214642063597
0.22555959386490015	0.03939748028049764	-0.6413000152645187	-0.7323284772455438
0.02758776588952292	-0.08228327103503087	-0.7292105808601078	-0.6787638081414364
0.019928042960381618	-0.040831349700932086	-0.766003063987439	-0.6412292725283405
0.034416555076994364	-0.15007888645991602	-0.7589070515890391	-0.6327336845972523
0.23802375601848164	-0.07938281953040693	-0.605252294582762	-0.7554553060483186
0.12079592854694023	-0.18713219439892848	-0.5660332571268817	-0.7937230230327564
0.03689567555041661	0.10532775982683273	0.7074774646814419	0.6978684755048465
0.024731434123762865	-0.1019380537755903	-0.7359339160245191	-0.6688783600950496
0.11112076879816173	0.03236457288814114	-0.7809094117566888	-0.6138283145907297
0.11244088056391567	-0.011279564174536917	-0.7001462345101038	-0.7050000497243716
0.10928759839159297	-0.08140002531849393	-0.6465969701588444	-0.750561533051987
0.08187757497139862	-0.20496275465185596	-0.6927579902843062	-0.6865658736199863
0.14974784321523574	0.10468369928496768	-0.7314876932207011	-0.6569190674832458
0.20002730363063548	-0.0885825831309514	-0.6162039735047359	-0.7565942550701006
0.23177976756233665	-0.12239092649264724	-0.759988920734216	-0.5947398093471314
0.14152285969252448	-0.09851656508535213	-0.6795700674946199	-0.7130570032988887
0.03368732287989903	0.05475097766735868	-0.7522413169824524	-0.6557442304329938
0.17581626851047893	-0.06999467659463035	-0.7324476348676858	-0.6539952959710011
0.3234436872468449	-0.052932380100217113	-0.5937885982551692	-0.7348451843070435
0.0027524650050197493	-0.0006891655233949066	0.6723560175833241	0.7402224899358101
0.10761284945032724	0.05504583591889668	-0.6703972108709529	-0.7320908483498604
0.18437064081483853	0.01103418193051318	-0.6972476579695059	-0.692626462886518
0.024956964533899662	0.04117162272601339	0.6420003278356494	0.7651912352231167
0.010459256829999257	-0.08794091300262202	-0.6061834355043839	-0.7903787967088515
0.08683545530433974	0.07084013499521173	-0.6660793583949467	-0.7374141084194988
0.06009481801446519	0.08440156494918626	0.6809266421210206	0.724985445875797
0.20429755508849518	0.07005635320446424	-0.6328517317027633	-0.7435410560563339
0.16334150793149033	-0.1613860120513809	-0.6055242401881799	-0.7619806437471661
0.10841575140450199	0.10471827620657098	-0.797421473857789	-0.5842936765926814
0.22670165425708624	-0.06352672155016142	-0.7154785702465812	-0.6577698162154423
0.05560824677530356	-0.2021858290149813	-0.7745411629405013	-0.5967533831884638
0.009514984372130055	0.02876856364030565	0.6489673824550082	0.7602125829845011
0.2104272243315915	-0.1134383722962773	-0.778858181469076	-0.579855199260606
0.0005637670451295571	-0.04809125438940978	-0.7821043489505984	-0.6212887418668814
0.10227714310406182	-0.21881311322928212	-0.6519752401888712	-0.7187409085741845
0.15305580226164592	0.05293067298144801	-0.685900019889536	-0.7094458597858677
0.03943383505720039	0.0285770196547018	0.7242479018093663	0.6878177835190559
0.012215201964894474	0.13172110513080873	0.7062547817331092	0.6954886933539565
0.029909058025147133	0.009478345932577917	0.6026301215209825	0.7974036279338317
0.2587461275203957	-0.02319915191153919	-0.7696967366436032	-0.5831630770581864
0.08572861499211476	0.08441962451473102	-0.5880718491998523	-0.7998096221895507
0.2460858102239099	0.013600675019391821	-0.6684242917855878	-0.7017590482468994
0.14561253134716015	0.013957669712752972	-0.7911519769735749	-0.5938692814935508
0.22397994891114387	0.020044172383821193	-0.6764562659573747	-0.701311723762133
0.1060360664622615	-0.09372119442104174	-0.7628137425319987	-0.6309420611512832
0.026227865756162	0.10206690847998527	0.7203469777002126	0.6855615778100349
0.016009719012270687	0.007807674519604567	-0.7221655199928545	-0.6914909188479585
0.1083058872193373	-0.21547942657589425	-0.5985173316966421	-0.7639472855995285
0.17353818118537723	-0.04569046793310733	-0.797520768688014	-0.575983944500369
0.03180875818023938	-0.0893331207241713	-0.749219026440488	-0.6554987771645948
0.2077130267106741	-0.11164038568306352	-0.6015932376952137	-0.7632020041762323
0.03836534700254724	-0.15294080881306943	-0.6634468912965894	-0.7314201470959559
0.12115173779336655	0.09304412006028559	-0.604580806206105	-0.7817589762318246
0.10236735946137335	-0.21698372571104427	-0.7594086182501347	-0.6047623806263758
0.2311122362105691	-0.13142765824624703	-0.7279871336061643	-0.631940375530428
0.027175313670538093	-0.0006298760393589625	0.6645434410668173	0.7467550605909252
0.1774286619305269	0.08764503871855207	-0.6774616856939547	-0.7084370695624782
0.0789577935136417	0.007442706537674964	-0.6700790445699759	-0.7380408843628105
0.19300328548048457	0.009750506887906792	-0.7491744550912414	-0.6335552819193516
0.23196842885909139	-0.15039086043234776	-0.7070650791953412	-0.6508703487589126
0.04464445065430515	-0.10166372199874317	-0.7953875331250821	-0.595843966827167
0.00010944938151984205	0.0775766028128454	0.7962279775867437	0.6000023886827242
0.07005775472925377	0.014395479823196335	-0.6896131774277342	-0.7206374585608079
0.17150769221996132	0.06258543101693477	-0.6413227147389111	-0.7452337558737666
0.2037414914551555	0.02394759136850099	-0.6453526334285286	-0.7358232777332743
0.2971549855688416	-0.08901902106338093	-0.6179063284653077	-0.7224723508086813
0.15190058988886465	-0.00011146892513264497	-0.8034498355590064	-0.5756687937575732
0.14056375554771489	-0.10337290119552256	-0.6404586756267285	-0.7479094589181233
0.07522536831820123	-0.06286529535587133	-0.7093166155306347	-0.6980394240538106
0.1255590784010267	0.04190894755642321	-0.7981020273975941	-0.5878024428408304
0.3023936054883097	-0.06218966435449184	-0.6172770500419654	-0.7236432798684341
0.1581314142599783	0.10037634569735175	-0.747037683979771	-0.6378508789385845
0.07011071438893808	-0.0014407425490480625	-0.6285939045402982	-0.7745657590957418
0.18062232514995422	-0.18948796709178645	-0.6000527591774095	-0.7559143947487863
0.04877688619238276	-0.09352648566407008	-0.6188554834361724	-0.7783903278392437
0.1739711566842771	-0.0006607816849384634	-0.6721254399609365	-0.7197089640728516
0.017191636894859717	0.02331686413191214	-0.6411635370622186	-0.7668572815131863
0.14497111437136945	0.07942672498088607	-0.7111188781671406	-0.6833627971078331
0.20642900905776299	0.023187861069998726	-0.6951957813282515	-0.6881513009083323
0.1313549147499636	-0.020371369631774456	-0.6974352454950952	-0.7042123060636982
0.005526678978765047	-0.1432790381994466	-0.7558105051950101	-0.6388983121506666
0.21313922643789912	-0.010660352318858467	-0.6986685972661684	-0.6828764296972157
0.027515595681614366	0.07139663740035915	0.6700893510858069	0.7383262650912602
0.05476820357820007	-0.14638178844559907	-0.7408410613681428	-0.6532437046609852
0.11121018944507975	-0.08742754618527379	-0.682840896104645	-0.7167405587369929
0.1206958319567708	-0.13320098399999475	-0.641229217909762	-0.7459993995363072
0.1853563625703072	-0.07986367917428705	-0.6812282738885694	-0.7036994034801021
0.06373697610389217	-0.17966368097818586	-0.6825113407904417	-0.7055755305471797
0.25965092159829734	-0.07255784735797151	-0.6558454384037046	-0.7051124155941269
0.30794837993093266	-0.09431326999236678	-0.5879181046905115	-0.7420411744494895
0.1376865875537235	-0.006937594774252116	-0.6722647210738419	-0.7273612707493221
0.006187192099759372	-0.01628478458829255	0.7936950574516433	0.6080663452466896
0.1005887609699072	-0.06219463001305953	-0.7437020752644911	-0.6579672882532739
0.008031825883712646	0.13848328775863147	0.7303162766104765	0.668876673911076
0.030751465526749094	-0.07842412400272858	-0.7537064671734329	-0.6517902772236669
0.03152305249357994	-0.12593513243411733	-0.6432646958048143	-0.7545575993331642
0.15815447435035848	-0.013908058088698747	-0.7710673042047272	-0.6166432846870368
0.07313816244048627	0.011634776138094367	-0.7625311726282753	-0.6426987256477119
0.13383436915878813	-0.08499242572193096	-0.744376388877566	-0.648666663921745
0.2505456704116662	-0.12710836246212381	-0.5851587707332104	-0.7606967492136169
0.14772666145933475	-0.16780328208160725	-0.7123452861943811	-0.6652691825519689
0.14213241324827094	0.12381925409383777	-0.6685565611661352	-0.7193742377522148
0.10730603540329711	-0.21092904693991152	-0.6694029332538136	-0.7041974615647497
0.1363595831367697	-0.07406124371509093	-0.642427037622052	-0.7504721830942802
0.09695088750500457	-0.0668615376239274	-0.7146745568413431	-0.6894710566819944
0.09273183092459873	0.04787730640919903	-0.7576443246490855	-0.6442698568080014
0.17600659825216464	-0.11991974486263683	-0.7604649331451812	-0.6134606895476484
0.22116979730566674	0.016891044937438274	-0.6388372185867565	-0.7366719904469209
0.17521998281627704	-0.04206916485274716	-0.7948785182193413	-0.579393030907242
0.2231286086028655	0.0017043613757444802	-0.7267262146669919	-0.6496766334808688
0.1757191315220947	0.04227476662601877	-0.7208248512053222	-0.6691391221626947
0.10951996025595849	-0.22110533079177094	-0.6229071024989142	-0.7423641644485554
0.11001700351791159	-0.15657418277323334	-0.6003130310729519	-0.7765339972917085
0.015767841637788372	-0.09884660537496527	-0.7817472342368269	-0.6155095332641106
0.057177925431240596	-0.17438387525726698	-0.7770612016157452	-0.60207710290056
0.02049031411578698	0.004611188901298633	0.7886593390475257	0.6144715867291773
0.02236819471399822	-0.10520681453351918	-0.7363149089794632	-0.6680355865187956
0.05032675742821173	0.022616603806027716	0.610314115836288	0.7902356526568598
0.2606750661181974	-0.00733858897382452	-0.7039927439454468	-0.6605973595832088
0.038298373015139185	-0.10321577145801826	-0.7500919538839538	-0.652105666180928
0.004346563645674289	-0.03677722612302325	-0.6307045050110842	-0.7751389361797622
0.03523114437142849	-0.09502357089319384	-0.7891330589749788	-0.605803848348439
0.15938981006191963	-0.2138401880825336	-0.7316507176209888	-0.6273392143122762
0.04286695014403409	-0.058178083664571924	-0.6199956641839389	-0.7812701911372169
0.1656188044957318	-0.010493823341614365	-0.694302860946381	-0.7002883895587231
0.041928302741288136	0.09184328996271714	0.6271400484357738	0.7723355405301731
0.0020800602098711885	0.11680379307708026	0.6886921919614493	0.7155806118136965
0.06500229497825864	-0.11899263468829073	-0.772146402118934	-0.6208102674990836
0.23314136470106434	-0.08000295287558358	-0.6459873921935003	-0.7224575563474669
0.015511495857662233	0.013416330414579675	-0.7117197336119465	-0.7021640950389051
0.0685499023357422	-0.19763176835547475	-0.6468577386375004	-0.7333605259292508
0.1631041275244387	-0.16801629193912104	-0.7563916601813806	-0.6107693718872735
0.25591010256832536	-0.046538464403959486	-0.650467840592771	-0.7136075805994273
0.11474680329460658	-0.16215642514889853	-0.7535559491484802	-0.6266513356081924
0.051517366064751095	0.025123000224905972	0.6511928609902398	0.7567447744443274
0.1305690783537677	0.1388055086917553	-0.7674521065219752	-0.6121290801208955
0.11935176713373227	0.15019043917393943	-0.7613405794957566	-0.6193210069712315
0.01513034694758955	-0.0013372363478755243	-0.6263832120689028	-0.7793672792967635
0.06296859730558309	-0.1517520338786312	-0.589242834301992	-0.7910746855960069
0.1855012589057659	-0.006411181444904857	-0.651386817303245	-0.7356924588035448
0.15178956959264733	0.10160975140332264	-0.6708409607434062	-0.718754332419289
0.2245151505112592	0.023385478609593502	-0.6470601748985644	-0.7282576444098243
0.013276485476885466	0.0020493944244226138	-0.6358017103002322	-0.7717355247072502
0.048317861989279794	0.034688589591473785	-0.6959666205938099	-0.715606420446443
0.18634365765646096	0.02396714369281025	-0.6382612061633771	-0.7465415259590661
0.054904996785791034	0.0029052569924501817	-0.7423367902949055	-0.6677672428207434
0.1405412868784822	-0.16517455852306143	-0.6625467596603309	-0.7169360523525427
0.07102371371341486	-0.17211717875863922	-0.6437444355171954	-0.7422428245575493
0.20288815841278277	-0.06191593910449441	-0.7491302978618006	-0.627540125000918
0.0036979469347411015	-0.046812335850370625	-0.7107802635722703	-0.701844959600647
0.07020639717593753	-0.16117830359989563	-0.688778364868967	-0.7033327664289972
0.2253280588222904	-0.16556374989417275	-0.6506416194498138	-0.7060321477582178
0.002849508270974218	-0.006708321326666927	-0.6594828090026068	-0.7516843109694542
0.00474428865680161	0.03412689672612084	0.7988783218474328	0.6005050154055462
0.1127398051000112	-0.06285536393456885	-0.6185741374198426	-0.7750515957573161
0.2988378609602187	-0.06639938910364504	-0.6198978626009283	-0.7225051514876447
0.2424396645193986	0.019173551455687235	-0.6523852171794368	-0.7178084092555872
0.177353565328644	-0.0959297914853328	-0.5994448734197063	-0.7746024991578785
0.15205533954182873	0.12014447451595732	-0.708195529590514	-0.6788987927726157
0.19794205867528308	0.05149809862353862	-0.7628065204676296	-0.6134273384661126
0.11316979355193835	-0.04543287908823436	-0.7015873157167477	-0.702071000505315
0.10109327560965436	-0.10630427817275999	-0.6927262298489265	-0.7061231624497041
0.06373973954596122	0.05505296770499092	0.7266610600217692	0.6818138457068211
0.030715050259095145	-0.19911777620164609	-0.7793702977771895	-0.5932879872631734
0.07445898681528197	0.030597592825032105	-0.7406656253449131	-0.6670337907693913
0.10448253339249622	-0.10814633454993373	-0.7611594383640126	-0.6308914961613293
0.05523390396157466	-0.014663210237029434	-0.6844839412548314	-0.7267846588109582
0.1753304757709088	0.057231164808606516	-0.787558112023957	-0.5879932297449159
0.02834126552228959	-0.023836397084126777	-0.7224148940569689	-0.6904674646116943
0.00016447169512087844	0.10288570364368284	0.6449047878205935	0.757305961669972
0.11379586992808903	-0.12347087404195328	-0.7923527585766121	-0.5865002550951351
0.1269461934728597	-0.08078914742940972	-0.7400182465710307	-0.6555385361382791
0.08698240658525752	-0.05919713751774819	-0.6224677967696274	-0.7755408447265094
0.08548866474449386	-0.2021620307569483	-0.6739903897048257	-0.7053787323884719
0.15412288198752463	-0.1919321971159184	-0.5620384046897333	-0.7896334596582996
0.11395246880911553	-0.2120881774174955	-0.7592231907595437	-0.604659893216782
0.15337150851651268	-0.16823396141216668	-0.7650193743564522	-0.6024283123013071
0.16137271017756954	-0.11347758929347465	-0.6954165550661533	-0.6909974674903022
0.16536597494163716	-0.16770469114371442	-0.6103725437930063	-0.7562900162527916
0.10204372521362838	-0.22265430193568517	-0.7428302384166813	-0.6230693194724604
0.06732840157192614	0.03833727399441854	0.5951479147477478	0.7998725519330276
0.25065702542100043	-0.09044882710227478	-0.6708531410843734	-0.6920593387709961
0.06466047306496799	0.0376600284823354	0.6775893234585347	0.7316238474877166
0.05894371433842739	-0.13887676480655287	-0.6046307988201538	-0.7820872584660601
0.22367292256963175	-0.1610337483068978	-0.7060916109291033	-0.6522830617078248
0.056063846980315586	0.035537130618844406	0.7053393486259297	0.7057551705011421
0.15239897788577111	0.106118072255381	-0.715871094254049	-0.6730840086435602
0.05761420667900256	-0.19825406242571358	-0.6964916143746713	-0.6872229340077458
0.12240709208322022	-0.10971602881349608	-0.788600324092719	-0.5925271518419933
0.05815413316950509	-0.06315148547720889	-0.7549864518156555	-0.6500964884170136
0.21159767693860582	-0.06103711206297991	-0.6356502498751774	-0.7398984078228722
0.1454628427517222	-0.19378238886191143	-0.7512914605502762	-0.6138811680201565
0.033299772209468885	-0.10092434604273177	-0.6983951348784389	-0.7077779575013421
0.11844157601367915	0.11816833375793784	-0.7168759102756468	-0.6768284621931402
0.1115151264273874	-0.16262212571177945	-0.6279002742239763	-0.7529008343974135
0.15985431797157754	0.08993652820213942	-0.7645143153307359	-0.6179610663910499
0.001201410036526264	0.125625784170882	0.7829552893703989	0.6092599886848717
0.032395093148548604	-0.06600358479917447	-0.6481003031104768	-0.7579974154584322
0.1356300787898499	0.07347010239186962	-0.6405812606827471	-0.7522381765399105
0.20768320001294013	-0.09755176335905692	-0.6605182265243348	-0.7148895119716551
0.07390718339872535	-0.10106514801609433	-0.6455014862783846	-0.7534264365622888
0.20967365713313618	-0.1747003186384105	-0.6970402061749864	-0.6630623704807762
0.0910737793176828	0.07833436936285859	-0.6902398711350044	-0.7135392165766713
0.13826617022018814	0.05084902314777045	-0.6209659494045364	-0.7698689061766828
0.0820742079838202	0.060959913211208284	-0.7612489956509807	-0.6403496544744004
0.06437780539859306	-0.017498806175884802	-0.6260288555431194	-0.7769408999285929
0.0912884078250832	-0.01728272997216191	-0.6316270234374131	-0.7696850246075108
0.07841062845750771	-0.23226119055234182	-0.6942852344983323	-0.6766642637717047
0.1245201288827427	-0.1342520957800242	-0.601848964488626	-0.7773345072912078
0.027849957786480486	-0.115232556352464	-0.7910853150350717	-0.6001082086954224
0.008907637065342313	0.10856476095840825	0.6923998526117522	0.7132438508554979
0.0012581651850125106	-0.11955764364506921	-0.6881250353536899	-0.7156733351088951
0.09998204487055744	-0.15043646859613527	-0.6944857173533727	-0.696463960310939
0.1131067290145967	-0.07120443936065127	-0.7914814504535147	-0.5964007958201888
0.24700442557339936	-0.041437466140768854	-0.6504384218519481	-0.7170785239607549
0.24658209548476873	-0.05864558582205693	-0.7791952384594082	-0.5732475432237928
0.23387205697760793	-0.13262431760438625	-0.6636100669933387	-0.698094786064278
0.17029002345489705	0.047791428281171354	-0.6204661580461703	-0.7640281631026443
0.11963281958037732	-0.07336639567348673	-0.727411662952244	-0.6716975755994518
0.226561863398731	-0.0583830114954582	-0.769269727659422	-0.5945462405303852
0.03751075321615488	-0.12768972318922925	-0.7761804936583299	-0.6163052159841956
0.024479685085107672	-0.10656503162230732	-0.6516415362232788	-0.7506050541543375
0.05738428371322097	-0.15877026509147824	-0.6497538861244159	-0.7411605321195415
0.08224803622360465	-0.1402184299075724	-0.6158584578873572	-0.7709036336016469
0.14719401876480703	-0.19571475996069487	-0.6362880223030895	-0.7315512328244799
0.12498224131678577	0.10131545756277789	-0.6598687010721038	-0.7339536189431128
0.07960716141824957	-0.10037883792574076	-0.7385032847446061	-0.6619665302483456
0.20579975513849244	-0.1130855062721651	-0.6066770582891408	-0.7594742102281942
0.05515889817433836	-0.15835504155173033	-0.766795800982373	-0.6196009815705136
0.21279841531337168	-0.0902791310578672	-0.6340486857968878	-0.7379354829351911
0.015031197376537839	-0.03455612694434611	-0.750575114634293	-0.6597097350257547
0.010818500179461813	-0.07791584384998147	-0.7449314744951321	-0.6624871165822931
0.09395053402245153	-0.04467292082459786	-0.7041767711620717	-0.7023622300904674
0.025046596376555933	-0.08839290661584838	-0.7519955548250596	-0.652734285596599
0.17357192329923746	0.023821658199478717	-0.8040008361451008	-0.5682323217846812
0.006511057013490542	0.04759424601803447	0.7159846446488822	0.6964613287969086
0.20274165521463847	-0.1830126962642775	-0.6720862710425096	-0.6882602839936954
0.02411440037158655	0.006213910039345166	-0.7955646767352157	-0.6053566949724215
0.18097623174713853	0.0476639382586545	-0.6849406476402815	-0.7041534362213911
0.20150609095852412	-0.18614992710980546	-0.6579930776822384	-0.7012764145940494
0.02540019646575191	-0.11674623848259398	-0.713041187034526	-0.6908671445452161
0.04585383114053466	-0.17652945643759554	-0.6651591462626232	-0.7240843095405124
0.18551719219816606	-0.06808983385055496	-0.719841526233594	-0.6654136480677284
0.16811652854771128	-0.20195057989880974	-0.7444078457165261	-0.6138483162339714
0.0973094598751327	-0.2484608246023762	-0.7300864138216578	-0.6291040581730086
0.12665647925100634	0.06042663596595034	-0.7669589180378642	-0.62616353772139
0.23760809943393724	0.0019750074402971086	-0.6756638502614689	-0.6978659268647883
0.0027637688260595357	0.037603264056529	0.7393969058536298	0.6722131891953992
0.2537716641691995	-0.022860767225767343	-0.7216829302682827	-0.6436233960524038
0.3128436948355317	-0.01937939746567313	-0.596724202910464	-0.7386971552783939
0.08576668034036788	0.008001336257322359	-0.6437513896458873	-0.7603710959067812
0.2190093322017243	0.014524501797230766	-0.7074664399919675	-0.6717999609565254
0.25437296516601193	-0.08790003574252263	-0.7568143920172798	-0.5956508661494828
0.23616706321089997	-0.022115522075287743	-0.7572709567208775	-0.6085036729919738
0.13924701831162534	-0.09817623526710934	-0.7441788884528825	-0.6458865819175463
0.04921451778299597	0.05624386369159078	0.6769680423471504	0.7322081867045026
0.234094314231514	0.011720747398803548	-0.6003128857349437	-0.7646482298060169
0.2440547235855958	-0.07859406045856507	-0.6568236784788676	-0.7091141804714407
0.02057136107596316	0.0007222157625114137	-0.7201612704592191	-0.6935012920236256
0.2818513614790783	-0.03335984682024288	-0.6872164202590999	-0.6687155765935082
0.08392306019554328	0.06115197000686467	0.6485395645669224	0.7540648445081107
0.11365956700583145	-0.14718523987390603	-0.6390737325768628	-0.7463261835964112
0.16476249525665784	-0.2266363798557714	-0.7058832383376903	-0.6505521695579578
0.2759209715865535	-0.06048134684140079	-0.7511170261258854	-0.5966848725975786
0.03396629145875969	0.06366591169227302	0.5984522071219086	0.7979021860628321
0.1917146738328809	-0.09628523373584853	-0.7626091127542214	-0.6102474733629007
0.2669289088676702	-0.05164355619455466	-0.7021915252699555	-0.6580341651869973
0.08255047850232816	-0.1112346341224479	-0.7348363578162291	-0.6639486440245667
0.21602648098332963	0.006163843125341821	-0.6756078019690698	-0.7048749282464283
0.21164301919001274	-0.17266723658513847	-0.7185596724359249	-0.6395820940168385
0.16751054684319353	-0.07129257721376152	-0.6092623255943039	-0.7717881858009582
0.03470254057512535	-0.17016163179479102	-0.7339884279375527	-0.6565833841914716
0.11777148637625362	-0.02847842174389815	-0.7336918719620907	-0.6685918736482427
0.1446677445859916	-0.01414110596978611	-0.601518115723995	-0.7855235383196407
0.16419486367387748	0.07615471325000145	-0.590225511284112	-0.7866856756178641
0.036668178757083766	-0.10200432428274107	-0.6123829956283632	-0.7830949043120458
0.1984405150810988	-0.16532719216560177	-0.5790049955872821	-0.7733314273905837
0.1632542681711221	-0.009396992059640247	-0.743306278272109	-0.6486567020739155
0.0020020852598430358	-0.006809653026065147	-0.7951074858669932	-0.6064269998924405
0.19717816151942993	0.01341526405311833	-0.7820878563791247	-0.5909986363897197
0.31175650270636124	-0.07809595122227514	-0.6476240180944485	-0.6908632546388526
0.05129418635578408	-0.004315809612093115	-0.623186361516296	-0.7803774977878146
0.18961716099300552	-0.1736019649146607	-0.7097179398780451	-0.6559025353282186
0.06750195463059247	0.09140392515368187	-0.7435574978105907	-0.6589469296060215
0.2796970291771172	-0.08749894514334385	-0.7414916999751135	-0.6035756500525126
0.007698794021543424	-0.11423367856176958	-0.770217527016782	-0.6274203984004767
0.23160176272028604	-0.04314588830583276	-0.7865776367368298	-0.5707842650359773
0.1417828641388422	0.030835589229235502	-0.6429044202019495	-0.7520775840019882
0.0638014882969255	0.06082444869662933	0.7308081532367924	0.6768671950201733
0.10642580296524269	-0.19599262710808327	-0.676820646913996	-0.7015513170776567
0.048295749150439854	0.012587788001156761	-0.6234513384136054	-0.7802675802809699
0.013035842248039256	-0.1308829201693663	-0.7461669581048653	-0.6526366513285594
0.0937983870808202	-0.02633124512742231	-0.733882350246156	-0.6722538390431508
0.04210479903318769	0.033752297882280395	-0.687338269208782	-0.7243300849523762
0.3447010530346488	-0.04406480351359714	-0.6047507915959454	-0.7166002771365566
0.18274803987866448	0.05417754783909317	-0.6188999234956174	-0.7619913594836674
0.23901283517297925	-0.0573632054940899	-0.6315242295275615	-0.7353634984126128
0.06927654372801362	-0.06435630272132585	-0.6936511427654467	-0.7140778101364945
0.1004693269738836	-0.12768836392757296	-0.6784067387222658	-0.7164955637763112
0.032047729552721976	0.028981536067739847	0.780324636988876	0.6238801764007643
0.0988168557083102	0.0831210791891915	-0.6381828162440004	-0.7589787930326009
0.14142024679029094	-0.21565851414032763	-0.5894917997265035	-0.7655005794457423
0.09751391053873658	0.007297072574428406	-0.7915913602898617	-0.6031756860962926
0.09161610430182254	-0.14616719961981373	-0.7102904839194945	-0.6824434538049797
0.018206584544203364	-0.09260716262159015	-0.7835528230317165	-0.6141151416708767
0.07984236116030739	-0.06675729454630326	-0.6412991096745831	-0.7602000479609247
0.0922022238663889	0.10828781798721637	-0.6724676397645019	-0.7263330997959682
0.05366773829014997	-0.07218739563283853	-0.7147295949245547	-0.6935923586066604
0.14148199512985576	-0.2324129848491539	-0.6669790039035383	-0.693618092237671
0.14597900632834926	-0.14806016442733572	-0.7572908720159592	-0.6190951886280865
0.13602436303343685	-0.04069604412125108	-0.7636410194817606	-0.6298361676016122
0.11354764347577818	0.12329483440414554	-0.6686458688129142	-0.724443247321538
0.12643594089408655	-0.03955925055598333	-0.7278488214008151	-0.6728187807508945
0.01677554151439191	0.09751419094867093	0.6656137527610752	0.7397079801555768
0.06815389845111804	-0.09685379968173531	-0.7781716097731758	-0.6167846734121635
0.0317988693942965	0.04062196323661356	-0.6799037832052091	-0.731484472556521
0.1174282822976794	0.0599584775371695	-0.7649094534898423	-0.6304990939326655
0.09522705209513303	-0.15410888735505346	-0.7230433930051342	-0.6666262155204229
0.19623901625874193	-0.11873934714902604	-0.6943154646180204	-0.682141665292985
0.07659242402591372	-0.15173771220407548	-0.6860783686688577	-0.7073936240323253
0.19337507305421664	-0.14255291460389685	-0.7917413219693662	-0.561631931735911
0.26573230019838084	0.01955806653692463	-0.602704637011698	-0.7521641756885343
0.010986123707988902	0.1334749688713244	0.7918488774751369	0.5958515696144783
0.09129263277914618	-0.19251556509822296	-0.6101573227044498	-0.763093345499292
0.0961543883442919	0.05119481297578135	-0.7772108567081795	-0.6197392265634375
0.11318122460979123	-0.11100405036391064	-0.6046867381720719	-0.7805267835746923
0.270633055150455	-0.057123838610794314	-0.7467320067996249	-0.6048850523391232
0.08487072831884977	-0.14210825190222232	-0.7272920194080832	-0.6660694578805088
0.21391536680483342	-0.07382203592166871	-0.6456682519735051	-0.7293168250154467
0.18513513820614602	-0.008885552264773347	-0.6829848420637149	-0.7065251114246002
0.2469261269145058	-0.13032370833490986	-0.7093566536110477	-0.6471911285474908
0.10057099741516004	-0.07912771060636792	-0.6166051009394563	-0.7768026965636498
0.10564564091119796	-0.21124384819779785	-0.7395237616442387	-0.6303329605205514
0.07518319029227595	-0.02427858953405517	-0.7601206448843539	-0.6449609625460337
0.05178538015207901	-0.11681361197225451	-0.6861273067888373	-0.716171888124071
0.035386839013773264	-0.1803520322054597	-0.7393721855412746	-0.647726552915575
0.11575324041043974	-0.21415962325942703	-0.7112371307039024	-0.6594532485384716
0.21288503374792989	-0.11705950120860426	-0.604362513708046	-0.7587641185555809
0.20607522067057693	-0.16384370547162697	-0.5858057945416683	-0.7664984114036405
0.164725246942861	0.04482524571515639	-0.6499938653333056	-0.7405162154843457
0.1473793520607867	-0.0929492013972692	-0.614909921989764	-0.7691069889061566
0.17473570107471526	0.032612344211045106	-0.795239641564734	-0.5796531568610502
0.010176684961322924	0.10384920955683367	0.6530369011059276	0.7501030479551366
0.27885588311728265	-0.015517224939773493	-0.6991161729687004	-0.6582060383152428
0.1250778649005281	0.042822287811173324	-0.6548788129015713	-0.744080318104955
0.09059290152343796	0.030657887663379426	-0.637843051319162	-0.7642049868990944
0.17537259669376662	-0.06838969772507152	-0.7393380822296588	-0.6464878202556713
0.24494045577741394	-0.13798106038155747	-0.6609006103235073	-0.6958274091853162
0.0918253686034289	0.09989455645122754	-0.708923612321313	-0.6921101727077544
0.028320580863913963	0.04430704604935742	-0.7337307130776785	-0.6774024439404038
0.059288948796134326	-0.029789529896226775	-0.7610160001738474	-0.6453309631023525
0.018581045878432192	0.03181956352792183	0.7257229954192079	0.6869995589741877
0.0025125590305418895	-0.10676909177741035	-0.7338151040861886	-0.6709019608729142
0.06958517250421897	-0.1935630327276642	-0.7082354114300489	-0.6753472130136738
0.12951180959561687	-0.07578502679432601	-0.691286587298516	-0.7068282500793409
0.30751170376365	-0.07336900097382192	-0.6638785069903109	-0.6777306763757976
0.1580715651458924	-0.15252637134527833	-0.7767355666948356	-0.590280395886415
0.1677669797412088	-0.167377141067959	-0.765306336849378	-0.5984524575391231
0.03749865985262803	-0.15529848853406875	-0.7624429440789282	-0.6270223177786792
0.11803992372809213	0.13605009242207397	-0.7108038839610872	-0.6799373407190142
0.14743383704476903	0.031152989286974027	-0.7365311022419894	-0.6594048000909172
0.05417923808547661	-0.06721216082253548	-0.7761110965708945	-0.624658868005223
0.03785377260909666	0.0649098250236487	0.7790353150980395	0.6224610705455855
0.2523961889322583	-0.08836814613028035	-0.7050342385426225	-0.6568210997254837
0.22990982700496962	-0.09017739411802647	-0.6463971691740268	-0.7219281188043806
0.10072705794990719	0.07815143053028789	-0.7614987347601494	-0.635504595311094
0.07478461594750925	0.048577207322886895	-0.6541078609322739	-0.7511261028701492
0.07706284173310197	0.057724915650370225	-0.6136153153177113	-0.783712573169987
0.12728624850775816	-0.1425627786704543	-0.7610462551071725	-0.6199053658954154
0.05132456623900131	-0.08377628052827814	-0.6283198189918097	-0.7717263302384629
0.06784437207176297	0.002827119828498145	-0.7324369497438703	-0.6774402285231951
0.17625227510877134	-0.10288273735777727	-0.639026230616335	-0.741616986359557
0.20715160852203812	-0.18144483868957154	-0.7180556713302847	-0.6391885750465677
0.1743258132196133	-0.16238874359343664	-0.7743992121848199	-0.5861282001123951
0.1482491213271329	-0.1674025550906045	-0.7379019024137146	-0.6367883203931202
0.07068060862365298	0.02126764109847399	-0.6927001882955165	-0.7174387696117716
0.12919511995490646	0.095218244792195	-0.7434014008749137	-0.6493046003346555
0.09836109327035966	-0.26604913104395617	-0.7307198523398256	-0.6209601054801177
0.07530072895258894	0.09770057763310783	-0.7718791704153595	-0.6236881782014649
0.08743960005503972	-0.12717302865895116	-0.767274252210274	-0.6224721351346494
0.2574122615850379	-0.06812602442286947	-0.7962533406661909	-0.5432111834820242
0.1627979726215722	-0.034135677717611834	-0.6329664972065642	-0.7560985312980827
0.02206241285607601	0.019194734676855063	0.7986818676866089	0.6010424996023852
0.12968699980904008	0.07784087433675953	-0.7714298154907548	-0.6180761442855716
0.06935358351802758	-0.010398850444751624	-0.636427163401134	-0.7681421808804811
0.02994972415992527	0.07233791855949644	0.6337871659855816	0.7695349685317678
0.18317824861350274	-0.09822482366989245	-0.745625711258077	-0.6331191925386523
0.13041014770652523	-0.017034035192067885	-0.7359186171205255	-0.6641737905064088
0.03630047671848364	-0.0769755108840842	-0.7039116212489211	-0.7051705294358664
0.2133996663575113	0.030776872663027692	-0.7072583246794727	-0.6732748537404112
0.12264742158247598	0.09316809106891752	-0.6849440462930414	-0.712129882980247
0.05091061118614239	-0.05221555519751696	-0.7632135442490955	-0.6420177032908068
0.0455589841071959	0.01223711117339873	-0.7141989382919497	-0.698351278813107
0.2267598460811732	-0.03858049560401515	-0.6132898331747179	-0.7556236484445931
0.24344116690221346	-0.020280943768988105	-0.7968795318118815	-0.5525469150727423
0.0341695335457705	0.021273786289229834	-0.6714446364635664	-0.7399607889330986
0.26905153819029626	-0.08148287953857447	-0.7667672037892362	-0.5770960624824725
0.0016109936553719661	0.051955086787956135	0.6297728347741	0.7750382250166068
0.08468603371255627	0.010579938391224187	-0.6019630560445446	-0.7939501368191747
0.2385835041139157	-0.14072822908748595	-0.7033829100824383	-0.6546189417566419
0.0011531826363153058	-0.10454601440018212	-0.7583340151291468	-0.6434270141523056
0.1031338058321018	-0.03146701579035074	-0.663337235412813	-0.7405112808909278
0.15041378008368675	-0.12332709774533537	-0.7079694417862017	-0.678929592240302
0.13415071898996309	-0.230935970339612	-0.7313853644687983	-0.6274931161683137
0.15250463278718937	-0.04595251597640218	-0.7355797276426898	-0.6584475434952958
0.18798679447064454	-0.026701832302591794	-0.6801083389561057	-0.7080964796824673
0.013044819600245759	-0.026491819207732602	-0.6922669030945531	-0.7210371357125364
0.2220960413567021	-0.12846097402239628	-0.7321000982955523	-0.6310313563069128
0.28790761551361366	-0.0740120613073268	-0.6214748650535253	-0.7248450950492858
0.16666986014489787	-0.10624356030294839	-0.7225371042036371	-0.6624753555132873
0.28963807710262535	-0.03724880114471779	-0.6913849493536797	-0.660839740718417
0.14793445444306375	0.10913381785246566	-0.7910737236296691	-0.5834445738647912
0.2005906728024378	-0.11194991584549031	-0.6875466755599151	-0.6888469839183168
0.24806271647334646	-0.08546151704695393	-0.7885147165067653	-0.5562425367159122
0.16163557447388754	-0.18175828140264344	-0.6003463403628647	-0.7618544085446832
0.024399120971404193	-0.029092294075559747	-0.7165755228873455	-0.6964752984277125
0.06060873396342538	-0.039918324087126686	-0.6321065339080167	-0.7714754944651315
0.022637594401266965	-0.061462799603384036	-0.6037651835813905	-0.7944667813568844
0.2153714089241836	-0.01617452419580591	-0.5971726925810434	-0.772488392288556
0.13097065366016047	-0.019330463610891937	-0.6148931311745024	-0.7774184576473822
0.21420924216142065	-0.1657150032170128	-0.7528373571362758	-0.5999073695008947
0.22698502516527538	0.04153894981382982	-0.6466321925221673	-0.7270619791964494
0.163015686743243	-0.05925091560913378	-0.6308435375165933	-0.7562748482189915
0.12572427982517898	-0.24520929029813907	-0.6726054098365112	-0.6867807307085588
0.06179366281027271	0.0774606429006443	0.7401671812503948	0.6650819016014151
0.12360583112908016	0.12309515755710071	-0.7613958332564398	-0.6243761412775264
0.25229621636300265	-0.008079453219148571	-0.6483841582744523	-0.7182473981458776
0.18155294433086772	-0.17511294478764952	-0.6612472316983401	-0.7064885586786754
0.11185101164191176	0.10338719186606639	-0.6247262578647629	-0.7658443330645072
0.15721516133936694	-0.023850109887568458	-0.6778291819759776	-0.7178176407453112
0.15515594433937174	-0.09127038967696785	-0.5996319376830908	-0.7797678425113428
0.03621569971032832	-0.012366447350379211	-0.7206611721050298	-0.6922304306332006
0.12206995867472352	0.08900585792926004	-0.6457192053476023	-0.748480854991421
0.10403276594628297	0.06382906775228935	-0.7040606024625125	-0.6995725135963845
0.11335902105011499	-0.09343285635958129	-0.6594760724536061	-0.7372322182055092
0.1700782595336156	-0.2084183017228211	-0.629962004377646	-0.7285486052292529
0.07064084163150779	-0.0593428734135129	-0.6826818220102643	-0.7248681430200709
0.16376113616176233	-0.021639675039850287	-0.7601027187661609	-0.6284567381065056
0.05406709846521083	-0.06332486678868705	-0.7822721076092759	-0.6173467905207655
0.13755959802431378	0.08051463819799322	-0.6392197374277747	-0.7523249811816715
0.001371578913823113	0.030360401133256682	0.6810209931548052	0.7316329487500912
0.026169215596181055	0.05241162904288817	0.6469733693730494	0.7602589378746133
0.14184046067824402	-0.07098534475857748	-0.6680697220041377	-0.7269973941393487
0.09233584782123187	-0.19279579839070143	-0.7051538468651364	-0.6760635499576396
0.006243441768550396	0.12260856496639216	0.6356644008797636	0.7621410162731933
0.078316667569893	0.032263113104389333	-0.7446068205959941	-0.6621074488596886
0.15421676929114966	-0.10612296990798317	-0.7964404824664342	-0.575011009647592
0.05440835742792109	0.07266827820993575	-0.6574714514393813	-0.7479908706168761
0.11012229982961584	0.023677061645837213	-0.7360961208574714	-0.6674391183401212
0.11482974874853712	-0.13458323512808779	-0.6419428495466991	-0.7460635760715503
0.05842647654567415	-0.1140106264069255	-0.7461661171282303	-0.6533177248127732
0.27546194307773253	-0.07996424773961004	-0.7417961509404596	-0.6061888381100375
0.06848434944831326	-0.06141968764550759	-0.6250926762292814	-0.7751107417489996
0.18056238275978792	-0.0953795351698876	-0.7566375623096947	-0.6211276595877266
0.1616476754997413	-0.1389883455031987	-0.5808630798343511	-0.7855891746359327
0.05280378971916015	-0.1994136793153743	-0.7576751784036762	-0.6191722444717279
0.09227939280959475	0.010053790803277953	-0.7626871027408372	-0.6400717290007145
0.08231956738746889	0.05131896334009991	0.6430459087373561	0.7596590104007096
0.13785742045448876	0.10266042252657973	-0.7067511216772868	-0.6862645417622824
0.07883515239208128	-0.05928618443291722	-0.7759726617632781	-0.6230060956994856
0.20756663407906653	-0.04725066866046715	-0.6739775333408005	-0.7074162503647169
0.14516794126641194	-0.1669401032241849	-0.6399162983328532	-0.7359105936810184
0.043988769743364214	-0.0032051244384483438	-0.6589182946035305	-0.7509203661844406
0.038772549590666144	0.019666714170502825	-0.621489264974332	-0.7822154455606458
0.09015156952353572	-0.24729262581539857	-0.7048400461213121	-0.6587257100747435
0.25296586024093304	-0.06553067000203247	-0.653415017964437	-0.710466620707957
0.04873817811394526	-0.10128025761546629	-0.6564359980881789	-0.7459615806631429
0.23824472551277667	0.04387810037164925	-0.6224537584261801	-0.7442213929297113
0.2798545233080183	-0.09036299764416761	-0.7320547201091584	-0.6145013109885966
0.09195625095257844	-0.15432988683458992	-0.7279470043119581	-0.661679297585783
0.16948551806249273	-0.018430991367690452	-0.5965965896755578	-0.7842241177825294
0.005203414435116005	-0.15742025843917665	-0.7515646316229341	-0.6405797305602501
0.1195423287641329	-0.23209507049326664	-0.6291261373381538	-0.7321487643944692
0.11307092306253694	0.03366588052589302	-0.7753716731323296	-0.6203872527302394
0.019284402858940747	-0.13220960691286376	-0.728647422454498	-0.6717303517012884
0.03785761612272116	-0.15197451214463906	-0.6882689676825379	-0.7083476382999504
0.016147519033031448	-0.0782529005252902	-0.7574126731894845	-0.6480291534185912
0.14736680723747206	0.053570958961453766	-0.6086548280821161	-0.777786909592154
0.04726667092230081	-0.010164858411160878	-0.7813040894284004	-0.622275226339489
0.21628275080833434	-0.1499086135609419	-0.5905044717814097	-0.762924405225822
0.08768435623698094	0.09008412939210611	-0.7223495733660804	-0.6800054390670813
0.14602374509720348	-0.1460590269692823	-0.7146753123704892	-0.6682686768035123
0.31912364407995847	-0.0840297968728264	-0.6321399131534855	-0.7010693426651485
0.22665021549089884	-0.13043887666535955	-0.6594463879967252	-0.7048019868234489
0.14678373996899108	-0.15013068500001525	-0.6546087118335625	-0.7262249964671731
0.0021235796916108576	-0.023563791480246576	0.7627682827768394	0.6462389534297978
0.006741987434249995	-0.0008521035851542835	-0.6523645346061323	-0.7578748798535554
0.2975895733968288	-0.06612630050637296	-0.606851044898279	-0.7340296775285733
0.18161129787219085	-0.0919537044824182	-0.6274223903720275	-0.751600290564732
0.12190492672121035	-0.18913624628608916	-0.6785318359309722	-0.6992576183425164
0.1738602574101753	-0.19227137834155944	-0.6298299146560952	-0.7322012063416725
0.2787401575129086	-0.11867946955742714	-0.6409161182981625	-0.7052982613057134
0.03807491833773718	0.020197166947874424	0.7705737415650875	0.6358918806300613
0.2935258495690909	-0.053821248221347213	-0.6977096642830714	-0.6512657470193282
0.24211632630217197	-0.06413370769942996	-0.6065486637156633	-0.7545629666365873
0.23701560367753136	0.020519705176707818	-0.7062873635072693	-0.6667538567288434
0.25142900313365246	-0.13190602892010064	-0.5951929532362631	-0.7517510254969013
0.12426023336332312	-0.20141476196791813	-0.5739464015626196	-0.7839496260597485
0.050628725667856304	-0.16159897613241547	-0.7235045310540884	-0.6692261924001537
0.1454626316451863	-0.17224911556932263	-0.6646444249883845	-0.7123332459686987
0.1404861270224407	-0.13301189123825893	-0.6215068664378842	-0.7591447160285173
0.13588205934857037	-0.19711865484404822	-0.7027717489988072	-0.6699195255169252
0.20291521973810833	-0.07503902782841015	-0.6585455102734628	-0.7207720643864236
0.26425726808481287	-0.09068487555918608	-0.6599285967461344	-0.6974515014005234
0.039740007006890156	0.07531881314243317	0.6415307108267578	0.7623556619426543
0.05311794044406528	0.06330690348082564	-0.7822048324266034	-0.6175162512056824
0.13721112010870082	-0.12888941158355122	-0.6919454624894489	-0.6969735325250338
0.16957103203466137	-0.005879503059671915	-0.7945244421329937	-0.5830454591125176
5.0288272640469144e-05	0.09967560942858117	0.6211389048173767	0.7773359835221837
0.09137612776670255	0.060823540792756425	-0.6082928496964558	-0.7860856881841574
0.15727356470185608	-0.12924376222827158	-0.6718352894064984	-0.71217864309395
0.20400900769974423	-0.06664460947867706	-0.8016774484171197	-0.5578997127658488
0.15970509161043345	-0.04181852611520839	-0.750751958736546	-0.6396225379397558
0.13121205848867598	-0.16825425727085044	-0.6639998570575814	-0.7166436286222814
0.019185920474634754	0.09482951171461593	0.7037513184429327	0.7038276393786638
0.11367955732578618	-0.22317996136517543	-0.6071995372220811	-0.7540400420989211
0.014844081752271983	0.08940968683730606	0.7564433989035793	0.6477491377005354
0.18551143427969555	0.020082753442575402	-0.784408138647868	-0.5915116759529283
0.1763541254716383	0.01725356717086796	-0.5999826141869897	-0.7801425507702806
0.018882187744599155	-0.0017934009104921135	0.7283363231148962	0.6849572593458847
0.20805196297659673	0.031455054623389135	-0.7557645579991275	-0.620116838275343
0.021692144188393294	0.06066978829963907	0.6663382983651218	0.7428606193627851
0.08326287656951396	-0.08898224936123923	-0.7789730018775964	-0.6151020362751128
0.13211450978363137	-0.08682661813634497	-0.7098688503955962	-0.6863622293845072
0.09155754659197204	-0.06820859848586247	-0.7529519129634241	-0.6480958413069577
0.10356508549676455	-0.16480726237567883	-0.7136764442588023	-0.6728883802269101
0.1765095705820641	-0.14689275417182462	-0.7386853084184741	-0.6337277849293457
0.04954816212903694	-0.11875765134200965	-0.7866069051895475	-0.6038966605185746
0.21624465364293677	-0.15338269714302982	-0.6231462534961406	-0.7357993916426538
0.1661988962887001	-0.111966435216588	-0.7584330041855852	-0.6201780570282502
0.09872258267086356	0.0059470701170479985	-0.7054328888570524	-0.7018425203324539
0.007854763233024878	0.037160147184545765	-0.7565646998880312	-0.652814890331945
0.08274670498370487	-0.04690629342555792	-0.6366278429405973	-0.7652828052715005
0.31761904546911596	-0.07811374661214551	-0.6626313611026794	-0.6737477746372984
0.11634912304668268	-0.14281163772219932	-0.760264908327271	-0.6229486229726312
0.06127829482773838	0.0645310778290333	-0.6440693681924325	-0.7597732290186519
0.05041591515146603	0.051912904355212355	0.6714315043950659	0.7375249289119828
0.12412973914558334	-0.19928237271362517	-0.6285563235084118	-0.7414818217346032
0.09168863549878804	-0.1134937510023077	-0.6910264260093472	-0.7079511573269337
0.2132877893678798	-0.1336730441336683	-0.676638008941949	-0.6919543634038854
0.049145586154403134	-0.0055122456292322885	-0.7871268839171441	-0.6148053310801314
0.2120558329175455	-0.13707319813998348	-0.7541580608506201	-0.6062086120564069
0.09841466838580135	-0.05025363852033594	-0.7388762866296282	-0.6647187058586448
0.04560843050374361	-0.0674835983369531	-0.6802384717758706	-0.7284514098678854
0.12833188390071923	0.05683789361943941	-0.5997626962138362	-0.787772232091045
0.013861313372685478	-0.09788458507506066	-0.7546581746850046	-0.648627405663193
0.010068336486410718	0.07466341885861685	0.6986163258568809	0.7115189609075583
0.15636110261330613	-0.16833850288221908	-0.7432085571881869	-0.6283744063527554
0.060668879854380096	-0.05059231458440527	-0.7303920455987529	-0.6784446657232088
0.035394448982073515	0.06465744483563399	0.7064238030638067	0.7039403797719309
0.10623687196525079	-0.039529778599291195	-0.7603127091430605	-0.6395902656814516
0.10873488524678804	-0.10608863929403523	-0.7706988709448278	-0.6188256423803684
0.0375233760915299	0.08498259368206287	0.7519560052135381	0.6526347533200024
0.036498229335437844	0.05258290474015654	-0.7686974708483504	-0.636401693661963
0.12791617422510143	-0.14521626387006334	-0.7349691556847114	-0.6499000148263854
0.13372850022586077	0.034077945024933026	-0.7324393119148739	-0.6666993597206208
0.09137708600020895	0.0823090293024473	-0.6119925564413231	-0.7812429601025621
0.030539631206764842	0.022195704988713687	0.5939007058419167	0.8036520597909781
0.04175739238915612	-0.1498218490250795	-0.7897991214613547	-0.5933187014366197
0.18460292006010656	0.018362022589977166	-0.6975370105318225	-0.6921175600792219
0.2579235694001235	-0.04684587992752117	-0.7167120596834087	-0.6462234283791343
0.16817775417332514	0.08811321566935157	-0.6897242416065757	-0.6987365560537512
0.10197045541335183	0.1521266455706857	-0.7672803160416386	-0.6146059115768802
0.11167735044583345	0.01407591874376889	-0.7494739561194855	-0.6523946865261279
0.10592944380843003	-0.14447747803525543	-0.7098117623611877	-0.6812286497856014
0.18700688184533193	0.03698589637536936	-0.7507702037358045	-0.6324591455535252
0.05576814642209645	-0.14335436058941955	-0.7101890433897463	-0.6870014292516423
0.02007799552418468	0.07418687923774395	0.7963284656927245	0.5999617952604703
0.005652297209609219	-0.008540795719054724	0.737313119567476	0.6754735154381825
0.112237969180082	0.09069387886618578	-0.7315323673347623	-0.6663615041042924
0.20348777037287533	0.0205724818407629	-0.6979637950906109	-0.6863060840778692
0.13367143554248564	-0.23756474108848774	-0.7025246665968523	-0.6573842361469832
0.00619667230411173	-0.10588466842476099	-0.6232409408194237	-0.7748036963847381
0.14982298961461232	-0.1779973389400771	-0.748049065971991	-0.6215244275260814
0.22484591553801828	-0.027745686671725143	-0.6614207919526583	-0.7149804382706584
0.06015073089513394	0.007899807421348382	-0.7903272111508733	-0.6096739964357751
0.06570146977009883	0.03711193354998248	0.6551277566354567	0.7517404098118075
0.05012059796789413	-0.04508219629335689	-0.6773483874828014	-0.7325671868239504
0.20844781829528825	-0.01682401100528437	-0.6568390078423155	-0.7244508109446431
0.022678485419781097	0.10315322891649421	0.7034478909960135	0.702855719416458
0.2559702765810173	-0.024243172619191202	-0.7637625582244568	-0.5920795898718574
0.13939604261207889	-0.13026290711734936	-0.7481809755950715	-0.6354726950003717
0.05254609029824832	-0.17482852787229938	-0.7103413641747556	-0.679771314913126
0.13963367479847563	-0.059283221657768774	-0.7189379557259118	-0.6783186215258993
0.1333225995618688	-0.11007389953468816	-0.6068904174737471	-0.7757530807324158
0.14255666237598424	-0.003751448569629616	-0.7735682895224045	-0.6174590076201255
0.0249498999912265	-0.18144357737940792	-0.7436625491884643	-0.6429788049793753
0.23513190985865406	-0.027996120768559105	-0.8038773742894573	-0.5456284168677635
0.21853937508300866	-0.054593230291255054	-0.7331906119097527	-0.6416320186462772
0.05941846498787756	-0.1328589503003893	-0.6329342908768911	-0.7604026096586795
0.0070786159077164835	-0.07337211202221908	-0.7715850670638591	-0.631840890302527
0.2333734531789751	0.0042943341859678266	-0.6579530922198613	-0.7159721492373448
0.041071855223868865	0.0434137683848628	0.7963782347238495	0.6018388942908396
0.17404270785125825	-0.03984300224049657	-0.775247117283268	-0.6058989834619698
0.08137221684961223	-0.0383747161471472	-0.7873276849702742	-0.6099352916211309
0.16300498364678664	0.03414593630607909	-0.7874445418083198	-0.5934597913223586
0.1391314203982146	0.10847115010605711	-0.7059115328307898	-0.6859776711155614
0.17439428916936833	-0.14172229507762296	-0.7599335651297993	-0.6099199944026716
0.15995991817851568	0.06497828699991025	-0.6278629151087693	-0.7589326759509029
0.1462104616544488	-0.0787668191184065	-0.616680468877088	-0.7694956064944725
0.11317519397528879	-0.12255237879376582	-0.7385514118536803	-0.6532335738230091
0.1886031482718865	-0.001602785750167019	-0.6286042867539673	-0.7545084056617978
0.12436175123769216	0.047292942011824	-0.6077415746290461	-0.7829097718973548
0.07914170803761708	0.0510981430120115	-0.7586987407651261	-0.6445942837095475
0.05322472484710622	-0.15695527427143885	-0.7111033883197274	-0.683274572674507
0.19145260566109196	0.0014122497464788078	-0.6144664497991859	-0.7653593191484747
0.03775209519081589	0.053226715375010863	0.7958186596489107	0.6020086021260015
0.23234052512645698	-0.0017345740271657124	-0.648044776036413	-0.7252950019742461
0.03809554953380982	0.030113842811579705	0.7463552647802135	0.6637738352117338
0.03393887702321579	0.006558330800680838	-0.7574306475785584	-0.6519999655155188
0.0599516951008393	0.05818265940888217	0.76303124267807	0.6409398529470658
0.10628973102241299	-0.081645560438045	-0.7124164306001534	-0.6888391139815432
0.1312670186351431	0.013381162493076328	-0.738699442520717	-0.6609939847899956
0.14829348991429916	-0.15925266309058242	-0.6073439793530556	-0.7640555744781856
0.09655242282251748	-0.1298059632906056	-0.6798020529235683	-0.7153301408316316
0.2614588506825504	-0.0012394079399948902	-0.65103648497273	-0.7125933121367828
0.24348757108816257	-0.05176161711138949	-0.6427905792857401	-0.724468639004549
0.12056889790542166	-0.029081089545634355	-0.6863657235578728	-0.7166027662614683
0.0753737664094146	-0.09618893822369463	-0.6938762179054607	-0.7096494047949812
0.19554117190882989	-0.11135236837338769	-0.7502932500037031	-0.6216303878874001
0.07183245678814662	-0.12808067666978626	-0.6268331061131148	-0.7651899734681402
0.08324856342403421	0.044707161720847065	-0.6174921929044235	-0.7808804889871348
0.1513918504615242	-0.12460556099503961	-0.61603087202887	-0.7629285199088425
0.03561152851139825	-0.09721345431215714	-0.6189939257261632	-0.7785421525209109
0.29591552782103087	-0.04303182212916116	-0.6850243463949309	-0.6643221413778428
0.08973214478055383	0.029120863677540857	-0.639071480915325	-0.7633398717297879
0.19147249432867752	-0.13900987160895162	-0.7815726601598486	-0.5771990266809838
0.07767087157714955	0.07825444014931314	-0.657753531536689	-0.7451199702439718
0.20030417296314873	-0.19007572262860503	-0.6977062494466434	-0.6610260565544
0.12511721776490478	0.1487251905383817	-0.7476197352023626	-0.6350521482949575
0.0815409882534521	0.0870576516998203	-0.6723210648576107	-0.7305863523662974
0.026833867622207117	0.07849387248859747	0.6113645881797283	0.7869891967810034
0.13247507304209108	-0.12466772926834409	-0.7740333308369253	-0.6064492683275844
0.12487186466867564	-0.2643267763355621	-0.6872947710611707	-0.6649543370775098
0.01706445873583967	-0.03084338232206036	-0.6125424157642299	-0.7896513654168588
0.06546004124828929	-0.22634420515655063	-0.7692917386865973	-0.593863203591849
0.013149768765150963	-0.09057516367710931	-0.7438672219812896	-0.6620307994105158
0.24595779250866423	-0.034005182238489425	-0.6062607275174916	-0.7555106499283474
0.09822280781634549	-0.14260435739484917	-0.6138638718815811	-0.7701866163958117
0.02101839376758279	-0.14078822401994254	-0.7512230450171062	-0.6445159732201895
0.09249139201492695	-0.1764609222427	-0.7009351187464449	-0.684833442986179
0.014940033004806199	-0.07830041601133417	-0.7188432676182823	-0.6905868496185963
0.03942683296465873	-0.19251532197840085	-0.7676915376299497	-0.6099451440066501
0.13115505191478277	-0.1068135053878136	-0.7405385128011974	-0.650378304129365
0.14893500418716335	-0.16902681354350316	-0.7357796184668539	-0.63865221668751
0.00729726462689157	-0.0015578210499702337	-0.7352278424815678	-0.6777789778109383
0.19848258449952622	-0.08813307662112281	-0.6547474170782509	-0.7239772401706027
0.15237824390088256	-0.1679131415198607	-0.6445036466548444	-0.7302062017945493
0.20736017416843724	0.019073113095018888	-0.6185893158163621	-0.7576181313059667
0.1753494062876767	0.07602578691090166	-0.7944129149203261	-0.5765247488589959
0.045407687146453955	0.10024047061827407	0.7708114378181041	0.627486826417116
0.18656213447287343	0.036805926736411684	-0.7438128062795532	-0.6407670426547665
0.11462564357071507	-0.18626598182008794	-0.6992919380846212	-0.6805561925237711
0.17867228560722762	-0.19784968095590366	-0.5829954106486148	-0.7674946705119127
0.13346465109909303	-0.07065553948279636	-0.7420670209851071	-0.653093804911424
0.1637433617444043	-0.061763420640074375	-0.7832379368719126	-0.596583376905616
0.24153714396086973	-0.09789702300736482	-0.6075692319012919	-0.7502903500781519
0.16802344290794133	-0.07147007702735152	-0.7272902431515448	-0.661595838060997
0.2070645611013446	-0.03671315674106838	-0.7290611119328094	-0.6513419276580533
0.16023650711852858	-0.19947498599749974	-0.7475126973079154	-0.6129916468527086
0.14855554171563792	0.0764059900109131	-0.6535346667139006	-0.7382315457356022
0.21771239786403326	-0.1502798310461692	-0.7140677373268749	-0.6481701556735739
0.13327796448155885	-0.21401957477169573	-0.7596205060223963	-0.5995075417611304
0.23508261863901092	-0.1147122354374208	-0.7789018604145899	-0.5699904887780726
0.2217521445394086	-0.023608272006339196	-0.8038012755385096	-0.5515180371735027
0.11994582377070251	-0.00679527180303781	-0.778214043454303	-0.616400621521097
0.0019797299783895525	-0.06571611882590238	-0.6209830682270749	-0.7810617782038503
0.1557705610684653	0.08698524358826885	-0.7097020304997146	-0.681536593006485
0.21965850263587763	0.0024491522496678858	-0.7695916884962506	-0.5995604864152674
0.04961060081158356	0.012630518494856876	-0.7540765495647884	-0.6547883747334919
0.09478974973592315	-0.09722130707829607	-0.7661007740028718	-0.6282137573049394
0.001632085083069639	0.044073276944215	0.7872041049445405	0.615113468976371
0.004477816364281948	0.05262872206056806	0.8020506292271978	0.5949159225732114
0.17368354913705858	0.04679379089984394	-0.6419634609915075	-0.7453370248714215
0.08220528122919521	-0.16805142968152337	-0.6989554866441096	-0.6902624402429274
0.08497669361736335	-0.1804907595648416	-0.6918041244719111	-0.6939806197706243
0.03521298776966455	0.10280314196461346	0.7157980618946902	0.6898004741099723
0.12953359249902166	-0.045147898120659606	-0.6896688510312672	-0.7110130741602405
0.27413406423730474	0.0007430399191996693	-0.6045648970426158	-0.747897886064847
0.2965728446846154	-0.03812943971002271	-0.6411772708583227	-0.7067406886247231
0.0050995081507435895	0.09899745592150942	0.6281224362189385	0.7717743866286797
0.15012254030727915	-0.11634576286691577	-0.7167455960266251	-0.6709714129015055
0.04249571480238111	0.027193131267622305	0.7244379071576924	0.6874913574062435
0.03212643094152103	-0.14236864601435176	-0.7540707954049715	-0.6403719985948116
0.0014989579728407066	0.12275659417900195	0.6339067148331036	0.7636038558048734
0.06297990158154404	0.08191100949764708	0.7934457832362898	0.5998065584706506
0.0970478468604278	0.08028214302732299	-0.7028396050395422	-0.7001092646998437
0.2469875255177046	-0.08505009271645467	-0.6948749386168811	-0.6700093011665953
0.15728658481710878	-0.1945152829179179	-0.5934901197785479	-0.7649798772995129
0.10651746322562017	0.11565126517161892	-0.7500970831359776	-0.642365301649366
0.0133914919046641	0.11345460906544001	0.7839570019678775	0.6102131911815024
0.047475537959228	-0.06883138180577973	-0.6634465897549625	-0.7435367756316423
0.13434823367217033	0.08296437213931454	-0.7142669093569731	-0.6818286054884577
0.016477271908767684	0.011137393351832135	-0.6365137593389415	-0.7710088794248605
0.2186195600280268	0.03325153444618153	-0.689590049175894	-0.6896124908292443
0.0732234891096246	-0.033983357205120954	-0.6782869077495929	-0.7303494525575941
0.04496274615090787	0.06461018355479153	0.6862605479038395	0.7230839066320776
0.12025164752255843	-0.18914637302002021	-0.7503352690972995	-0.6219004540842246
0.17484533362830895	0.022015504389884272	-0.6714667990412813	-0.7197754960125552
0.13309192669621733	-0.053943857270273086	-0.7758028726395604	-0.6144155776958289
0.20188584868417736	-0.07639999639115307	-0.7172840925649185	-0.6625018303414886
0.1806587336347172	-0.15524024939247635	-0.6404035027775903	-0.7301686384392683
0.1336545474613307	-0.20034199378830625	-0.6559749436188482	-0.7153295889393099
0.09073435989768792	0.0036466033038964874	-0.7913740061060418	-0.6045503789412223
0.15696185911587127	-0.12782191217676925	-0.589808075310065	-0.7817614520103945
0.2139339152916762	-0.04361007774227945	-0.7160746097440597	-0.6629989398839027
0.2079239027539577	-0.16971079843587397	-0.7628366346835775	-0.5882568863536193
0.03039585730749161	0.09114244456666559	0.7642649287467348	0.6377054691193289
0.3058694267013703	-0.04322702699484368	-0.6362036320755368	-0.7069796719004425
0.11144341733181384	-0.07992704337551403	-0.6672905664201769	-0.7320623828863871
0.0683548410656081	0.05613422581156098	-0.7039471166186126	-0.7047233651581118
0.13816757906365176	0.08130556355345991	-0.5950450933993633	-0.787540768628702
0.23574406507052373	-0.12244106390573317	-0.636855459378981	-0.7237734766574719
0.052123566476564485	-0.07848688134228403	-0.6388744749043418	-0.763519710675911
0.09832516084657354	-0.15509103529570978	-0.7556677763731094	-0.6286852513513583
0.092516081715192	-0.049092588446885695	-0.7004909007887219	-0.7059342676877626
0.2129169986292207	-0.0405054150271183	-0.7420634443437104	-0.6343244498022712
0.16763066423974968	0.037585210143704265	-0.6864257238659978	-0.7066166131644761
0.14896922754041	-0.1496452708120042	-0.6995541900483221	-0.6826700501380235
0.02290785510353878	-0.11296688415892685	-0.6721033755997561	-0.7314306294963262
0.22100928179224713	-0.16045600026006496	-0.5885682275531415	-0.7609180053443146
0.09406846507614144	-0.17914688825054234	-0.6643994226921899	-0.7194657208197284
0.17822464978581357	-0.08496039588154622	-0.791212173196962	-0.578792711016056
0.23667257724240906	-0.01783569448981079	-0.6857599839374698	-0.6880415856716678
0.07837776779220824	0.05497775892039971	-0.6194291326671031	-0.7791931218531654
0.10848717408150059	-0.1292235712200773	-0.7575182789098606	-0.6306329033743661
0.16601867455427058	-0.1756568999430869	-0.7061933059140619	-0.6654873912282603
0.1606629311327481	-0.22847403388598592	-0.6713336276038034	-0.6865116159600047
0.009152006590284522	0.08554809784098559	0.6617671976130185	0.7447562956394344
0.09024725639201789	0.11459581614484425	-0.7064695377058141	-0.6925489325163557
0.0861244415563264	-0.014666435101325394	-0.5951669255039301	-0.7988390369994627
0.24238445749530246	-0.10034250630869546	-0.7145315689319726	-0.648556700059456
0.023267882159597335	-0.16262796483747588	-0.6986181499219701	-0.6963787987239642
0.22351761839535053	-0.06818286009497894	-0.6851944249373945	-0.6898547469510173
0.09895414656386681	-0.13239942056160486	-0.7599238135599147	-0.6286447867415463
0.14068795253592792	0.1291355858880743	-0.6206299868380086	-0.760492813842475
0.08055097104780135	-0.1232532280690093	-0.6590963374440721	-0.7375040344307514
0.15936063618271104	-0.08919225353496682	-0.6932333661752268	-0.697191816909923
0.11875746998936422	0.05058499013310182	-0.639113967241489	-0.7582025843874474
0.24057825154934329	-0.061759956558749274	-0.7127093702150995	-0.656013083905282
0.03333996546787547	0.01953262933523792	-0.773543987385161	-0.6325635325199509
0.0419911284450679	0.042152843112610534	0.612701998482215	0.7880711541512818
0.18487552591405004	-0.08707258098127216	-0.7502831791358019	-0.6287404525439233
0.09284575061562904	0.11705359989487449	-0.794855104378207	-0.5881185972133348
0.012801938049004495	0.12346505010448523	0.6612217375898538	0.7398501912708686
0.1366750932757203	0.1377775794752503	-0.684642072321606	-0.7025684950801532
0.16084461446076517	-0.16609806965911994	-0.7129062857097193	-0.6620461230534124
0.11908695710477012	-0.010458916243700019	-0.6555888782803273	-0.745595151804031
0.11640850759193234	-0.1688691132129144	-0.6860081358555048	-0.6980867564300001
0.12511731979798804	-0.21726904119655502	-0.7052020731733144	-0.6631966948169729
0.23958143764356288	-0.06411947240620419	-0.7430351001138111	-0.6216013738674104
0.09346133219514195	-0.007622427067826008	-0.6945653153881974	-0.7132922967827416
0.05081489043622329	-0.14745181375967964	-0.7220034130039067	-0.674082251019596
0.14766135527385574	0.0016079504661232603	-0.6334770536762011	-0.7595395717931398
0.2687700523303884	-0.08302019189194348	-0.7261947647132542	-0.6273049261815236
0.11322137087374555	-0.1917614724857344	-0.7562075967763753	-0.6152711023811144
0.20327279384835067	-0.07946555473387859	-0.7480635289332037	-0.6267107415482238
0.20322817791325254	-0.07173695413813864	-0.7230906273102945	-0.6562713324601698
0.19577411507235254	-0.0511154663679936	-0.697825638915978	-0.6870946678858211
0.19853219924397056	-0.049083497638479315	-0.599199670661363	-0.7740384556352737
0.06288633666887508	-0.1000026697508439	-0.6305642204130405	-0.7670942175756293
0.014179312449174562	0.049188975850710366	0.6062777599468421	0.7936035972367227
0.16263081591267514	-0.05826077111928771	-0.6917899471906791	-0.7011302084706386
0.2572677608498395	-0.020015314614437677	-0.6343048775290097	-0.728745503417416
0.1135577684439461	0.04892640158101079	-0.5979345419872025	-0.7919502029502354
0.06604367884447393	-0.04139075889085482	-0.7379689532691813	-0.6703184777207891
0.2119623209375023	-0.17569942006935796	-0.6779801234744013	-0.6815751172568685
0.027085344949473133	-0.07790993849218632	-0.7308454917748627	-0.6775406207198731
0.12900327376984108	-0.15898236722225542	-0.7753688779887435	-0.5973992511842883
0.17861212643252414	-0.0027646759242133502	-0.6584277497444463	-0.731138128690298
0.024771505472252483	0.03799196343472786	-0.7294651725530313	-0.6825126704048714
0.15857123218463215	-0.1308961720719724	-0.6391128517181388	-0.7411181547021098
0.12293648106350097	-0.1478226069460145	-0.6391357445744382	-0.7446748273620413
0.10423507914621637	-0.16062569689315342	-0.7087732691108839	-0.6789513139885963
0.10621013820301625	-0.16874442721098143	-0.6387159618909242	-0.7431599053056386
0.15904755914523155	-0.18533732836428854	-0.5735761753194811	-0.7818978959880937
0.13639166800661062	-0.05729971952044298	-0.7234586684176861	-0.674330490288376
0.11404473041487766	-0.07613166849219871	-0.7409123710008043	-0.6574546577636807
0.2383476788094573	-0.13695732835205807	-0.7040163024435184	-0.6548237320917492
0.01663013646282164	0.13562635402470521	0.7661236820064449	0.6279995497801578
0.006918469717034964	-0.10554880508108196	-0.7367269212170687	-0.6678660255446066
0.15801389353119416	-0.11645062671289182	-0.6824187416711935	-0.7041132877635473
0.13624445511883593	-0.09568559536405218	-0.586621466466248	-0.7925635434273942
0.04421863940421442	-0.08449589074776448	-0.6992724555399051	-0.7084653762176196
0.16187263706165622	-0.028721590904203703	-0.7212618064205252	-0.6728697691125958
0.0041071338185025424	-0.0024534441384875976	-0.7495923102300694	-0.6618825277249758
0.11119148297833951	0.052100101701923376	-0.7425697761256841	-0.6584164040334797
0.11333236812037785	-0.08322443383526125	-0.7813986223748495	-0.6079849183160012
0.1248588535853889	0.09950374602500364	-0.7281315137673898	-0.6665836555655587
0.06554097249351924	-0.11387990302327114	-0.7025213967024091	-0.6994279346632579
0.1262076795188808	-0.106649865165177	-0.6501755496740099	-0.7415990712620991
0.0871210296757428	-0.15156068582010712	-0.7678554600656021	-0.6163094005038539
0.07104992798688956	0.0696288323858096	0.6112270472749383	0.7851784702303083
0.20242202439951743	0.05873882960017505	-0.6991083487200983	-0.6832441662283405
0.2624917690619179	-0.06741510143201614	-0.6032461666826917	-0.7500982186729241
0.32643327661920113	-0.05350271322973509	-0.6669936363109579	-0.6676063695871951
0.19687041016860302	-0.15647194160311603	-0.7006205156480649	-0.667749553458508
0.11178171806713656	-0.026530770341186925	-0.7225815150584174	-0.681672149810262
0.22624290037468026	-0.06284001002703637	-0.6865389309627653	-0.6881348555641967
0.20000393521218632	0.01026593011888132	-0.700461370374746	-0.685015989004028
0.08433405704487877	-0.10466885449267396	-0.7562224092969047	-0.6403591690596202
0.07533349314104423	0.06768040927082777	0.6118093036978222	0.7844957634817968
0.10918703264186512	-0.031208610750594012	-0.7752377909171032	-0.6213779703625258
0.027250343587667265	-0.11177785144268913	-0.6938310267035737	-0.7108879216055616
0.038770101159187026	0.02752089012009625	-0.7811298933771861	-0.6225556758520878
0.2532443890541982	-0.06756101614382223	-0.7776885304957213	-0.5714047060058095
0.2609585760297529	-0.08559450293958845	-0.7236537902762217	-0.6331661665644389
0.0038309322336632996	0.09525048094491356	0.6319342278862772	0.769137049857669
0.05366637715659298	-0.09337309921744716	-0.7695172730037669	-0.6294795873213531
0.10604838423439268	0.09846559502807217	-0.7903383065518876	-0.5953348872640816
0.1171532472448744	-0.006347754165768776	-0.6848685298611378	-0.7191591753449831
0.040086530981882126	0.03567920798446047	0.742065983378655	0.6681752318544214
0.10313069610053044	0.028501257288652375	-0.6077263116463593	-0.786905628387228
0.18279088585607767	-0.046231533492673484	-0.6780517924744072	-0.7104195268157468
0.23122090959914463	-0.0602842870309654	-0.7327346791041648	-0.6371833219250399
0.015030665336401862	-0.05798132998141721	-0.6306831368908892	-0.7737254198451794
0.2158950928872724	-0.09865355959187457	-0.7186925782391339	-0.6535577725274446
0.12110985275202436	-0.031490856611926764	-0.6866125276263532	-0.7161731399757885
0.17314950890321576	0.024737063603071163	-0.6596759396837398	-0.7309137978265614
0.28380394362392675	-0.08807653649683023	-0.6198663652745823	-0.7262668479997608
0.00953696806106507	0.08573908881184686	0.7041081897679289	0.7048329674409723
0.20198249658817916	-0.11434218916733559	-0.6197174234062871	-0.7497194475102672
0.10372690448487748	0.04669265142610128	-0.7762380768058441	-0.6200927137981466
0.2741879216896519	-0.013595024720660941	-0.6604305980378175	-0.6989045600636504
0.13013591588807796	0.013845758294773743	-0.7245237449403876	-0.6767113722930699
0.05388419060581251	0.08557452143216612	0.7221051369302862	0.684352004821572
0.3158964739516099	-0.04398237239168908	-0.602763101970744	-0.7314038635161461
0.10510493738779383	-0.013339676958882827	-0.7042105666373998	-0.7020416533166481
0.24639956961858253	-0.08902770840319646	-0.7398200048622761	-0.6196996688992455
0.20439104825674578	-0.13824062581660396	-0.6527816983852027	-0.7162331205827279
0.12182912709747616	0.03185377704100987	-0.7933956722363399	-0.5955386704115316
0.015812255020134725	-0.14758516174465022	-0.7343500536803729	-0.6623432578985138
0.1256234241099638	-0.20909293814631244	-0.6510911226975166	-0.718734477033569
0.1857774767620868	-0.0284087927803751	-0.7869756070162579	-0.5876640737547825
0.13251331015557744	-0.11963802074601586	-0.7688082430631757	-0.6140528088216034
0.03032772459320091	-0.19749634760850876	-0.7725957774972021	-0.6026368611326325
0.09986719974712026	-0.045843649064721104	-0.6675363775151018	-0.7364238500680942
0.08245939584564076	-0.074009894478409	-0.774035113130162	-0.6233719814024721
0.03937061340026461	-0.053109495697934356	-0.6526248958978882	-0.754791415903406
0.12115345736969234	-0.11951379370689895	-0.7090128063570608	-0.6843530764911048
0.10965721933385357	-0.06348554773764925	-0.6370164125905089	-0.7603650238975596
0.10690425110225478	-0.19984794014612173	-0.6665109132741693	-0.7102080571227357
0.12854693976729914	0.05949199519399395	-0.7885221888316098	-0.5984723423053961
0.2570574557177372	-0.11025952545478321	-0.6017910339005393	-0.7480720907929459
0.05283582949675461	-0.10548391952893751	-0.7710296709867761	-0.6257753305302363
0.169689120154605	-0.024567428565874266	-0.801214687692231	-0.5732862009337547
0.20419405076041547	0.07536606211545815	-0.6164917889645217	-0.7566786771507344
0.08361940361651167	-0.027882027550362204	-0.7706234699293368	-0.6311654739230976
0.019702646669640653	0.01854933136991208	0.6193368743112757	0.7846588839351019
0.01679773725266213	-0.024312022075859537	-0.6193151042546965	-0.7845862369732011
0.024903882082133903	-0.06870474961093448	-0.6952235416805718	-0.7150690044542974
0.19125126810963958	-0.16923383536758557	-0.6325710245620656	-0.731188594206536
0.17015558167646314	-0.19529743244068426	-0.6518113285014486	-0.7127748473000416
0.045406208557886595	0.06723746236579131	0.7685376474834812	0.6346394915852329
0.05617009293602872	-0.13762762900555173	-0.7258488481468804	-0.671600332070879
0.006850192787831888	-0.10730573880117562	-0.6346119008988437	-0.765314503009488
0.16430004678353116	-0.018764779252171786	-0.7959746009866078	-0.5823038830977838
0.16401237945747715	-0.18866603071005428	-0.7105682932515307	-0.6577216499906446
0.21440069334326223	0.007886109947770887	-0.634406047337715	-0.7426298668011926
0.17872840329897044	-0.19003024828506757	-0.7661603144945385	-0.5873185124653794
0.17926674764179013	0.005336507234971345	-0.7085697262523962	-0.6824689721291878
0.05064017607941788	0.05013978938468234	-0.7643297314994267	-0.6408756787654837
0.18624285802465337	-0.08771309460988248	-0.6588218438142898	-0.7235839888927244
0.2674817306846084	-0.033312307131812234	-0.6494975156634047	-0.7109829752466565
0.23085612294677804	-0.09626627425039166	-0.7001512678319347	-0.6687499211912213
0.2543471327569587	-0.10336379598986861	-0.6026105489945678	-0.7493223525141529
0.20573741191212094	-0.022531094880174213	-0.6463594932159702	-0.7344275816122356
0.04464216384381029	0.0455275637594922	-0.7889036361039385	-0.6111999436252038
0.1939294983463038	0.00882552272069035	-0.6055620608796294	-0.771756470813866
0.01160259699982324	0.02098672036244095	-0.7960789145263911	-0.6047175366712721
0.1659018694461015	-0.08257941208900448	-0.6485295180199279	-0.738286309415367
0.12408382843438977	-0.2323539068886649	-0.6310175492444274	-0.7296791884247454
0.26094308624445645	-0.02091570525909321	-0.6152496507686301	-0.7435987535249179
0.14121822528549308	-0.20397659549189096	-0.6126315692590286	-0.7504222289391308
0.28196898547738714	-0.04469843360603379	-0.7149735476912012	-0.6382071508247754
0.1409682205186123	0.10740963663934805	-0.7547685091816789	-0.6315976791506479
0.07956467659443212	-0.20870164730818933	-0.7121221165056071	-0.6655788276626939
0.2604154608704875	-0.0018925030572008205	-0.7311105093305658	-0.6306010064360752
0.19700640212619877	-0.12988009334372994	-0.5844403496812381	-0.7763691882981876
0.030530420494060708	0.03991558032703539	0.7296070454396207	0.6820177410569896
0.08273656296383564	0.012971933234938095	-0.657253962878479	-0.749001747913591
0.24099517621008507	-0.06478385600399608	-0.7268139159182954	-0.6398952325750181
0.1227002905908811	-0.1505359343742825	-0.5998425627579052	-0.7761910016580994
0.22849591784896967	-0.10797004768461697	-0.7267701395299102	-0.6386996544675856
0.09617797986748251	-0.1824731556247598	-0.7660204246107511	-0.608823498843562
0.2656897904282231	-0.02061206814106011	-0.7514140991515621	-0.6036231684630748
0.11214241040155573	-0.22615798028264605	-0.7307597322649659	-0.6342451114859605
0.0003252068478348202	0.0008135645986990206	-0.7207051224751924	-0.693241198134652
0.25540785685735434	0.007576697806525402	-0.6255879834395608	-0.737122171204954
0.23412629431390905	-0.10204176156488534	-0.6284938717640383	-0.7346889208111285
0.11048477713964991	0.060037164543458386	-0.5959424448321607	-0.7931212110021082
0.20705171184881715	0.07253409084368362	-0.5892090078360586	-0.7776253206852269
0.13083639940146086	-0.07951757340452263	-0.7140989705006356	-0.6830969568380832
0.19273075469206027	0.07966024549783492	-0.6893753092438165	-0.6937368265329771
0.03553966787263032	0.052399463887719266	-0.7371694247873127	-0.672735064754711
0.1455679095218464	0.005077368644689052	-0.657945552796916	-0.7388449455737287
0.20274014938243567	-0.07124109503466688	-0.7610386298024553	-0.6120795227378961
0.14376272684563432	0.06211349018176967	-0.6840860308122858	-0.7123906899692325
0.0057175939899568535	0.07271891444710533	0.6501281532909257	0.756315180926002
0.06193267427646447	-0.14583129780603885	-0.5907305404985155	-0.7911605431007689
0.11400698602828714	-0.012225492407528392	-0.6527929049787551	-0.7488086322162274
0.21456419565167606	-0.0013543408388735335	-0.7818419167870322	-0.5853918250710551
0.03535799463919556	0.08807687249137916	0.6020053883988568	0.7928315010681485
0.20467141053850743	-0.18359867921258569	-0.6608809493838987	-0.6983104678013988
0.21311943097536398	-0.026974103192853423	-0.7054021809622595	-0.6754704057109875
0.029400737176613376	-0.06784949334845952	-0.6432319053105829	-0.7620923558836856
0.08528386074919918	-0.12844598637649135	-0.6358871663257797	-0.7562247042920851
0.10774274804590829	-0.12409168311311747	-0.6649123583408715	-0.7286180825036186
0.1795926250690388	-0.05943690720557537	-0.6081743082695834	-0.7709330410894717
0.1427736383197006	-0.017553555341668556	-0.7642129059803948	-0.6287178979708009
0.12696154131162074	-0.1979951284680237	-0.6295356539886973	-0.7405157368265252
0.21493572358239507	0.013851159401835067	-0.5984753010848228	-0.7716463530029595
0.19537824249327246	-0.0009868753452554383	-0.6800965752544581	-0.7066081069195641
0.14446185335805894	0.0839312280715791	-0.7324154442470333	-0.6600408615435656
0.05838749179960188	0.08438695662712663	-0.7582804958065942	-0.6438015470871972
0.12323082906394953	-0.16394078999193834	-0.5785056085133714	-0.7894737747788743
0.27686426458531904	-0.06665747323294861	-0.5990791270728736	-0.7483362611576649
0.01591133863814783	0.00916898096477149	-0.7063675303378886	-0.7076070033395389
0.13149307847573502	0.021628685555668367	-0.7309456951774334	-0.6692982601020915
0.00041291204092036387	-0.14396764250087482	-0.7765186283993488	-0.6134264154445754
0.18446598230540298	-0.11784274171360085	-0.758482886175173	-0.6138314923306752
0.18932597308721086	-0.15510645470980086	-0.6562104580474719	-0.7137825287656349
0.13518957242455426	0.12339693596372282	-0.7297382866163876	-0.6587708317378738
0.2112821152564423	-0.049661795233513974	-0.6504538911506793	-0.7278758887021112
0.11010848029451104	-0.1671229368668606	-0.7419434480873413	-0.6398952776669751
0.07810487043631412	-0.12320654202697247	-0.777695696976689	-0.61148113635649
0.17503711452126153	0.09497290312156978	-0.711243095112069	-0.6741479183889365
0.19835685633533234	-0.11467783115904708	-0.6894179374750674	-0.6871728021924657
0.1999877783515616	0.021625820880592606	-0.6415387862635871	-0.7402467143464339
0.038021392053399224	-0.07708483097969766	-0.6463242396443043	-0.7582066208015894
0.1937019732991091	-0.11915316100775632	-0.7400311453486237	-0.6329581136820154
0.11132697951850143	-0.0197399880936746	-0.7990168590601137	-0.5905833518133231
0.17967914674376823	-0.024815634777940836	-0.6385101154528519	-0.747933433508882
0.1648890845196906	0.09569607093094003	-0.6377801014232976	-0.7462508921556658
0.06981550340884506	-0.0003550693746488547	-0.6373960566670727	-0.7673668851043643
0.055999208209857175	0.042627745651365685	0.6345782893147262	0.7696475548658277
0.18536487347651798	-0.1039103287100743	-0.7269255387941921	-0.6530097765862104
0.04466890652880595	0.05216523973422736	0.7611376164857561	0.6449441877584243
0.021297991499773	-0.07960298268398357	-0.7684526082841721	-0.6345788757334598
0.2362908447167026	-0.13673695586779647	-0.7271904678246678	-0.6298124046952522
0.07764911235856775	-0.08121570826228858	-0.7012092454815628	-0.7040456079918108
0.06579502814595313	-0.050402019554387056	-0.803063143932696	-0.590101887433896
0.1510306688515231	-0.2376962234178667	-0.7529164641643584	-0.5948168124972473
0.037992107794143595	-0.15169494124422614	-0.6330756248884847	-0.7581296048290976
0.11579190294474548	-0.08950575997111719	-0.6310297606942542	-0.7618283240091429
0.1213056909605733	0.09385284357139181	-0.7503000970735777	-0.6430601351549647
0.035431109487430446	-0.06476083645131131	-0.740878063990855	-0.6675704942848949
0.2102789897838502	-0.0844425489874865	-0.5947022594769422	-0.7713503905158791
0.23861653773461927	0.015640816741224816	-0.6292607743007937	-0.7394919814964702
0.15534906986751357	0.04453251044128201	-0.7136621880167118	-0.681593576407741
0.07484263355186979	-0.13321155171963814	-0.6083716583158266	-0.778804974335371
0.28191362930552605	-0.026360935897458446	-0.5941477232977143	-0.7528733555987615
0.049855128053905386	-0.04873554464076663	-0.7846215309841951	-0.6160425034129661
0.03199297154882483	0.04357660917893803	-0.7051988198967843	-0.7069456508955443
0.147937413518543	0.04497002447860531	-0.7775171751545321	-0.60955661010242
0.21277959255114448	-0.10369305623160172	-0.7887531298790224	-0.5673104046191688
0.021529307746755502	0.0185600348586957	-0.6219670136922129	-0.7825273464185006
0.2336594203821543	0.007558083982426156	-0.6319674117859274	-0.7388933218494984
0.06261095711825228	-0.03934645029767213	-0.7339745974329996	-0.6751392561692553
0.002831541540344167	-0.0462834854548097	-0.7760037510782358	-0.6290214620020268
0.17451814868705345	-0.15562978558387877	-0.7175631911836111	-0.6560684813922643
0.22713092872653512	-0.1281558674356587	-0.6577493851041373	-0.7066493906123211
0.04988328253455169	0.07340067574935485	0.6960019557633298	0.712534403728505
0.021513132249297497	-0.1282182119588962	-0.7535565105002286	-0.6443988367041072
0.0026811375656448032	0.04787368288578731	0.7550874624157639	0.6538683706150862
0.17285224540006938	-0.1083737017654359	-0.7318748371227671	-0.6501818705657163
0.0748614310234618	0.03784336470386664	-0.7859609120724141	-0.6125594588179245
0.010298643965160493	0.019965563087424008	0.7631662003604365	0.6458116326379504
0.19863412124361876	-0.1504214007101214	-0.6608711677308978	-0.7079316264641522
0.01703028112741609	0.028909936911589502	0.6062904441775935	0.7945351360206957
0.0923515063082798	-0.00736555486831794	-0.7684641789078801	-0.6331506563366347
0.09832306066731243	-0.2106914567809177	-0.7483613531948702	-0.621206061484343
0.1454816994415617	0.1222109412728199	-0.7548016994429023	-0.6278327448285197
0.2709303360401696	-0.04948889209033995	-0.67188300988661	-0.6875469610132394
0.11399795980368732	-0.025240404586097172	-0.7622282341033692	-0.636691060305221
0.04470974258148407	-0.07511455807691456	-0.7934027886962286	-0.6023876301620534
0.0017361698406405338	-0.14901050050878378	-0.7713600656370254	-0.6187055079703508
0.030090815260525056	-0.00761707259458091	-0.6784241456484502	-0.7340144423941645
0.21416468511983508	-0.04415724658765875	-0.7161571586448224	-0.662799026359494
0.15651679293157733	-0.04590825789002149	-0.7572672815615531	-0.6324090366719094
0.023203748858794903	-0.11252260417079643	-0.7782796716675595	-0.6173175862216758
0.13534517175856742	-0.24198531024920347	-0.7249493568352651	-0.6305340784837693
0.20362744162223909	-0.121164215088481	-0.6696064344713966	-0.7039050510650404
0.09039406020954098	0.11120714919940121	-0.7915063310158418	-0.5941208730617169
0.017211160633858455	-0.04341161215321411	-0.7801179613965682	-0.6238871485984921
0.06704999449536436	0.06390774254379687	-0.7835029378777622	-0.6144454776609907
0.07936129915222694	-0.1605598385493385	-0.7203539107069389	-0.67008399904124
0.2662090945919351	-0.0559387626666685	-0.7301657013754318	-0.6267867430975131
0.20899994519932652	-0.024259399888721712	-0.7351825807663145	-0.6443889177829636
0.06386166156495941	0.05405731854510479	0.7599595718072704	0.6445625987539038
0.03635113964095009	-0.18811348610421808	-0.728549609860957	-0.6576529304762275
0.17740071106450933	-0.08613004940698538	-0.763851674156207	-0.6145252006156594
0.15712334976720033	0.07873701119539593	-0.7101912376284023	-0.6817192545482256
0.05814143473777265	-0.04913518618283779	-0.6307915787233553	-0.7722093571416421
0.04940588178486399	0.00996268137906024	-0.6119331627869644	-0.7893019752327634
0.07379236517429766	-0.03902414125839126	-0.745377236800516	-0.6613959314213051
0.2189141186647959	-0.0314846709103682	-0.6901604807119773	-0.689031084211949
0.15222180309996058	-0.20295956734275183	-0.69352853191428	-0.674280440251579
0.22978519822629798	-0.1372307633555512	-0.7103007685034228	-0.651029414487856
0.25048765129969847	-0.04252357363794617	-0.7898771780936199	-0.5581592297528356
0.004465795902862828	-0.08396026809369221	-0.7129877177178551	-0.6961172634205199
0.23415083485458552	0.010143527077794508	-0.7086104690161276	-0.6655386529692069
0.07024138249829794	-0.10948179712275244	-0.6555844714537411	-0.74383390960094
0.06061451458310221	-0.04135829177567176	-0.6343504540322698	-0.7695549842553854
0.13387032526121448	-0.0721992033584361	-0.6211428200928442	-0.7687962071290235
0.07427915995571956	0.07180490414486929	-0.7446370378284537	-0.6594257684008753
0.26346497622226006	-0.08762755184091765	-0.7297872867715867	-0.6247544593911573
0.00618151469149202	-0.16444479154542063	-0.7653008828021682	-0.6222814943350992
0.05693534163873727	0.06944538326127914	0.6478763927678398	0.7564336622006624
0.17882704042731012	0.03154875744745455	-0.7342257061650421	-0.6541698387437135
0.09520361001195064	-0.024174668534717236	-0.7416774633858123	-0.6635257329957264
0.08158426595636364	-0.17014069467158516	-0.5734094032133031	-0.7972438823042767
0.0928572599222914	-0.11194684768852609	-0.7068852667543191	-0.6922128662615288
0.2881901374276749	-0.09190791125536463	-0.6320243391547741	-0.7134736261797383
0.02654361176068826	-0.07689067811113622	-0.7617591126125424	-0.6427334709240367
0.12625295610437906	0.14294070452246416	-0.737915348456339	-0.6473863487733481
0.19801926140375659	0.06525830415519601	-0.7335276298102302	-0.6468902087347469
0.023627836562301312	-0.02582723751114991	-0.7312790309776088	-0.6811796077352708
0.1385259998384617	0.07096066198411187	-0.7167611699284261	-0.6797268253514532
0.10702187000168631	-0.03713940337034303	-0.6447853578844474	-0.7559225002051879
0.009363245032250946	-0.06118946409089456	-0.7954951006087494	-0.6027899501768512
0.2664777911524847	-0.1266249806819971	-0.6297050455077347	-0.7186287335974524
0.09547962685269419	-0.12439520534660739	-0.6306561370981595	-0.7600541497046596
0.03534199716805576	-0.1235510412294306	-0.7529279560542288	-0.6454344090915033
0.06855901380782253	-0.043317172931838475	-0.5945384269211454	-0.7999670887411693
0.12852216380893378	0.07772919414419922	-0.7023338497233237	-0.695821377452848
0.1696678390035506	-0.0663588844646473	-0.7267803275745217	-0.6622685847231046
0.1301985970914202	-0.17312611087459345	-0.6941174971126729	-0.6864958668855208
0.04758570844224194	0.07070393361797794	-0.7194403797864279	-0.6893055157589809
0.16733775714672253	-0.02435392963721538	-0.5972321936736688	-0.7840399658079092
0.07203813260198667	-0.12898019978621159	-0.6595977687696031	-0.736956850126579
0.12850984794472586	0.09704156223666154	-0.6951736198006522	-0.7005724748469282
0.23672956048933214	0.00815789343721318	-0.7148532488461468	-0.6579341886384259
0.13206491071854976	0.06197386718744991	-0.6288607152324084	-0.763709565201404
0.11110975294462974	-0.006998753611643157	-0.7335493244406488	-0.6704558366224689
0.02356184452598215	0.04883639836459322	-0.7751229849017199	-0.6294793117762936
0.19716596301010858	0.07829213605268386	-0.6627279710429359	-0.7181835147508734
0.022585240592863647	-0.09463375842094572	-0.7527377301252938	-0.6510915974886397
0.013322785929377653	-0.0991187236665549	-0.6983073629501246	-0.708776981033834
0.11442947261619323	-0.19167828811388343	-0.7657938153354841	-0.6030963124215183
0.28045403808674246	-0.04155379533125758	-0.6542376853209425	-0.7011361249574175
0.011440267584145975	-0.018910190998625464	-0.6550276757714163	-0.7552815825422298
0.15123388099397597	-0.0712068758408656	-0.6798849629430104	-0.7140128368849294
0.3341641722390915	-0.03637370081752479	-0.6087033954507347	-0.7186733863497009
0.10425782341018461	-0.19559601542799382	-0.7579708752001922	-0.6134758816406047
0.03854594072049146	-0.16140303231255232	-0.737438022782735	-0.6547124820626044
0.28235974123549135	-0.09254424274830979	-0.6938663707618381	-0.6559405454683861
0.17538555342480117	-0.05214558197825259	-0.7255178336944089	-0.6634339597287717
0.06736698183184732	-0.22113541012386145	-0.7006836010902727	-0.6749839341135363
0.20661239037480028	-0.0469450302680128	-0.7098834999926079	-0.6716940529102454
0.19589439391045277	0.01401466314946934	-0.7795336202998706	-0.5947741676245197
0.14267697956578923	0.031204699959201044	-0.6909176204418478	-0.7080271096260471
0.1381348388401152	0.1254345433184247	-0.6522089955180668	-0.7347165220725801
0.1416836344451821	-0.07187612603608028	-0.7152563341725959	-0.6805644324106495
0.046121540906629295	-0.10892777896836282	-0.6788669452392813	-0.7246704168757714
0.0034562953012671743	0.03490999986081953	0.7899535721928217	0.6121623148416673
0.2817232139986408	-0.1085186211632924	-0.6730784828614791	-0.675145240273516
0.09628569381315823	-0.18981803368069014	-0.7068982464956153	-0.6745317252419928
0.2282414564624885	-0.1170048504919383	-0.6753520111715545	-0.6914588661083014
0.09795659113848432	-0.14416692825704994	-0.75468749264772	-0.6325086493405068
0.15860450645980065	0.09291306942102186	-0.7537623809029608	-0.6309152440676222
0.1529911600028075	-0.171957084225635	-0.7182838260020901	-0.6565765846033594
0.029336775282424017	-0.041049421303953136	-0.7794047536896308	-0.6244858113301255
0.19300521465360293	-0.10589351993242059	-0.7209540131394161	-0.657085124235064
0.1524864967172448	-0.1348151259045575	-0.5977731479769159	-0.7753966815146994
0.14476964708358978	0.00970337606051898	-0.6825904335334927	-0.7162526745673481
0.2717308958144856	0.00742651076961765	-0.637080742022481	-0.7212733846065102
0.25723013079157486	-0.022151637616716388	-0.7628803789278004	-0.5927524712819194
0.005637466724609835	0.013589409413534419	-0.7833229561821509	-0.6214408203833864
0.09124393595302412	-0.12692471909310288	-0.7049253844527554	-0.6918416453127639
0.04090210605071511	-0.011551744008996428	-0.7186521167768533	-0.6940696722830603
0.07174088452461233	0.07273801858170598	-0.6486168806445904	-0.7542271330861245
0.11240102163499406	0.04300709977253859	-0.665782935288234	-0.7363759113275962
0.21673915760491033	-0.11455055846244405	-0.796555606902995	-0.5526314072038045
0.022993746211581068	0.0374383971821353	-0.7813517096120984	-0.6225424964914774
0.197696840582939	-0.07810521085027021	-0.7412478293277777	-0.6366845300291321
0.1809449511561493	-0.19184366124265118	-0.7707083689967434	-0.5800547769396378
0.22633727539085338	-0.11159476613228239	-0.6462008870518774	-0.7202377798434992
0.1751567802832019	0.08355994759675381	-0.7560206373749313	-0.6251164958163018
0.051818962926460106	0.033578527610979965	-0.6092916450025518	-0.7905384044401569
0.19808872159696617	-0.08578971824448285	-0.6270105316831963	-0.7485043592244253
0.07529701047264187	-0.021443341164062973	-0.6650137007726128	-0.7427161780372892
0.012704698426279287	-0.02229642108689276	-0.7674380436441547	-0.6406093266666086
0.19935697038813893	-0.07490266057617045	-0.7446387548595692	-0.6325816267940954
0.02403465784702451	0.058016592601441146	0.6879317755684323	0.7230534436460138
0.14342279064270305	-0.07705120980119065	-0.7931762014379853	-0.586825806917897
0.060098048519575634	-0.06642206793875459	-0.6041872586444946	-0.7917916960580786
0.09927066749395276	0.06567768020219923	-0.7731560595583916	-0.6229458118221066
0.023172709166129343	0.060771702453963586	0.7953117505628035	0.6027014560688219
0.14633883705753192	-0.19889600615916153	-0.6080259817854207	-0.7545394151245243
0.2584308940874891	0.023041386096443458	-0.6041094256602979	-0.7534814990006594
0.14794336317531775	0.04982450565178926	-0.707939369170906	-0.6888048558966687
0.09966978248417845	-0.22099536020501137	-0.692932879872204	-0.6790220977401454
0.04185809856635151	0.05090524646089607	-0.6829940385836137	-0.7274446361933053
0.09878668003259815	-0.09025271943984327	-0.7062658405946407	-0.6951864504512407
0.11989014473852286	0.10464951705482788	-0.7302379096505455	-0.6644000504846226
0.23997936883036894	-0.0779117761155051	-0.7578220677355314	-0.6017020619304447
0.025527271430169713	0.06962293055043245	0.7399901395425836	0.668517463746945
0.10038927245582949	-0.26493071964840675	-0.735204823810543	-0.6157983231611426
0.07797433985791348	-0.24415729477229567	-0.7242701716107921	-0.6401093158579015
0.18581820092575824	0.012234510042622649	-0.7962232778231666	-0.5756304411871074
0.10519007104422695	-0.1164167650088791	-0.6901851167523638	-0.7064182121039234
0.09339344950539803	-0.14349581332769773	-0.7620896887584695	-0.6244244721621056
0.17000288841511244	-0.108038466220972	-0.7648535533803288	-0.6119033825928921
0.17512262921309307	-0.09790914767026035	-0.771511378281982	-0.6037516515268617
0.16178467314017517	-0.19604931948958138	-0.634681077933871	-0.7297741521712716
0.04270650258329745	0.07058970305793164	-0.7878980955388102	-0.610253913961731
0.034324169229208834	-0.06683680825152137	-0.6676523116684192	-0.7406720483407553
0.07392208604589715	-0.23832887110756876	-0.7343737792091475	-0.6312131389643986
0.11996700666749384	0.03287694396659115	-0.7709500892927695	-0.6246302775931772
0.016779436070561173	0.037550737325829864	-0.6467443725561823	-0.7615970780001394
0.008718771220163983	-0.02054567165088895	-0.7323683843754897	-0.6805427304527317
0.014110199484913767	0.12223067294544714	0.7579165577083742	0.6406426901271003
0.06074953151573818	-0.21341358039343375	-0.7585252267231484	-0.6127019002327886
0.20917359318405648	0.03869429181013799	-0.6647188469044376	-0.7161689844344122
0.14204623239384018	0.11848784862499713	-0.7070876765175085	-0.6825031247606168
0.23162407920217185	0.0004583067370322412	-0.7667000685776868	-0.5987662989277629
0.05431101638747061	-0.03204481396765149	-0.7460971385342521	-0.6628442526474372
0.19704062206967043	-0.03787845881189895	-0.689192219892929	-0.6962429889424303
0.10483175414726512	-0.020001796323435735	-0.6625854211825133	-0.7413439087917528
0.08365835063591974	-0.028337810415062437	-0.7533596729688188	-0.6516497924606989
0.08579003374651785	-0.027902494356351382	-0.7621410147148426	-0.6410948405718885
0.09045591977663513	0.035822834130592146	-0.6013478059696432	-0.7930417816153896
0.07216242645493266	0.019432326574103438	-0.6906915525133037	-0.7192775181936496
0.14215618434755461	-0.13591628404685657	-0.7120433971563914	-0.6740271385846596
0.21680779722803728	-0.12201486285440893	-0.737803586368933	-0.6274971077581846
0.0012639383813240414	-0.033816313429714064	-0.8016375019748386	-0.5968518868474256
0.09513312785581934	0.13629413849468094	-0.7598973718803561	-0.6284342288622484
0.059691899004570406	0.08508233576826214	-0.7146331435321231	-0.6917350240510023
0.050559125865283036	-0.14735849756418176	-0.6669350652501764	-0.728647285541577
0.17716972506682138	-0.035332810051080854	-0.6138273774717348	-0.7684910095243883
0.12116013401082172	0.07702077533907822	-0.7241455145530566	-0.6745378387053879
0.14008614522364343	-0.24999213190811284	-0.7211509183972801	-0.6307306547133861
0.1858955452904201	-0.12374155248257783	-0.7863424358857437	-0.576017749688023
0.06467052649656305	0.06225556824958801	-0.6317895359443795	-0.769924638841857
0.13790478603192377	-0.10503719017206084	-0.6431741353765102	-0.7458394534032953
0.1019372248982197	0.06306466654919228	-0.7442656573757465	-0.6570390256781837
0.05164207069272694	-0.10702293530937212	-0.6774647000632187	-0.7258930830505184
0.10880749049392567	-0.07821618195819487	-0.6464213976548574	-0.7511208528234571
0.15058987607473528	-0.2110792644425257	-0.740416836571395	-0.6201218763015915
0.2917500899301771	-0.056132159456540126	-0.6352433761532753	-0.7128793157006784
0.2551289785291664	-0.05882706188548527	-0.7341360910247179	-0.6264924428590761
0.127342464704867	0.05096668412027918	-0.6283991939581619	-0.7657027796902698
0.022986874258616483	-0.040300691011070124	-0.6019714752931623	-0.7971686150678677
0.08496160595808794	-0.09486905735833676	-0.78640492051881	-0.6044408064093353
0.07092162497111891	0.05965274283455337	-0.7452627820776512	-0.6602992193192796
0.08290180528251141	0.0922141979899249	-0.6506383617101766	-0.7491952713686019
0.16928613140763366	-0.09468204802095657	-0.7706311458145111	-0.6070462524356842
0.21069719405820286	-0.10355185817361971	-0.6984056605783286	-0.6761015000404444
0.011387651075205132	-0.04571176559981099	-0.7999233416040288	-0.5982502849525286
0.15702484383267423	0.0731027036025677	-0.7871187309583946	-0.5919825136942524
0.0400734143128162	0.07010474080828855	-0.7917966185070522	-0.6054234565180916
0.02038180228305557	-0.003980543877110705	0.6349905029525967	0.7722407646363568
0.12307988582971577	0.12606468795152687	-0.7840074935110416	-0.5952237279161192
0.04777239883744057	-0.14738919005428014	-0.7386704364921907	-0.6560184531069962
0.21488740372627643	-0.004753189189889071	-0.6331742916398975	-0.74356649152488
0.10755684606793806	-0.1519861458759389	-0.7585936475102857	-0.6243936372855958
0.10746408203220031	-0.19756834254089936	-0.7275805946395428	-0.6481085552610671
0.087637448546431	-0.251952161665672	-0.7354284217536456	-0.622884276829339
0.06737070771503834	-0.09158954558293267	-0.6143645480291049	-0.7807872597621457
0.1623290694567466	-0.01088658922726424	-0.6600696591550471	-0.7333749385186566
0.16633802153344365	-0.18768034291799363	-0.7779999049747826	-0.5760415777821539
0.02593372957649686	-0.08336437168606055	-0.6585588908195966	-0.7474476640716085
0.016448406834276924	0.017387672638068948	-0.755095686986396	-0.6551775501704772
0.2150076625798864	-0.16492337309153127	-0.74828631891942	-0.6055076968611295
0.031128694344597724	0.045149452008469794	0.7847286902333391	0.6174086281356972
0.14419199812611774	-0.0324875668703706	-0.6989470251789832	-0.6997330074168938
0.13934090321940587	-0.007204367491320478	-0.6341212052174184	-0.7605409304387626
0.02590801450290716	0.010836411807448244	0.604516639686419	0.7960973428582064
0.006511352348591952	0.07722527143914373	0.7047592777009336	0.7052008368090621
0.1679033056087544	-0.08291310677483903	-0.7978501535776591	-0.5730349283653685
0.18425566599226165	-0.08625120434923488	-0.7573288654551031	-0.6205349054215571
0.09160417628454963	-0.18670255213859382	-0.760043419896087	-0.6156986533888353
0.24078883727678926	-0.03211804658907176	-0.6649177944707239	-0.7063097716458285
0.06260289646321855	-0.05447964825845877	-0.6109606047131919	-0.7872991710706553
0.3271003737518087	-0.07445921658043944	-0.6308872703232673	-0.6996016171377186
0.06321473158410797	0.06261111086461776	-0.7341208698867492	-0.6731643892124497
0.2637919464857133	0.018974552868509117	-0.6438133167678425	-0.7180238077286215
0.12267189863954313	0.03139681777662789	-0.6265062080925805	-0.7690616466442252
0.2201141120497072	-0.054223523564499304	-0.6544185405459613	-0.7213500959717917
0.18352894017123225	-0.018674011831597975	-0.728908690097011	-0.659287896827173
0.19584391030983445	-0.1668250097270288	-0.613820924508699	-0.7463500864603798
0.14688552743534591	-0.17628183185853713	-0.750617978553045	-0.6196144025598332
0.0731384854641744	0.028700133504414728	-0.7252351005459481	-0.6840037377214719
0.13789155547355997	0.10231435213709433	-0.6717267033689827	-0.7206253730315688
0.08300081198735126	-0.21887984579446432	-0.6816778177263793	-0.6931939347211811
0.09240415789223919	0.01952187654167844	-0.7743700249812573	-0.62564481325353
0.020704058482725395	-0.12174491505364883	-0.753247294359185	-0.646040270541621
0.16258711070942333	-0.0050849694395010145	-0.6256902630420726	-0.7629228461982921
0.03356487564215251	0.006855175474291224	-0.6473906065854014	-0.7613880798891782
0.045697853486730104	-0.01541825962988535	-0.6468941761887907	-0.7610531573219551
0.07586453451699245	0.0578570302448768	-0.7522034331510452	-0.6519870639894204
0.12320319682367649	0.01992181318547785	-0.6761041911456446	-0.7261592224623489
0.16849410362024217	-0.10009462939586088	-0.5936105728463228	-0.7805237280290566
0.07179831848975077	0.04711430613735225	0.6357440540416327	0.7671080376126623
0.024017163210891423	0.06667251299323296	0.741548244561895	0.6671462754671126
0.21912683103106914	0.04672669765280123	-0.6340190307144609	-0.7401485772063882
0.169860470249124	-0.03467401186769064	-0.6302596234780037	-0.7567813029938774
0.10137616357612822	-0.1853675296186571	-0.564050242144409	-0.7982537671433164
0.2054286601512252	-0.0901974560830495	-0.7106469043488134	-0.6668166628422443
0.06728788266471016	-0.12343090587505894	-0.7508025115454278	-0.6453934776385954
0.0767327151428355	-0.03292524459150418	-0.7376889360091212	-0.6699575004320265
0.1541258361344792	-0.1988812509052217	-0.6645313408434426	-0.7036260169372919
0.10613705873898145	-0.037987351643771206	-0.604349454591953	-0.7887037609975874
0.15862185996347625	0.05292087195519045	-0.7994060215364129	-0.5770515571286103
0.05636307628306004	0.023063070853413734	-0.655187157569894	-0.7530080258205774
0.2780935622747015	-0.04821628553074102	-0.686621911795307	-0.6699921720987064
0.17447677069588424	-0.04061650157217536	-0.7951819274217585	-0.5793046336681509
0.03256956192575248	0.06336351893938574	0.7348440846206522	0.6744838466572928
0.14104593685752845	-0.0069854065837348395	-0.757802056305692	-0.6370190666296471
0.011443380764753881	-0.09662357186724874	-0.6765084290629787	-0.7299789584659466
0.1315274333809611	-0.23407390069536477	-0.7281549811081968	-0.6306348125252799
0.05394935838198111	-0.07025743621199787	-0.7333533452290657	-0.6740520977108732
0.15172620685302762	-0.07697458212295755	-0.6036536720085414	-0.7788814519113886
0.08488836267523123	-0.14185870928997107	-0.7134434491974004	-0.6809320944692049
0.10514443631481762	-0.19589544076544207	-0.6961752311137206	-0.6825757623759505
0.04274293565577501	0.022208611305085623	0.6306512894712986	0.7745700550134986
0.074240232909332	-0.17103755263780765	-0.6295344013129055	-0.7542685072100246
0.08119737870226994	-0.09977167163908951	-0.6416563142919832	-0.7561281462552822
0.14661311158531665	-0.07689595870816605	-0.6197521510620503	-0.7671368054653518
0.003965979919269957	-0.07848704876504799	-0.5967946802218168	-0.7985362633208165
0.08481907769639055	-0.0712233408469954	-0.7943400272532315	-0.5972912864596819
0.10782943889574509	-0.0038704141056630755	-0.611609485952191	-0.7837676114100252
0.07075556908006904	0.05211878683310197	-0.7429896176698394	-0.6635086356167696
0.20213891719669683	-0.07901950480945184	-0.648631175190728	-0.7295021415903528
0.15230496839947777	0.021957723096778414	-0.6114240433581961	-0.7761969429215461
0.1597186771114842	-0.07665882068606428	-0.6933444062233465	-0.6984890147680021
0.021924021902038668	0.0105498020510195	-0.6183239479570017	-0.7855466468155727
0.1968803060879764	-0.16797331523423786	-0.7211561006215431	-0.6426172958925513
0.014848347443040817	-0.1174278157654512	-0.7828137053268727	-0.6108951934785362
0.033190214893601716	-0.01744029258573714	-0.643640443010996	-0.7644090697724937
0.1585196806597944	0.049782390772926774	-0.7379870378924749	-0.6540400265390027
0.22179680742079505	-0.16690093588125815	-0.6753686071935656	-0.6832477575794349
0.013120575612673897	0.04112016941487674	-0.7359699012220204	-0.6756369488550292
0.22311698401410118	-0.09639361126571984	-0.6869295469526142	-0.6848758140532347
0.06932362671494419	-0.08105462424164084	-0.7169390200802453	-0.6889287511452189
0.028107681374227967	-2.4728686628841598e-05	0.6541869775293194	0.7558103969034237
0.15921365575534213	-0.1329142497183351	-0.6207169754351107	-0.7561053170356097
0.2132770127218193	0.04054752537007485	-0.7210717620990801	-0.6579698533627112
0.09460956345988143	0.044405489224272725	-0.7788220358791809	-0.6184766927360251
0.15147141631222405	0.0642661789430469	-0.7439941300679566	-0.6476102243702254
0.1250604344591101	-0.11900448310483566	-0.7434930203465242	-0.6460773556083299
0.09500168178941687	-0.10738650058021819	-0.7252763797810067	-0.6733624528306238
0.21984698877302647	-0.0836960946848694	-0.7878110203018663	-0.5692240872915222
0.002694664871375866	-0.08801619289456915	-0.7815637732267648	-0.6175791098710505
0.09539927955393047	-0.1254462449828368	-0.6767222908682535	-0.7191725510072808
0.05881054935715976	-0.20171381026083962	-0.7294409343241246	-0.6509752540355979
0.19890609794134895	0.025873923177070192	-0.729418599752719	-0.6539995494157135
0.16732956417745554	-0.11505425169782933	-0.7427704859759193	-0.6380088880897601
0.13790576904306434	0.10889295928180219	-0.6197789741261195	-0.7648518454672563
0.2058714439210474	-0.040773130729536824	-0.617263851901376	-0.7582478734056901
0.02349471795617301	0.03454083364730791	-0.6257442563408233	-0.7789088872875819
0.04911402691939306	-0.09259012290270476	-0.7066067114150884	-0.6998012838540504
0.2851486288217773	-0.07799042593009255	-0.6544591414268065	-0.695910184684195
0.216871665027661	-0.11579351240673628	-0.7115520033042214	-0.6582190288850591
0.2840914900802919	-0.04274489673434364	-0.5938892589383868	-0.7515054538622746
0.24968992210991778	-0.1038959980082012	-0.7770510865867241	-0.5683767880807716
0.1255157920207044	0.009116665222392092	-0.644787847312147	-0.7539305699646389
0.12076059874813536	-0.16858969781689617	-0.6101522379414607	-0.7646624340943046
0.2186209136514531	-0.12247576884328139	-0.7897863911976624	-0.5598589451276312
0.2388190075540457	-0.09637510149123538	-0.7453693306290196	-0.614899896244179
0.21476153580863802	-0.07563009791217533	-0.6745809301698648	-0.7022094699433139
0.0005663540141079778	0.015517763141785332	0.7935986711168994	0.6082433949264863
0.2222362908669106	-0.07642108217100513	-0.800343512956562	-0.5515624266480449
0.08679208443431022	-0.21812302156985255	-0.6962482984635054	-0.678327198649338
0.2685391853767629	-0.11302009421996415	-0.6526688203185143	-0.6993829960784963
0.142841689280317	0.10656246412188317	-0.7003988592685639	-0.6911455208413869
0.10658587171218865	0.1229216094797504	-0.7771909115530569	-0.6078684206911797
0.12794136215086227	0.0853836924226758	-0.6765984359735896	-0.720107762322657
0.2156650217504773	-0.14114135220807	-0.6410029307264145	-0.7229681596656875
0.1745502307758649	0.08039904040243369	-0.6240649776417869	-0.7573711870142779
0.0171272234785225	0.015580031794979968	0.5979080889326109	0.8012302028843753
0.06823605586735419	-0.2147798902262483	-0.6858979889459097	-0.6919229640603243
0.07495636041219615	0.024007216248562124	-0.7606186467701302	-0.6444101735597659
0.01341745897592344	0.06573989663404918	0.7166977948046703	0.6941487655447475
0.0824688083578715	-0.20178577053220045	-0.6591238951660229	-0.7197479345437043
0.20441843912511168	-0.01549049381467965	-0.6022462450556829	-0.7715391154461066
0.2180018149950233	-0.05587077120336282	-0.6381913657709822	-0.7362509397205449
0.033268953035288304	0.03469494095247385	-0.6110393902839018	-0.7901394189367581
0.1475488790914365	-0.1461705463166927	-0.7367149562538754	-0.6435173446770419
0.25389235783981007	-0.09990714968733319	-0.6575077338041991	-0.7023110507884389
0.15020288244915064	-0.0864705340808531	-0.6021210409069474	-0.7793665331131898
0.11426651992205948	0.0622403431471231	-0.7213499306195373	-0.6802378846440549
0.22024793615829058	-0.11431434389173988	-0.7265942428881058	-0.6406901619351391
0.15585594698568758	-0.10133912213839379	-0.6392632187469189	-0.7461781578622783
0.229382296776392	-0.01682321099069955	-0.738882693811249	-0.6333664865492817
0.15055111312561362	-0.06494897121107636	-0.7415622081236362	-0.6505393800209627
0.09838017986710479	-0.1104981474830206	-0.767924665869202	-0.6232200310980153
0.17370954767711624	-0.12431605767242336	-0.6471099059582898	-0.731860150890354
0.030323459894460773	0.0182025537871371	-0.7204345671968003	-0.6926205232330431
0.06145098092757153	0.08085306601680499	0.7913275469922816	0.6028990562522882
0.20743361236027566	-0.05847409989443109	-0.671064334457947	-0.7093833484958719
0.12256895896856213	-0.13206839368013612	-0.5947022498473619	-0.7834947502789011
0.20328594897465752	-0.14048100793647214	-0.791897379342892	-0.5584249725330033
0.15255619010892382	-0.13350139131305108	-0.6962672941550169	-0.6885607035454322
0.0035676064319402293	0.07605253378201521	0.6310784874715958	0.7719735921262108
0.14273120425357405	-0.15732191789109914	-0.6197816775761301	-0.7554788478999982
0.037785178825310926	-0.14974880624305484	-0.7384574468504114	-0.6563750257902041
0.1549452859136321	-0.006755872753329343	-0.7031659038075101	-0.6939049129953262
0.1280720032062087	-0.16135187737360204	-0.7244175107804174	-0.6578619944467585
0.010002887585864486	0.056366161838908406	0.7677643934692022	0.6381697534045018
0.19305013946835137	0.013057141556733038	-0.6722012102726284	-0.7146374518688698
0.16638241672131485	-0.09608744998819743	-0.6039349803770422	-0.7735286890851056
0.14522557877589115	-0.04776436972300319	-0.6802089239084854	-0.7168988185856021
0.06590067501541859	0.052438971123614224	0.701561441061087	0.7076148668282062
0.20388991484991376	-0.0024045178618256418	-0.7584067531255251	-0.6190656812729534
0.1183332338216566	-0.09628839014164978	-0.7194391409776866	-0.6775936201932002
0.11235345143069161	0.008593974485300875	-0.6969789378632579	-0.7081830312349782
0.21124134533928265	-0.0024438740722211557	-0.7549062300321733	-0.6208765620937712
0.05946147555360689	-0.15331410423521954	-0.7669732537316889	-0.6202508737823481
0.01290086461757884	0.11368184314618439	0.7867512816659327	0.6065743375943443
0.01168857132748694	-0.13714206031588363	-0.7490875297178081	-0.6480148959814958
0.027867098595166253	-0.04554758145760555	-0.746393337181257	-0.6633595019675804
0.04880808576545296	0.031143691411054473	-0.7943967256592962	-0.6046335117333425
0.00020937467132107538	0.036263052727539984	0.6121343790000958	0.7899217994303575
0.028510656865512293	0.018994811359801765	-0.7274097962220099	-0.6853475964404899
0.11636230808055421	0.03861622646740106	-0.6669128310875301	-0.7349801875169154
0.04757707309676589	-0.01986486848699052	-0.7211647937840766	-0.690842347661107
0.1195675487042545	-0.11281760422519735	-0.6564909760278521	-0.736203360402369
0.1116588377069353	0.11068327067415654	-0.6987524634767076	-0.6978728482610856
0.12304628186495675	-0.1198869133786743	-0.6143976161594057	-0.770066432054653
0.17450167704133396	-0.10312997065673034	-0.6990340973337268	-0.6857584885562304
0.25711636735320953	-0.0704082201072871	-0.6093631578441657	-0.7467331504912579
0.14543605608697208	-0.05071189764320036	-0.785849446318779	-0.5989301334444287
0.2144021018389217	-0.11856819850580082	-0.7906035647231633	-0.5611767319456221
0.09996209613439243	-0.11012013684181535	-0.7844779696373393	-0.6020593408892816
0.21339380741401984	-0.13184806810334102	-0.74673570590083	-0.6160072689729837
0.015477199663494458	0.024495553112932743	-0.7056861471355795	-0.7079318370501562
0.20265426104966805	0.009018853985465881	-0.799840029468734	-0.5648945370692273
0.07267231364168275	-0.08219759420288825	-0.7689951023985471	-0.6297688646037294
0.26444723420952626	-0.06017386210929228	-0.7655143886815268	-0.5834676403703399
0.21244023893032304	-0.14853632820174686	-0.7632121692063757	-0.5918726965005808
0.17631697702837087	0.023970805911547505	-0.6897168556138554	-0.7018749056332361
0.11063722259234357	-0.013286029733163923	-0.684344917454595	-0.7205934501125064
0.1955748748273149	-0.06737730639747733	-0.6231061584475283	-0.7542874002816595
0.1663744521086611	-0.18600278894600383	-0.6643672741117879	-0.7045130440801814
0.018780495736563308	-0.11923367985126947	-0.67351551420192	-0.7292513110707017
0.12488966485633969	-0.17816959116929226	-0.7794634379484152	-0.5874477996352317
0.1420599175203947	0.010981924726185992	-0.6678874617693699	-0.7304962118824955
0.02940053844429039	-0.09356207614001354	-0.7104682416848745	-0.6968619833257939
0.11292287969701101	-0.15218778038762856	-0.6841369074340552	-0.7043039078609377
0.012429966975712447	0.0058940028021113675	-0.756380632894702	-0.6539870754332697
0.128893653497181	0.003705422042799615	-0.6288989664156682	-0.7667194962807048
0.19422385861723993	-0.021215968214946392	-0.5970005798761122	-0.7780856527813109
0.16699044327416884	-0.11910059976818876	-0.7740666620900436	-0.59895746228821
0.154884651073758	-0.21899560585030553	-0.6274918087878102	-0.7309621737027301
0.1772615112052412	0.010042694397511048	-0.7374210811076152	-0.6516806350295737
0.15327133746820845	-0.07857416295784918	-0.6862745432443565	-0.706654971907033
0.23296717115097365	-0.1443301362098769	-0.6923156108868579	-0.6675284292596895
0.25563810397755643	-0.035250344069642864	-0.5993234031069855	-0.7577717542413371
0.06373899927910724	-0.09468243212128506	-0.7166889913243019	-0.6879894379516672
0.1430954561935211	-0.02347842606108998	-0.8027136350735824	-0.578466311891555
0.014188692027431601	-0.16220151161989896	-0.755636515560987	-0.6344310892426543
0.23934298584580663	-0.07900463465824539	-0.7881378945074973	-0.5615263680987922
0.0009610260926190177	0.09965898453048283	0.7480961171071274	0.6560635356430361
0.031426109248701865	0.06820360700225342	0.6332953616672841	0.7702581726538672
0.16005150706767615	-0.13907871308198524	-0.5942776145905737	-0.775805867114552
0.1893053551052961	-0.05121445721748471	-0.6952772194936911	-0.6914695582261722
0.20230609884328335	-0.026156013254679568	-0.7856010323263262	-0.5841396437062316
0.21372758813384163	0.0013566416557496688	-0.6140415068111779	-0.7597839860822069
0.11579552302620018	-0.10214595173519528	-0.7719314428407161	-0.6166680216656691
0.13938327818571433	0.05397633136984863	-0.7838878809891954	-0.6026430514428298
0.013200729839639885	-0.06978444210901094	-0.7787405656906141	-0.6233129260003335
0.14387185111284934	-0.1164265282641287	-0.7563748567066653	-0.6274096190812631
0.26358877297103495	-0.07185305685055364	-0.6563528852143575	-0.7032488798822532
0.133785015724665	-0.11584306573525438	-0.6170930473181118	-0.7667321074796954
0.2530298800355942	-0.09678372737573994	-0.7733540207535244	-0.5731774145138558
0.19161946014175552	0.026767818016352207	-0.6653648306865302	-0.7210097839135822
0.20298790171307218	-0.08513232563409766	-0.6874410090356605	-0.6920789391292637
0.15074898223627814	0.11309651792052886	-0.7518772001108154	-0.6317947435223711
0.16636117258998903	0.011531421840504267	-0.749164811304752	-0.6410484163209011
0.1324520810150725	-0.03024941290425883	-0.6691511920195978	-0.7306011918088251
0.12764273005878	0.027646233878374008	-0.7675624204458278	-0.627527648741333
0.06276343782507059	-0.192754934333263	-0.7169721947047928	-0.6669761301446632
0.06261971320800003	0.07632410076465876	-0.7641175903701198	-0.6374776162714858
0.028199910986961136	-0.09281455044530365	-0.7975254933496128	-0.5954353967504961
0.2820430213877282	-0.040500737400848204	-0.7482483816517671	-0.5991124967082396
0.13743625100327483	0.07350902850619703	-0.7929036019051334	-0.5890768860888242
0.1796035407625667	-0.031453350272081244	-0.7298961298755754	-0.6587904784488525
0.14554127025792815	-0.006429178027312552	-0.739297365996182	-0.6574312199406941
0.012270726218414693	0.0746220670498215	0.7289848350918897	0.680339684711494
0.17399606865960093	-0.17703954773641375	-0.6359426392705381	-0.7307252056593586
0.11726375808778472	-0.08314424518658231	-0.7601561328704644	-0.6336394078582107
0.13992499879180098	0.09406857016120156	-0.7898267905331825	-0.5896997030497759
0.2530785247433293	-0.13279760478433697	-0.697419778768555	-0.657207508067051
0.1380098076397891	-0.15245789104634105	-0.600078701008881	-0.7730559081000703
0.010255011431770288	0.013097003788141829	0.653146400570338	0.7570489301586254
0.07292468899439901	-0.01582715357948144	-0.6312557523088492	-0.7719764673366867
0.05080784021856496	-0.06868514094525437	-0.7124290458868321	-0.6965240622996691
0.10690391225252198	0.1295574378106576	-0.7353386895647297	-0.6565542136657634
0.2336208172644873	-0.0876986116180524	-0.6502945420945775	-0.7175285888262173
0.1415094442741892	0.027838550128269413	-0.6616759895829888	-0.7357886769428695
0.17667020308959527	-0.13379479916332543	-0.7093018252779836	-0.6691617978594172
0.27839634836197874	-0.06901655863526898	-0.7218370107368016	-0.629828165282737
0.1561985303863447	-0.1056818188021784	-0.7594990981807409	-0.622570873188307
0.004027405175502719	0.12651066193625332	0.7120215343374006	0.6906548827481185
0.09678825046421662	-0.13076364005604507	-0.7497431883812528	-0.641418784015001
0.14656340547058017	-0.14378433875636004	-0.6313857886982943	-0.7477949036568085
0.14075164688203337	0.05479277328222697	-0.6896636076135451	-0.7082025375762983
0.010999857120747625	-0.007075428695165079	0.6600816841050362	0.751079963626485
0.03725572083521852	0.06495406896922813	0.7617904075483599	0.6434814334203378
0.23172255843197487	0.009081307705908261	-0.5948863417640525	-0.7696313573046992
0.039328532448265015	0.09245901404584429	0.659944480146723	0.7445655648638391
0.14824417399664444	-0.20399531946005126	-0.7193818140189333	-0.6472243661770414
0.2120029363402704	-0.14665594142929056	-0.7895276701879321	-0.5569495918251558
0.046806804072602626	0.041542330399060995	-0.666713998650017	-0.7426814942366811
0.1181420586973269	-0.061297784000670416	-0.642860993089065	-0.7543306829288503
0.13277419928590958	0.12371589241411877	-0.7247604893466283	-0.6646710637978757
0.1176908356392004	-0.10078258568680717	-0.7225895154459753	-0.6736884515830583
0.09314391207389773	-0.157941799090496	-0.6726335680796082	-0.716897958454425
0.04092151397380768	-0.07883887405028828	-0.6961262797282147	-0.7124030209820349
0.018052988736175713	0.004018717093733134	0.5956233544747828	0.8030509069260923
0.10927759338198655	0.031029425007869864	-0.5952661560203242	-0.7954582238339795
0.0666626218411676	-0.1423557525531735	-0.7436222348973375	-0.6498591434538489
0.20813456544814873	0.014333271601100098	-0.6851996217453601	-0.6978366845838179
0.18577947061042077	-0.11653524971397494	-0.7112629546853462	-0.6678402003219666
0.17758357595293214	-0.16038057043514578	-0.6073841822618538	-0.757513433093279
0.18445148876418108	0.09011741025620305	-0.6126377451706997	-0.763237508154279
0.12003790801191515	0.0900210413528118	-0.7736624497479168	-0.6155757683696871
0.22266780363411268	-0.051882472387572716	-0.7066693044889003	-0.6695862546206328
0.14637144616800862	0.016091103466500962	-0.7301482775302854	-0.6672330694408612
0.1811296022976138	-0.0641376220144881	-0.6078193905089987	-0.7704764896705831
0.14791566309440457	-0.23671320187929407	-0.6681190917749114	-0.6897134882494779
0.07476257492432292	-0.07782212415150849	-0.6206730919815118	-0.7766074859756001
0.03939362119565855	0.08468162711781443	0.7402913112127597	0.6657671809128664
0.07098804173957896	-0.19076348682186653	-0.7678206233520825	-0.6074713823553853
0.11681173937729633	-0.26140938868243424	-0.6802491364659302	-0.6747453307653806
0.10926549141711522	0.04939463361876442	-0.7572179579854145	-0.6420608901494027
0.26134777009561977	0.005693587952525346	-0.617383521330169	-0.7419585660346775
0.1530803329454422	-0.19510847002310533	-0.7523443637106161	-0.6103089832072143
0.043098235706635867	-0.030280523995973592	-0.6882094816341376	-0.7235974995357406
0.024929193918339067	0.014233499318745993	0.7689676064611851	0.6386429072659314
0.17740641198860252	0.08302088838992469	-0.6344600292765157	-0.7477265331167009
0.13674731589218647	-0.22488783282139055	-0.6562066882591843	-0.7071905093601686
0.019197489451094767	-0.09663438047657576	-0.5914713325295382	-0.8002842718087217
0.14365310421004146	-0.2109671842637427	-0.7475160344163511	-0.6132506918912523
0.20669296790015732	-0.10356145969349201	-0.710512483201444	-0.6646239931733549
0.13369581091143776	0.0352615360708934	-0.7516646023637662	-0.644889432206774
0.004660630898317669	0.025357553196021548	-0.6172494634802985	-0.7863449452045993
0.12284840018874181	0.001675219330671405	-0.7656729809606023	-0.6313876388069108
0.117088687434357	0.07017957740562711	-0.6356054506274545	-0.7598491806422755
0.03711103248313505	-0.14603130496570796	-0.7404365584332099	-0.6550201005874797
0.00035285239833283456	0.059881690247728166	0.6478267821677539	0.7594303911316913
0.09189204408646431	0.03360746908217108	-0.6901663513614628	-0.7170054377087444
0.2987186961677408	-0.03677232966305185	-0.653415660112184	-0.6945955020378087
0.03886820787494689	-0.08533908504346747	-0.7528231112364836	-0.6515089148804909
0.10665428613481097	-0.06427355733881272	-0.6855276121974438	-0.7173183853707915
0.2352049394540901	0.041013292488588204	-0.629373952016568	-0.7395167170650642
0.058250876462082775	0.046012080894375	0.6521067958532341	0.7544842282017545
0.14436163744096397	0.05192846025424204	-0.6863427823796857	-0.7109126090640809
0.15042027078926026	-0.07669538755721203	-0.7887885791476611	-0.5910195741846024
0.2082405192707172	0.05111495445665668	-0.6061500390307949	-0.7659016110100055
0.048785988825887	-0.16680817347878923	-0.66985163657575	-0.7218682328041176
0.09300737718417182	-0.27681898016872625	-0.7408224733666892	-0.6048991180044229
0.34741172040990437	-0.06417740967725385	-0.6148056486024746	-0.7051243656656879
0.16239816497992166	0.08650399217432521	-0.736374152753403	-0.6510737304681907
0.051887295003564836	0.006669024206381651	-0.7577413444919486	-0.6504546775762949
0.12796342200248986	0.11487562865412373	-0.6933682717191902	-0.6997638118278736
0.1405164393785479	0.08945214035975094	-0.5925074194423835	-0.7881550626337192
0.2426579968421507	-0.01528091965239196	-0.7237149318240216	-0.6458485019864054
0.1712478113555063	-0.15803047603479925	-0.6771316671601825	-0.6979923073208153
0.07130006626329123	0.09142775143056225	-0.676093626267286	-0.7276363620242965
0.1710845912763409	-0.11885354053048176	-0.7612262176858927	-0.6141160672371359
0.10782383838950452	-0.0027943105133423902	-0.791382942890213	-0.6017302131405196
0.2122511505938088	-0.12175912314723118	-0.6304513102170818	-0.7366514171896953
0.18460229294273447	-0.09145462871110281	-0.6385960743779319	-0.7414533688079744
0.1911471412250241	-0.18961417540470582	-0.5981762378901251	-0.7547810432905098
0.18293052003431498	-0.1011923731274325	-0.7053991764328772	-0.6772802450600727
0.016397178058654427	0.0628901494130433	0.7880539271194764	0.6121658023853414
0.06238496855300579	0.06042266776723953	0.6367338213402922	0.7661770406896301
0.04078991258852504	0.07412917901597621	-0.7816372322832849	-0.6179678672536009
0.11915076059209394	-0.22679798445632815	-0.6080320963768904	-0.751440443596428
0.2885346519569031	-0.0736993911167026	-0.651458064153989	-0.6977954893934708
0.026113393582709293	0.03530137740891316	0.7403731249027328	0.6707604187415879
0.14447882383883817	0.09382268203287954	-0.7908051209571019	-0.58732481172374
0.1182122725397512	-0.21365642537630813	-0.6363474106745045	-0.731736812962324
0.26158881185887106	-0.11516707535074186	-0.5931099011780694	-0.7526808642379328
0.03477387129370908	0.028761144234614053	-0.7109750283948176	-0.7017678273165227
0.12372201104187915	0.0024548481078896798	-0.7174406008798072	-0.685540532655613
0.09832228761410787	0.06704923592760237	-0.7332323465368161	-0.6694829749231624
0.17089988521850982	-0.07344142476964396	-0.6565579367769563	-0.7309796590981799
0.23117966860950082	-0.0986223883465659	-0.7757057061017116	-0.5788870726313255
0.0746755888326543	0.05663499479874821	-0.6900977431046919	-0.717621863350367
0.20898392175698718	0.025215069947519327	-0.8003784908975475	-0.5613236072028109
0.10267065514056734	-0.24389818052682463	-0.6724142763899511	-0.6912535388811327
0.09621390561769169	-0.11564761059994168	-0.6506969960212885	-0.7442861908548253
0.06937330950153975	-0.17666626276097652	-0.7747481372846402	-0.6031100225538069
0.28382272925196816	-0.05500548408815808	-0.6263386320080178	-0.7239606157343894
0.0611518133913964	-0.16155956713138983	-0.7464936018508894	-0.6425778274909177
0.10974906415302453	-0.0834425344489743	-0.5944753410223109	-0.7922067629594399
0.06729294953956795	-0.047588558107989	-0.7889917943578253	-0.608850504241794
0.2204751173205671	0.01573113548878974	-0.6948408897212615	-0.6843532654923781
0.030317621758906284	-0.05600712845208015	-0.7226969508651337	-0.6882246439816542
0.26779735632690227	-0.02020647846842959	-0.7443693755580068	-0.6113840911437017
0.006134118366004074	0.11517969225168388	0.6239618527198773	0.7728956057806626
0.1377286925845516	0.040145030193803014	-0.7211448614973249	-0.6777678603516789
0.1680540157927273	-0.04835437431865992	-0.7426768350253973	-0.6464138155832125
0.1270817840813792	-0.146778547202781	-0.5968708160738723	-0.7784931002616815
0.2033313555301094	-0.06979269268106919	-0.7316091297514818	-0.6469415902312151
0.017483729435781123	-0.03964816029644668	-0.724411366979139	-0.6880047339819246
0.01653321479491485	-0.10366508057661589	-0.779290630714635	-0.6178076697144309
0.10974690157634925	-0.22856964317386072	-0.729343438405013	-0.6354287408272608
0.03856350875190635	-0.09356990839470923	-0.6275470151947767	-0.7719729734620727
0.20553808277064378	-0.018996654535648846	-0.6271819571440641	-0.7510233127409311
0.19371910005354123	-0.19211692759715926	-0.6333985080194653	-0.7241341909092467
0.19214772952536358	-0.16485046818085916	-0.713962079936553	-0.6528106322598234
0.13170569351713876	-0.14991179376698072	-0.720296207358422	-0.6643443670641068
0.25869644197830116	-0.08587808515094132	-0.6392289152992983	-0.7190879634953277
0.3088076931982073	-0.041286033168015206	-0.6398536883272715	-0.7025101633576828
0.11866147491150766	0.005332466571275352	-0.771271273483879	-0.6253252288774598
0.1018649716062869	-0.13011404878255783	-0.6642406175112034	-0.7290255577943724
0.08218706646470487	0.029673654599996217	-0.7502655607323432	-0.6553368208086504
0.13758924730187858	-0.18396012769063247	-0.7746557708307544	-0.5891827451356314
0.2931476678472404	-0.047483453377390065	-0.6840939443140578	-0.6662021028516167
0.10898110120356932	-0.270430242405496	-0.7049737253590805	-0.6465312445089577
0.013423942790232266	0.0033830153729038567	-0.7162658750114917	-0.6976901527619358
0.17115638527935476	-0.08259783051620698	-0.7842729265994368	-0.5905921323343848
0.035068738242304914	-0.16482279572907665	-0.7875197827523349	-0.5928036954843137
0.0639437267267065	-0.16472212605578979	-0.7624247957500363	-0.622483937001973
0.07397806558105263	0.030021466528407356	-0.6844942622513621	-0.7246333985577347
0.1206542707351939	-0.2640301896089756	-0.7394059441786712	-0.607461484903903
0.06806251051467951	-0.13303978655582802	-0.7874093934773978	-0.5980421029653141
0.15426152244513475	0.015557473275879882	-0.6903831489947059	-0.7066345981498028
0.13185979329518202	-0.03583526892669882	-0.7091643081537917	-0.691675366377795
0.23415957466994622	0.02190703183718734	-0.7301383815465824	-0.6415507145495293
0.21830691017113354	0.009436190581609204	-0.605087105462026	-0.7655864719823797
0.18266355341082102	-0.028357226552119263	-0.7524548311628847	-0.6321721450817323
0.01654135885835863	-0.055134776520577786	-0.6957488329407191	-0.7159749306552377
0.10210448085263527	-0.10595432002526343	-0.7007698043653657	-0.6980473038036354
0.22890061386286623	0.009749428203043984	-0.6276573762661445	-0.7440132227599293
0.1742975265142817	0.09377112931723704	-0.6827719369337234	-0.7033134647462289
0.040251485096531876	-0.20111463080693728	-0.7605352080907148	-0.6160510696990357
0.12924888250759964	0.03680442393366303	-0.7491892965849236	-0.6485796470997491
0.1852347399415089	-0.17816713661011288	-0.7250421221621247	-0.6389510807891302
0.25531504636443975	-0.032080818622449755	-0.722028526605762	-0.6422303752890781
0.1864663591354112	-0.17000853554353368	-0.7207993551864046	-0.6455816635531018
0.13621304437094273	-0.20012119333591136	-0.6309185561577085	-0.7371155201302457
0.26122289726589454	-0.1314765800888734	-0.6121037169881006	-0.7347146020608936
0.13129648719853484	0.11410660165467035	-0.6663586181702124	-0.72505662392563
0.33704223870009276	-0.04125895592736962	-0.6010028052518782	-0.7235301348024048
0.11857361655059813	0.13690824261078383	-0.7794127839817456	-0.5997600709693528
0.2745995023038812	-0.016130580476084927	-0.6190776746041643	-0.7355798736470879
0.1903886607937606	-0.17750454962812168	-0.6511157473191863	-0.7129464049249801
0.1242738740631641	-0.23233031751657904	-0.6103823676377186	-0.7470020033875086
0.08929183191660486	-0.17038771214071624	-0.5700481159446391	-0.7987741494392495
0.07799503126462727	-0.1768065053240065	-0.583236423475547	-0.7889813109982988
0.12012157764154346	-0.012816850174704695	-0.6293926334352825	-0.7676401812789022
0.0560134429138369	-0.024684680404403223	-0.604040371258106	-0.7945995158925283
0.08128288107613434	-0.15252445308595908	-0.6484118386581719	-0.7414118099563299
0.24809057587388242	-0.003596279108029417	-0.7054115064338494	-0.6639523623949762
0.19387414276156292	-0.06738651320978344	-0.672950080220141	-0.7106406012448223
0.04819776001068935	0.07087506892110387	0.762889448491639	0.6408224324378039
0.04677996034877603	0.06594329315982253	0.7315804775380457	0.6769439580070198
0.060417120884794256	-0.10763150025606552	-0.7077857498731427	-0.695560611257663
0.18984537635789744	-0.04880960437526586	-0.7858623573454796	-0.5865123280065507
0.1447161451072054	-0.16049785528752056	-0.7146430490105292	-0.6652691096799481
0.2764850694827946	-0.014619460476898447	-0.6006315101456916	-0.750056042405209
0.11626400677713626	-0.022645250553061564	-0.595919652899706	-0.7942604362823374
0.1275961978896794	0.04480202409552909	-0.683279782343486	-0.7175240260518668
0.060200122717963545	0.06449107206486727	-0.6591026749694451	-0.746860435889322
0.1184182778735547	-0.20363659738065232	-0.5978633029685246	-0.7662040972458043
0.06112979201814791	-0.19043697435762627	-0.7492197652931438	-0.6314005468950888
0.07157491167160852	0.03374966991087267	-0.7983745047641928	-0.5969389767326626
0.27122608959169325	-0.11147765404270057	-0.6217655225052838	-0.7262346562906966
0.050656634452231904	-0.10734701833006094	-0.6858121684303465	-0.7180335595739831
0.1725780316964699	-0.12035570109728902	-0.6300464324765083	-0.7475110842741912
0.12856498361263527	-0.25253609680350836	-0.7524992868252977	-0.5945093675690489
0.16364872152717705	0.10869960001061209	-0.5929983083897721	-0.7808690665834588
0.11760538756864974	-0.13087882911763668	-0.7312705861406906	-0.6590015438138781
0.1228895487625777	-0.00902596962683037	-0.7512683937290539	-0.6483922356575478
0.06101764195919246	0.06820900163627236	0.7789357698682813	0.6203897532077967
0.21287978060688764	0.05738632755635907	-0.6264561787940301	-0.7476240127692125
0.11890958469358784	-0.16987810460463074	-0.7012609002983174	-0.6820814393873578
0.039564221113775264	0.03164511778773078	-0.6447631800795898	-0.7627015802668272
0.2929023318279478	-0.06340309307106773	-0.7449679739643014	-0.5959957966011978
0.05548992531545853	0.050136452255940975	-0.8031354040689651	-0.5910843654459597
0.11960284128640193	-0.1297805271212684	-0.6760168955497903	-0.715439258125782
0.09607644292208307	-0.0869568955464089	-0.5894380770458559	-0.7973522237762017
0.1610236725877603	-0.13347992356219257	-0.6068128918660723	-0.7668328378058124
0.09111679863184677	0.06065691334016716	-0.6486184735873737	-0.7532015292020539
0.04521536417256818	0.062732066304476	-0.7141990918645633	-0.6956579014715105
0.07486574675652925	0.017769243078484345	-0.655303802342985	-0.7514361586973514
0.18675007629967377	-0.07223435944777808	-0.7595703994062314	-0.6188371471260379
0.15257451867243105	-0.13137965557376835	-0.6423659256805554	-0.7394771260003634
0.3273284426548678	-0.07609227434676688	-0.6132993957556857	-0.7147936118765933
0.12165502312096563	-0.2420558934419738	-0.7581412331157757	-0.5931533279423933
0.22316868658392147	-0.12720621852098057	-0.6234727138545669	-0.7384416634892842
0.017783510530410305	0.12416337328129376	0.7031665606166149	0.6998742683648437
0.27045309877572354	-0.05675027771992134	-0.6748373952541489	-0.6842726191423386
0.12497880161606015	-0.17236896909749913	-0.7854447552939738	-0.5811589920323597
0.1340062947140866	-0.14360300867889816	-0.7059918673153965	-0.6804380737141987
0.1645808784741674	0.09357500031582296	-0.7471681132553579	-0.6371001995691052
0.1159167331920605	0.029041706409904458	-0.6653348207029098	-0.736918900975615
0.24912269914476623	-0.0734886636965607	-0.6442930686075734	-0.7193217213619764
0.12045542216974162	-0.11367453333437133	-0.7337668517127813	-0.6589042411979418
0.2928537847543821	-0.033807114437740364	-0.6380376953973103	-0.711337921820928
0.027960096094129663	-0.1277696657814746	-0.6649925692409152	-0.7353081179933102
0.1250362903390461	-0.0036612356278035514	-0.5998478052896022	-0.7902753519762431
0.02904115346254558	0.009649529094653355	-0.6629118428034138	-0.7480717790859367
0.18385772766530098	-0.13533768921575182	-0.7641795271792367	-0.6032492818856984
0.0566402581537048	-0.10803306475189954	-0.6308166108716987	-0.7662839822969925
0.06996004306805997	0.0022764533318622875	-0.7752272088407577	-0.6277923102484702
0.06567319851567119	0.04993158189642274	-0.6654301556776397	-0.7418871720422684
0.01175630189430703	-0.06798690880184749	-0.6573428205720877	-0.7504265359378434
0.1677834410546979	-0.04733019518756915	-0.8010031081714626	-0.5727151038963505
0.12092428891177252	-0.17955936177667112	-0.6495740780422091	-0.728827324601068
0.07924826874555856	-0.058108172816652315	-0.6937024838272259	-0.7135264648803709
0.036946106067611416	-0.06696992923693842	-0.6121690857823432	-0.7870190748875471
0.25332612817346045	-0.07783189422101529	-0.6295956882681363	-0.7303268708878129
0.0839123385412462	-0.17444872680368367	-0.7763453501671639	-0.599845195388724
0.04841128670015857	-0.05748389976901599	-0.7921189676931109	-0.6057222875280233
0.009845964050514624	-0.014459259097831521	0.6489816475588936	0.7606029239688746
0.07760850549998081	0.11510530719938493	-0.7695352017571384	-0.6233323843546033
0.041573505310448684	-0.06477502844107981	-0.7245341945961705	-0.6849277627659269
0.3180121010388117	-0.07256962458474163	-0.6274584313428678	-0.707034560765779
0.12283059795273088	-0.18901767753301157	-0.7126304653635069	-0.6643363467569664
0.008811032010383938	-0.006263059006038635	-0.7119523085659344	-0.7021446077087222
0.003694254627938395	-0.11470938932775084	-0.6075344966664205	-0.7859579784206517
0.21955949721836676	-0.046143783807503565	-0.7137492971740031	-0.6634955306411346
0.09179767914663997	-0.008720906062805518	-0.726084782326612	-0.6813941743032815
0.19514985432015952	-0.19306050377457784	-0.6451889286579803	-0.7130045038976223
0.103549354926008	-0.01115134208353622	-0.7034628000364953	-0.7030599317476125
0.16815983676667196	0.05370338554818132	-0.7118554511753439	-0.679779399740252
0.1191979627059369	-0.19828910435062733	-0.6859582598520698	-0.6898800928591143
0.11473332131790809	0.13887934159605766	-0.753753003813597	-0.6319851285427426
0.07407594228428079	-0.12268056769486053	-0.6805135161174821	-0.71858443308089
0.2748479673785792	-0.09667411543376937	-0.6224348902290117	-0.7264210333261006
0.285080285991145	-0.08816090828101389	-0.7056114438465495	-0.6427047339977054
0.04055132279153485	0.008953770212524987	-0.7197755768353657	-0.6929635915473153
0.18906006511025117	-0.12161779027627083	-0.6556175962509568	-0.7208543350462298
0.17446216864440864	-0.11033549800794232	-0.7489412590471988	-0.6296634180957522
0.12550819178375952	0.1165122724718905	-0.6746544179958363	-0.7179930364824623
0.10393683610852796	-0.19921071648630817	-0.6889876301305713	-0.6890633280503469
0.311810179237893	-0.07147085253225426	-0.6631627327477395	-0.6766694313004659
0.020659768707653566	-0.07171955401293843	-0.7628973999770955	-0.6421970387951965
0.25728824539062345	-0.05325087477232107	-0.6341828281401843	-0.7271720866561877
0.13807840888150538	-0.007199963437308731	-0.7599519759277797	-0.6351027537420355
0.00792182689949966	0.10524955652475551	0.7911716365917144	0.6024178093007416
0.1410281919802487	0.006678612524451519	-0.7850075040896445	-0.6031829438275564
0.05023262586422243	-0.19250215101624243	-0.7425073231179359	-0.6396111946089923
0.16242206717116947	-0.1899221022676516	-0.6767727519434914	-0.6924791039395437
0.11596716648875571	-0.015058768115547102	-0.6314281333991782	-0.766565954208404
0.24547058532740146	-0.11064548623025165	-0.5939298873216146	-0.758122059474613
0.2198819028453437	-0.16986204264634427	-0.6005610304776212	-0.7497501476763976
0.16187093718925813	-0.07660953099646936	-0.5941953639665942	-0.7841305050146811
0.19157280337401472	-0.16048335337275046	-0.6534583692955739	-0.7145187988396299
0.08633613718839968	0.11476733993414329	-0.7727673468230564	-0.618227431277423
0.04044554000048203	-0.14296217003293188	-0.6302779306859112	-0.762020804390425
0.18064476301510374	-0.16043369972618532	-0.5894374209573522	-0.7708385202897753
0.03534343501097453	0.06885367452736293	0.7610045924972471	0.6441133621528154
0.10061035444488658	-0.1897884436036207	-0.6047978043196198	-0.7668621252501368
0.05743102180618717	-0.0019803878458235077	-0.6188698615069017	-0.7833886968272554
0.14328814098517115	0.12496406323576538	-0.6864490073938113	-0.7018833605383963
0.02143053699150457	-0.17145678518220148	-0.7356915626980692	-0.6549055103403186
0.11326862111248132	-0.26353655741468074	-0.7454585787220182	-0.6016728428199536
0.152154157917639	0.03836994440827384	-0.6655174228680465	-0.7297009109584242
0.06591297587673633	0.022081959298090106	-0.7007825431116769	-0.7099800658853466
0.21629209888732903	-0.010903231180679814	-0.6277800416608054	-0.7476570515959119
0.08687280125529344	-0.03137694195850974	-0.6577195447794577	-0.7475784937586778
0.030625125861511063	-0.035331895652285776	-0.6130565851024671	-0.788654158854237
0.22629056286003393	-0.10485150356103554	-0.6304124422954126	-0.7351046836747894
0.2560565686997904	-0.09263860474947308	-0.7189634837284022	-0.6394877884689276
0.3143008720324538	-0.06455507426578945	-0.705826138154078	-0.6315513177285579
0.23937167916512672	-0.09982979864891663	-0.7896319879812045	-0.5560724180106719
0.0990986733778046	-0.0903394032103664	-0.755719137158915	-0.6410201485867189
0.11038504547027124	0.1315422799404376	-0.7200997827019265	-0.672285708071528
0.1352572368055056	-0.24532449727264846	-0.7413510274075658	-0.6098524617408775
0.08635624872871302	-0.16808186994874377	-0.6956044816514413	-0.6931273248159158
0.27352126336987215	-0.08669842085482297	-0.6301653695691953	-0.7214992094947495
0.15901491304261228	-0.17783699748419826	-0.6728233408262513	-0.7002835224359186
0.05523335712153287	-0.015815910031090667	-0.7290860427354978	-0.6820063603363721
0.11282495764286818	0.05151249763157754	-0.776855952871568	-0.6173425467345093
0.11340710908207009	0.052153441876401786	-0.7977177943835736	-0.5899704794596919
0.11835034729075221	-0.05715620351602885	-0.6716103183026424	-0.7291542662874682
0.17580437593314654	-0.0914662323466294	-0.7638869363802709	-0.6141689492074907
0.11509262092964	-0.15457175729580674	-0.6880531836113568	-0.6996027994342996
0.001757903843520062	-0.020006977192552053	-0.7439702955476926	-0.6679107949272662
0.1741415107702013	-0.18370966016422313	-0.6554263162259663	-0.7115770084730656
0.12244364276350565	-0.1606065151477975	-0.7455245899995427	-0.6351426511775895
0.10007011574712282	0.08244558466770657	-0.7614634396065015	-0.6351079653458875
0.06453828037888229	0.07592120769942728	0.6171607321833299	0.7805020251339092
0.15529586173756607	-0.19892862151212617	-0.7239528628138341	-0.6420302573042224
0.12905354280823364	-0.025903043062660273	-0.8009395427080336	-0.5840976496917133
0.029329720588383727	-0.16445569517312525	-0.7032717047173556	-0.6910159196134892
0.1133076802082838	-0.0813368111009599	-0.7759770147152889	-0.615146621058177
0.04524709271478779	-0.07595780075087269	-0.790186707848249	-0.6064553403556573
0.19604652071893747	-0.11488164608320581	-0.7364257119688701	-0.6372167134173077
0.043585918001816916	0.08372976367782128	-0.799964142074942	-0.592576548490317
0.1903867979632999	-0.13752768446169722	-0.7522503222337984	-0.6155960167732016
0.24247798983310465	-0.07679051916508882	-0.7905134921883189	-0.557131994487017
0.0775713526419361	-0.16663922024912337	-0.6970333622587278	-0.6930790340375025
0.14804575241198412	-0.1385885392204718	-0.6209326651549787	-0.7571778505298741
0.012212651224861478	0.020535239691853134	0.7080826917271906	0.7057251991797049
0.08563639375667305	-0.053676917872701985	-0.6844025580561482	-0.7220653260462241
0.13373874328586444	-0.2071510656867918	-0.6508605173566263	-0.7180410653127082
0.13558761269963315	0.13045178646831776	-0.6916276240202247	-0.6973159688274586
0.01418152533151922	0.07818051329399989	0.7589201433267645	0.6463179617906664
0.23812199768445955	-0.006166291360737109	-0.6044623214717859	-0.7601876038127404
0.08312181924458971	-0.024147924389733438	-0.6351763512960188	-0.7675015593908678
0.14708114715199458	-0.1631799609853579	-0.60418419437982	-0.7659640303218411
0.18570257989216338	-0.04587925935185969	-0.6844833964223421	-0.7034856966597502
0.09486448359113284	-0.18650333824433588	-0.5907471567760145	-0.7792528673914274
0.12343075310152954	-0.09383093197464872	-0.7300593730334926	-0.6655628574668977
0.006065428619712655	-0.11042920013273055	-0.69759520318773	-0.707905032347683
0.17099419361483406	-0.09370419151608866	-0.7531264560179468	-0.6283160442708562
0.33319531338580344	-0.05809981338905385	-0.6586509715126924	-0.672148936283678
0.1213846878994319	0.06329024363171136	-0.7652175252399839	-0.6290486798890773
0.13954641706380835	-0.17284652848495338	-0.6764181054841713	-0.7022175030918543
0.17838923244506327	-0.11135424492136661	-0.7138153553898013	-0.6680158323688031
0.05823159401854355	0.06216124138380291	0.7712711426379635	0.6307819639634716
0.004703995150167312	0.12514389254702005	0.6302892379169512	0.766193418892303
0.11625137704916398	-0.07692906482980712	-0.5995999423081375	-0.7880656352758079
0.04468020845120862	-0.03063352384920849	-0.74228071737025	-0.667895652635682
0.23211281873658576	-0.1522195871451005	-0.6444988968532077	-0.7124422844150469
0.037720321276793686	-0.19771752157856923	-0.7714602242810723	-0.603600928905681
0.1141080801839233	-0.2280487017696214	-0.6207639357281003	-0.74136716393248
0.20040441939265516	-0.027784036552819955	-0.6693651208817258	-0.7148541466255316
0.07092360347176417	0.02955999395827121	-0.6450706565318609	-0.7602498913576515
0.1513954148635675	0.0333849311561332	-0.6600443065912389	-0.7350553639464711
0.14320692991019868	-0.051741467040081285	-0.6880949635285439	-0.7094645283457711
0.21530091792034917	-0.0633156900341945	-0.5931891731709119	-0.7731515006588028
0.09504754470338511	-0.09666305257171039	-0.7361359992678255	-0.663118397494246
0.21707181095429573	-0.05568839939748279	-0.6135564420680053	-0.7571836788114357
0.133341325010683	-0.04899789749059159	-0.7164921764942123	-0.6829774945841799
0.07626508281339768	-0.1923143055611909	-0.6312730294157218	-0.7474578298153546
0.08630783843679786	-0.07112328482743416	-0.7510052096932535	-0.6507561835229195
0.06964457894191065	-0.08589600714798433	-0.6400800881081302	-0.7603084830432486
0.2577270715344718	0.012660706562471835	-0.6070535884153685	-0.7515998961546153
0.019682353396852703	0.0193380909329388	-0.6349219470526539	-0.7720833920987406
0.3122726225328688	-0.04072006304741002	-0.6241224675159192	-0.7150516283623859
0.160248201215157	-0.04310369983713217	-0.7436229139709306	-0.6476785830062924
0.12823283478594374	-0.05694440757294054	-0.795939052479364	-0.5888927739981021
0.021074157173389885	0.003446603691677048	0.7810085684106223	0.6241551224588439
0.12641170980045258	0.006302744274513885	-0.800742756818818	-0.5854838959716445
0.0927690960818087	0.11389712235831939	-0.7659832589804192	-0.625852208826009
0.07037264417858963	-0.0875752349555961	-0.7565051198611873	-0.6442656849449584
0.06016783103477955	-0.027421381630845763	-0.6896347606642486	-0.7211323018847446
0.07002263524988328	-0.1628777139242383	-0.7686674553754408	-0.6145876861002998
0.2679549202185595	-0.001082265110520018	-0.6737773101807051	-0.6886386031283389
0.11883446760765329	-0.09355894279475413	-0.6873901864449727	-0.7103659796968597
0.03701922769033255	-0.13891213380345205	-0.7874421221873504	-0.5993896062399356
0.15449473759678894	-0.03655587659929355	-0.7932003067913842	-0.5879016220823094
0.038019218504945454	-0.07756860190483476	-0.6745571804626582	-0.7331509130520614
0.08376326068495142	0.06289579324522096	-0.7423185643932777	-0.6618088729448878
0.17192246975401468	-0.1119844416642013	-0.7412441914595544	-0.6391081268817574
0.09745707868161246	-0.11025961844897347	-0.6910671531504308	-0.7076518382586819
0.140202083466609	0.0015280228087726961	-0.676929541832833	-0.7225700217500783
0.07620771149936853	-0.0670647840588772	-0.6159689333849817	-0.7812022609745399
0.12605259473975514	0.05020245201070067	-0.778971587062284	-0.6122039886517848
0.08799322624708748	0.08490034478610442	-0.7162330766355139	-0.6870657199446465
0.11795123961139761	-0.254310131182807	-0.6499582383775113	-0.7063767766688824
0.1503746551338068	0.012856399971729075	-0.7218545570923709	-0.6753874254664004
0.00470990330844739	0.06377881080990384	0.7655046730710175	0.6402442312187858
0.21948922099590903	-0.1448733372674648	-0.6329416239296433	-0.7281628243139734
0.15542554060484293	0.09440194861551979	-0.7102774696844357	-0.6800272711325337
0.2052572128019413	-0.0507462937965647	-0.6637559244734673	-0.7174415397682684
0.12327225155735488	-0.023539893171151686	-0.7864094415844717	-0.6048223008556068
0.10523801625225243	-0.0790499018712292	-0.6432967040770216	-0.7542184189431339
0.12041720041828993	0.027050256942312105	-0.7747466551194767	-0.6201093466671495
0.12743397668702283	-0.18024651863768237	-0.615929946876761	-0.7562420741039984
0.04099705696527392	0.00046375861565678205	-0.7515243766932289	-0.6584300551189823
0.006554796276481537	-0.07728914868538306	-0.6402943332130908	-0.7642032380175223
0.1605431204402345	-0.04064226823554567	-0.7756712838364024	-0.609022308247875
0.14610936214131856	-0.12149537660511088	-0.7521412551392938	-0.6310106655800098
0.22185651242852333	0.007207752942997367	-0.6473127504722725	-0.7291871771133848
0.1378823867758839	-0.19403552253054676	-0.6651537423230034	-0.7077493641727888
0.0900557849992471	0.007936940620258024	-0.6450331307602032	-0.758787994622642
0.11312537226911717	0.09155737839586796	-0.7764663137817487	-0.6131231199134741
0.1431026840632756	-0.20134364001624333	-0.7402705506028069	-0.6252854327018285
0.17030509784511305	0.02933716304404343	-0.6349499120208668	-0.7529768347945288
0.15048279832161035	0.08845092693232846	-0.6811785032888453	-0.711004365381309
0.028562248471967238	-0.10721348461274807	-0.7377390686803099	-0.6659057990602926
0.10626355261662271	-0.21148733743872683	-0.6258472334265553	-0.7431664711897995
0.055396815528865176	-0.0627351208462908	-0.7983987747326671	-0.5962842392240785
0.16943023764233875	0.08443447777192163	-0.7402504683253202	-0.6451305741320803
0.16628689200207888	0.06527656465059778	-0.772568671205199	-0.6092826010382526
0.19750032778751941	0.0427255359343037	-0.6021537625221125	-0.7723852635721453
0.1754066936491563	-0.10613478505524913	-0.7002261484548904	-0.6838503054356098
0.19559323628910605	0.007834626361116015	-0.6162197232206222	-0.7628598542731392
0.07115728211224522	0.09670392188114468	-0.7222143623041231	-0.6811691475520986
0.1766958065734438	-0.1821341554378726	-0.6535395570702607	-0.7130861018886151
0.18538886586914816	-0.18615111046977342	-0.6879116460972172	-0.6765768985462319
0.20779308176497616	-0.017138498981269984	-0.6683277323298813	-0.7140492624616886
0.11724277968109005	0.12256687498406989	-0.7254156596418787	-0.6670859108957622
0.201107297088661	-0.01766259682135039	-0.6665024634442535	-0.7176477924121003
0.1482179463100749	-0.12599641334080858	-0.6334131310764416	-0.7489620481685401
0.150179509020775	-0.2375427121895235	-0.7567767894868495	-0.5901766395325224
0.23019528787183874	-0.15414785974465023	-0.6588991403472756	-0.6993571974516071
0.10553009569982676	0.054796361758024055	-0.7234569289810406	-0.6800520785564814
0.3095153998527351	-0.02421925911929412	-0.6082486627916899	-0.7305116076790533
0.14904792641189024	-0.17564983434068893	-0.6105763714474498	-0.7577125747659664
0.10158109224325909	0.006907774954531075	-0.7204628756453286	-0.6859787235481197
0.14253583117193333	-0.12968330086069021	-0.7776562222437827	-0.5984284237196044
0.03722573797576884	-0.04838096962568813	-0.686158930766294	-0.7248858171739145
0.07002937209999946	0.0073726969534724145	-0.634081456524538	-0.7700533987163699
0.07781626778225949	0.027306128166648	-0.7727351538114821	-0.6293483819768916
0.025037701468030214	0.04726732717940091	0.6451070955917014	0.762217651661094
0.11768169761287305	0.08540441468243944	-0.6919249793315976	-0.7071753155877759
0.13310697448273118	-0.1451974294308016	-0.6407212105220275	-0.742075852064955
0.19596927891343385	0.06323568568185403	-0.7596909160365397	-0.6168200725252525
0.017945744767796163	-0.01879805023943247	-0.7280298644645259	-0.6850526257154912
0.30566113779801507	-0.07048762128221889	-0.6524157300815476	-0.6898959916017475
0.1601523600243092	-0.025874931389790485	-0.6829762350550852	-0.7121974247736359
0.24107747648149083	-0.10029083923331944	-0.7780865128353914	-0.5713184544917599
0.2555074991643773	-0.007000875122696067	-0.6308438189676587	-0.7326001513025928
0.03555048660919141	-0.058997389756701886	-0.6186702947181372	-0.7826254131684701
0.22076959128791493	-0.13518636411993606	-0.5991748629107536	-0.7576113239481566
0.10004220014963897	-0.029341125110958266	-0.6743566272823776	-0.7310087522094241
0.1677204029639898	-0.150156986819632	-0.7289003224174602	-0.6465501262226838
0.24801101913623363	-0.01240292440765789	-0.6385787359200725	-0.7283913095883744
0.13877584662973516	-0.0010969490060187253	-0.7671763337009417	-0.6262431908645871
0.21313939582697403	-0.13969857835421035	-0.7824054664021047	-0.5682407863717898
0.212038939386438	-0.14804523790214805	-0.6171764199246385	-0.7431119447346929
0.03774713663443233	-0.14959770389948077	-0.6189490198957305	-0.7701284252863411
0.11310854615495766	-0.09244506766824333	-0.6487877870297133	-0.7468164256707355
0.035771120949249405	0.09485140131663808	0.7874588455811958	0.6079738523080039
0.3183910632026997	-0.07250634831095448	-0.6661832269072079	-0.6704997155217627
0.11684544316502775	-0.2067044868239973	-0.6743924285261039	-0.699153237770562
0.15074449811544047	-0.1150789302058867	-0.6435810176213154	-0.7415095480626698
0.16848824897865355	-0.049520917627978736	-0.7979488096928211	-0.576573573608087
0.13919703745103826	-0.21064761505294463	-0.6248098725092588	-0.7388263600145331
0.13494982634301997	0.021351300429037202	-0.622971558292662	-0.7702201658606389
0.14327326934206877	-0.11283578920514332	-0.5880183482343817	-0.7880198456296624
0.21907790840849645	-0.1314930363625508	-0.6093906262629427	-0.750571459661486
0.07960297568699351	-0.19574645319089798	-0.7108645392046973	-0.6708340325492236
0.055711312571375786	-0.012519361440837687	-0.7134796975006846	-0.6983453561777437
0.19280005854043608	-0.02634824882737769	-0.6370455116199485	-0.7458598550233235
0.1031726171215109	-0.1684251331288534	-0.7449167620823868	-0.637249874990587
0.0676413818812559	-0.05614321419907744	-0.609780194815358	-0.78768058054489
0.13538887595080895	-0.11716851539502678	-0.7363562579327253	-0.6524728750470901
0.07316302512959398	-0.028730730657243925	-0.6681135839067442	-0.739895908806822
0.11486650911239807	-0.05208009744879823	-0.6979665083381338	-0.7049369487921092
0.012646249327485854	-0.00568681536809495	-0.7998651100160221	-0.6000196149193566
0.08078677070796016	-0.0037498980916191764	-0.7129072541648573	-0.6965792725182149
0.06635204791634919	0.01584272527444785	-0.6934549732017847	-0.7172632807657847
0.11732347581678056	0.06360425586529421	-0.7417496640697531	-0.6572648906723224
0.11004022712299251	-0.1938750130054107	-0.5949840637430532	-0.7722030766829892
0.10201255180845051	0.07475936015979028	-0.760358561633086	-0.6370709027206402
0.021690595286977882	-0.022350671219925886	-0.6576550657896896	-0.7526750826307952
0.25543847360676913	-0.11640194934703911	-0.7237383771972478	-0.6304002964478583
0.12804188614879095	-0.09859458095684805	-0.6761918047175826	-0.7187830181843352
0.16186943382308527	0.03651166729531544	-0.7254706838691536	-0.6679502012811529
0.13114670389797742	0.09420409195538292	-0.7226259081921815	-0.672114519948039
0.21982918528225656	-0.04631201201655318	-0.7794165977675017	-0.584841939301253
0.17568439983821627	-0.20500880510041858	-0.713111090247061	-0.6469767804577166
0.1317285102373377	0.0491027760304768	-0.6072136181123761	-0.7820026463865899
0.1494626857035388	-0.20422646217719884	-0.7028999466328242	-0.6647436519083453
0.10600686224107639	-0.08777800251284022	-0.7872357849732904	-0.6010968193977944
0.27272034274187107	-0.06603361217859433	-0.7118396987045158	-0.6438535703602702
0.15540017309955556	0.021728540118775938	-0.7877647243182961	-0.5956554338412886
0.25068320193174704	-0.024529651330831428	-0.6591709891177081	-0.7085547512933755
0.15281341054902603	0.019537059908803348	-0.6927586821067011	-0.7045223724001114
0.07063609576762905	0.09335924564842972	-0.6915256090891911	-0.7128021641384695
0.14758324812570559	-0.13613245355428757	-0.619487137637196	-0.7588957940745422
0.04421295269114953	-0.010893419227595898	-0.7732855633666245	-0.6324207347333137
0.12370255763694214	0.07913396754849902	-0.6602601868927264	-0.7365405474367954
0.0790564914380401	-0.13802443076673823	-0.7922623792537269	-0.5890837377591142
0.19332469335878452	-0.09913688140872884	-0.7602898799453924	-0.6121737826262281
0.15780812249764356	-0.18341175369478488	-0.6688919294258329	-0.7028800123985309
0.2800894696152272	-0.07279082742896907	-0.6757437608679466	-0.6779540943905497
0.06454615096786044	-0.1553548709566792	-0.6562647081438024	-0.7355374166622644
0.19760489238936982	-0.09638376237366278	-0.5866151391153298	-0.7794518300800795
0.010053858460583674	0.12085938540657613	0.7673609377245556	0.6296420571592165
0.06446477370465137	-0.10784723458636372	-0.6848014270686749	-0.7178163222078391
0.22354836367312989	-0.0999407237794164	-0.7679521298937366	-0.5918509162121705
0.037930687733341815	0.020066323786746817	0.6235063071023219	0.7806397956685184
0.10090149170089278	-0.02105933496353266	-0.649973833283125	-0.7529338678998767
0.224016524567696	0.02642189117137014	-0.7452970719373593	-0.6274159345674429
0.2791796263317427	0.006812503663344914	-0.6150991572295924	-0.7373366617838493
0.09691389431640428	-0.2592235415195101	-0.7404697585770766	-0.6124666433719615
0.009981875352157025	-0.10885674807899676	-0.6203865621156702	-0.7766408977825078
0.056229356673719	-0.2065676771564452	-0.7771371761902286	-0.5917988370935919
0.11723853189323316	0.011016565056962208	-0.6936480092718009	-0.7106238112863463
0.2028967350597971	0.015753956455572572	-0.6573525527082519	-0.7255841434361802
0.007348331249229064	-0.035653380557454886	-0.6596147397058814	-0.7507218084253443
0.08559312999517517	-0.0957196753836401	-0.6699847234325476	-0.7311853596791257
0.0666188626702947	-0.04113911246942947	-0.7383885742856356	-0.6698147609049613
0.04473133116369748	0.04349067413182969	0.7688202254264996	0.636414275649933
0.008787332212754512	0.01219773895612635	-0.6716212764151942	-0.7407421002098951
0.19765240885807447	0.01967387412382921	-0.7839986617954335	-0.5881263148784704
0.24961133927424756	-0.06171346880484452	-0.6169641896149715	-0.7438015970717806
0.10546329896345588	0.12338692790969347	-0.7811969910997939	-0.6028137520738737
0.07895478151139644	0.04158402470786217	-0.7993901805787035	-0.5941483405345263
0.022793364740914156	0.058995157413085635	0.731007401688696	0.6794322722699697
0.10907013764805085	-0.24878062007354346	-0.6796754528753193	-0.6813612748813863
0.1254427914221902	-0.19365550492898773	-0.6253582746931957	-0.7454452895844585
0.19458477718272615	-0.06201484290874357	-0.7567810199715248	-0.6209455785804512
0.002346956612271424	0.009600226844509546	0.8025262223368859	0.5965349863175514
0.1613383312043601	-0.1567957929718346	-0.6259163833739061	-0.7467353635757819
0.15458544503466154	-0.05734885521280808	-0.758447278691185	-0.6305332460982147
0.07445604580133663	-0.16284445496354225	-0.7287690304226354	-0.6609339460400775
0.1279481095104831	0.1221093882531219	-0.7063246515639703	-0.6854371343647627
0.031915012902878986	0.04200018341785721	0.6843285974858531	0.7272632172792192
0.08289939206443855	0.07375517485708573	-0.6156336451209665	-0.7801814404176884
0.13201942736828062	-0.05570008422135879	-0.6089282936520886	-0.7801760728226934
0.02675840302850869	0.02495553684689202	-0.733161313502546	-0.6790697294323086
0.0944634325728253	-0.19045947273554512	-0.586259189577776	-0.781730140001949
0.036123655009727425	0.019702233897504993	0.6574029166448145	0.752414984377024
0.05657506325247947	-0.14215076338592453	-0.7746221493905712	-0.613639102698246
0.12100884609387168	0.10894814402237056	-0.7348351726289416	-0.6584105331390925
0.10372762815708945	-0.11766018240429253	-0.6291210919546469	-0.761316827799889
0.10833663917015093	0.024282478530995615	-0.694193747320084	-0.7111740820863818
0.2018250570926819	0.07180901771824107	-0.5979402608194042	-0.7723843316607996
0.12162353987449133	-0.15115881477310447	-0.7046648471952414	-0.6824999490051962
0.22013146173684156	-0.06738834591929604	-0.5961219330284249	-0.7691811173906422
0.19346435145159488	0.07745459650338478	-0.6813993806918583	-0.701617569756248
0.20847196759964703	-0.10641682083273171	-0.7309007479427077	-0.6410920336627001
0.039976375083998344	-0.05343804517726787	-0.599316121439503	-0.7977257995987634
0.021258246940342188	0.12229690754179015	0.7195046305570851	0.6833042074725214
0.12376830587022969	0.06084856777458927	-0.7872652399936162	-0.6009927621524142
0.2050525010049677	-0.17743310111533334	-0.6641273664269969	-0.6967107058334505
0.10367331506798431	0.05846266276453904	-0.7760710284794046	-0.6193122956636767
0.11077463082354794	-0.09905166266204782	-0.6155279262305234	-0.7739787602513016
0.2496727910706628	-0.1388870630605014	-0.6698169268860844	-0.6853606098765053
0.08148879305762714	0.13081795557797327	-0.7859471272215993	-0.5987765462311677
0.1860297835191707	0.04586496665492835	-0.770552537622764	-0.607896464244259
0.1369222271659998	-0.024333781370647033	-0.7615961953306236	-0.6329545055136478
0.06231388128242505	0.051182296413639305	0.6184969074906349	0.7816386173660225
0.27162278559936986	-0.08434205423007658	-0.5992785008989785	-0.7483132757019366
0.016543025299477338	-0.11200589624165247	-0.6533627822910444	-0.748530615431293
0.25087615358606485	-0.052710265710415205	-0.6783090386340046	-0.6886070225883636
0.21689608635296595	-0.15738023504292584	-0.6158803731585725	-0.7408636280049505
0.21645231212332525	-0.0838950682601426	-0.5916266450153765	-0.7720673073028945
0.158151173044102	0.1150969778204909	-0.6012717362034538	-0.7747342714790977
0.06746799627992016	0.08388459452328716	-0.6593442633821284	-0.7440944742603018
0.008829830076643242	-0.12594137487106533	-0.7118658329303507	-0.6908746920410253
0.10960591085611264	0.06852700115340317	-0.7567594459224509	-0.6407852490698179
0.0009631590725663672	-0.018509391934249594	-0.6509120643009799	-0.7589268471218173
0.05070068152845493	0.06080886892984469	0.680458206317958	0.7284973245019988
0.11984815212913112	0.114952042319663	-0.7047156187518754	-0.6897813748463584
0.0440021385531189	-0.18477892741626842	-0.7583037910331658	-0.6236152021001208
0.2672710778261432	-0.05555655603144987	-0.7470861422796433	-0.6060873996820068
0.318247656012711	-0.06521158768671749	-0.699894565397787	-0.6360923483272185
0.2199200402067009	-0.13357465478030361	-0.7668822842479097	-0.5879494447845953
0.0006936287913511872	0.05091350250743801	0.7222140640259604	0.6897928528657216
0.00748250240636773	-0.074372298567833	-0.713856680934697	-0.6962911836641148
0.10897535614858998	0.1003171773006488	-0.7777875217944116	-0.6108251850010982
0.1759928715953117	-0.09008726727869623	-0.7463319212816498	-0.6355308463779977
0.13528825033013606	-0.14333197440699127	-0.6310473176609849	-0.7502881561827296
0.14646650798595282	0.015537826161700097	-0.7536094406768525	-0.6406082647915893
0.25802959093274247	-0.02908292850210059	-0.618130577686564	-0.7419497977637692
0.2525055974020119	-0.06493495978896154	-0.6624730946688556	-0.7022490819628947
0.0863474513212909	0.002923308840715516	-0.699006134745008	-0.7098774510467163
0.011158994660241025	-0.09049578283480213	-0.7081177299902804	-0.7001823124020637
0.09484227263540637	-0.14038297677284617	-0.640249256896499	-0.7492519283907294
0.14407559119789093	0.002159025649537918	-0.6784521983458411	-0.7203750253783916
0.25869507622712884	-0.016200123171654607	-0.7582831177067407	-0.5981815167204754
0.035365974020423234	-0.12205199057096544	-0.6636568910167946	-0.7371649004701555
0.13971643017565175	0.03433577026257636	-0.6438560232676113	-0.7514983668122407
0.1593723675028463	-0.15560221278864425	-0.6801724781032864	-0.6983937284101638
0.1335800177334306	0.10406049287430215	-0.7595849464671245	-0.6279796985457644
0.030821902258136576	-0.1826319727547717	-0.7342075037673965	-0.6531729589324243
0.033241943819892504	-0.09688482088201304	-0.6177653827560965	-0.779662899285293
0.19080680797791527	-0.12021713730271652	-0.7549624271926572	-0.6157697097579505
0.083708099094938	-0.23207653656768362	-0.7650460252062969	-0.5948428486892203
0.22675791371408527	0.001615704105556629	-0.5984268491418342	-0.7684162571773552
0.19955260490301482	-0.037554786366825604	-0.7601972794183045	-0.6171454385008218
0.011114273926667792	-0.018207873959023596	-0.7236840264680983	-0.6898016932973535
0.04426949787436562	-0.03656481148367828	-0.6825730371596056	-0.7285583539167101
0.13396056875955004	-0.056735203603224635	-0.5948959133719102	-0.7905280102204598
0.16453405124947665	-0.13684579260365573	-0.7885953679263309	-0.5764712661627176
0.035713779155245706	-0.14212465145409867	-0.7145999010324402	-0.6840117622321475
0.025828823979833736	-0.04633228287124214	-0.7392928479620648	-0.6712914988050251
0.27318583593316176	0.00504328984431532	-0.662801099687426	-0.6971648058573989
0.015709503110484056	-0.15619036759913346	-0.7138624337532908	-0.6824648022111454
0.14699353815431782	-0.18374800277596695	-0.6357772612889641	-0.7351304953847465
0.005132037945417868	-0.06627663105164368	-0.7338656969650403	-0.6760341775243222
0.1837492276014408	0.05029131178328429	-0.7718095510221025	-0.6066440655491909
0.12176064453502117	-0.2028791951062358	-0.6395313043025788	-0.7314465725208537
0.1517867731339017	-0.04669096652071388	-0.7697325332119802	-0.6182981129374623
0.010575553658480365	-0.010089749145512552	0.6204649483460208	0.7840979546593443
0.03862363122804107	0.07449581134312787	0.7830851449410167	0.6162274295873207
0.1622463760434219	-0.14158107146946103	-0.6499649462115338	-0.7288185524247951
0.19630360128976232	-0.11982500159259366	-0.7688940232178042	-0.5965809636369098
0.05094586341764304	0.05373541352805223	0.6153926212736727	0.784734952716851
0.054254561616445415	0.03922834220832027	0.6903280186411047	0.7203921198836372
0.12941159123988968	-0.15372236247144247	-0.5948817559753214	-0.7782915724435646
0.24357015312051938	-0.015288595782633824	-0.6976288454402608	-0.6736125246441984
0.23648841605425053	-0.026142250828225355	-0.7758965721309387	-0.5842724716681805
0.26489755917865526	-0.009250101562226146	-0.6263846037122957	-0.7330661955065652
0.16540981509929328	-0.10866797359263734	-0.6952774871741191	-0.6909559178507194
0.004603213960230237	0.013608684953394914	-0.8039173285259965	-0.5945675260310646
0.24417984358903816	-0.05941399607425096	-0.7935102747041922	-0.5542450946956581
0.08750420021179359	-0.09107521810279613	-0.7340509270927704	-0.667246248417379
0.18928229607391048	0.06633523066571226	-0.772242330515493	-0.6028379819864665
0.05693001961078814	-0.005446987459233186	-0.7996617182624302	-0.5977210382279614
0.27177924248406965	-0.06146893205495515	-0.6171936368909783	-0.7358190187322531
0.06077979409509797	-0.02952413418319257	-0.6150604204529605	-0.7855792902837484
0.2366206928071578	0.013796540772214374	-0.7022306638068546	-0.6713362778872938
0.24965750195713832	-0.09810469932173149	-0.726068430286905	-0.6331439285251211
0.15862331100275187	0.008103929802426848	-0.6714617075980108	-0.723817757973542
0.16303468478431946	-0.046348712143441474	-0.7266182542032533	-0.6658058283753142
0.14952937542130715	0.08203407196952998	-0.7020119169032399	-0.6914409920217707
0.15732896763375112	-0.08447056704906634	-0.6300487390480177	-0.7557452650660209
0.12410152444282929	0.08373142657093881	-0.7344144439299314	-0.6619843535782782
0.046875854572285304	0.020511926498776024	-0.778078245423783	-0.6260799941921751
0.17995792363633298	0.00874424591644038	-0.5957493354064641	-0.7827013563592495
0.13943703273196867	-0.11876424680051857	-0.6014861304287377	-0.7776032423329221
0.04925823730538528	0.010957920474650917	-0.7233850332310119	-0.6885983181316996
0.12773018750556914	-0.2090164212796187	-0.7682724146432786	-0.5914005679177519
0.08665409334754089	-0.04697476910180051	-0.7163281841039495	-0.690766510358085
0.06383771529126368	0.07989571001384291	0.7849286583510381	0.6110879011459929
0.11461561597871152	-0.050102485471341045	-0.7463658242813589	-0.6536750399611586
0.23665382801426582	-0.05789438252811693	-0.7037289774235794	-0.6673894908464213
0.14831687471214178	-0.21342649207622072	-0.6509662054336917	-0.7132280396471542
0.20615189223146546	-0.11085664218236983	-0.7119696689120039	-0.6620508989215013
0.11376550425340319	-0.12251386478636224	-0.6974248719444599	-0.6968832836066106
0.21244474412918402	-0.1756687041115377	-0.6259111040255149	-0.7295498796828219
0.2131791589423847	-0.1682810064237515	-0.6803086396496494	-0.6807468721100893
0.22782875675440512	-0.07063546344867896	-0.6026769293571551	-0.7615019420328244
0.08239502111825893	-0.0550585268459192	-0.6410027775836717	-0.7611143529368611
0.03383715409628324	0.00589924746739861	-0.6690863867037592	-0.742390499002843
0.08113599047986061	-0.23802348706785442	-0.7182919815502063	-0.6487051717795913
0.1051066554490636	0.07002253309808745	-0.6891288565184076	-0.7135480747311082
0.20231761972711879	-0.08051862139073097	-0.6241581773415995	-0.7503405240388537
0.19746526070411388	-0.04373314790090497	-0.7640714042109406	-0.6126089877375743
0.1336994478704175	-0.11197580797512979	-0.6434132286803325	-0.7453893567972463
0.10361016239549023	0.05512947269184386	-0.7176375411478267	-0.6864561420982411
0.04006082228308601	0.019225279029027865	0.6052689321227223	0.7947798682473523
0.0797767671191833	-0.16848690188810053	-0.7298425925223446	-0.6577063337542249
0.3195499812864172	-0.06886563617598437	-0.6724187761454865	-0.6640770460578603
0.24012622288349833	-0.07690217734324296	-0.6354542935484168	-0.7298104500584076
0.19569359970602831	-0.07292163457616674	-0.7146393779383243	-0.667590450609325
0.17277147035963009	-0.08417634539386071	-0.6937932337979444	-0.6940571378799413
0.059659072969041146	-0.13788130069322607	-0.792053056793358	-0.5916768519689751
0.16699648426623204	-0.11625936447581808	-0.6605585186350883	-0.7226744618934688
0.06387061265693773	-0.06877683897285379	-0.7512118033277324	-0.6533537462973835
0.17340642894740024	-0.16318190293857054	-0.5788725971790931	-0.7798771654486292
0.15180765869995155	0.00989229486734104	-0.7413358045814765	-0.6536649004710529
0.06631831375516167	-0.23120280728033218	-0.7525956380038141	-0.6129820134587942
0.1426889613081772	-0.2003357475303552	-0.6377210716675995	-0.7299433425502119
0.1752191234933435	-0.19758851359328247	-0.5975064499996547	-0.7571281795489003
0.14261365868422735	0.087836194637339	-0.679775311028527	-0.714038986179606
0.0715161644317203	-0.04532912947447702	-0.6854869518315938	-0.7231447622120286
0.00386091638987193	0.0098419366595627	0.638745770529658	0.769345221755418
0.2004126399365024	-0.09535562176947869	-0.7415010014322818	-0.6331811305033981
0.17188805517401046	-0.1340383728058049	-0.7726297188995878	-0.5962646464257397
0.25343766611853585	-0.1176524746813343	-0.6850717117935372	-0.6727584962629756
0.14002219650477243	-0.01222235723896955	-0.7843468327755909	-0.6041890799943351
0.013497478595726663	-0.11432737946924426	-0.7670838111155173	-0.6311335002198398
0.2707303882574047	-0.05660915668912608	-0.6294696920561261	-0.7261324720983814
0.006198361447263797	0.1184844801094024	0.7916299518071304	0.5993705262109693
0.022446140086732378	0.04084831397986834	-0.6475143343647844	-0.7606265659522674
0.21160301224266756	-0.012635785573789877	-0.7818928964865122	-0.5862661516382257
0.11654341312863048	0.05233088451054374	-0.635514482669704	-0.7614462907518377
0.1962808985647878	-0.08565848726207906	-0.7980638339855638	-0.5632322338989789
0.14141189618631475	-0.19443222783469424	-0.7714159729233789	-0.5891656652546083
0.013782855624468852	-0.12668560274944637	-0.5912904360799042	-0.7963268243298609
0.07925229820983999	0.12735642728233074	-0.7909260035656559	-0.5932414942854211
0.11802498096118087	-0.049650998279280704	-0.7837487316613745	-0.6077358043246841
0.009876698165239905	-0.03679304746246412	-0.7755798557955756	-0.6300988888864127
0.10343769141882811	-0.1783132873283947	-0.6936114223096518	-0.6902233047338133
0.2658351571038245	-0.010930697035027304	-0.6669111958461208	-0.6960184235815964
0.09534644518343431	-0.03443776091937433	-0.7899859568057811	-0.6046861037458996
0.25152849648136044	-0.08750100046018895	-0.7681867556106736	-0.5822079515779902
0.11552446504120244	-0.11709268884108259	-0.6545370371428822	-0.7379191467939605
0.018122236056537358	0.0658212812559172	0.7894564583078123	0.6099980687922103
0.08144720685583784	0.07057384871193491	-0.7395959789393992	-0.6643669711161437
0.14428106072782323	0.11393033093509503	-0.7210768149484073	-0.6680202707643942
0.10876133344432964	-0.05025219631452978	-0.7229430801711508	-0.680440292711731
0.043734977618908384	0.01606291214724818	-0.7872161503024148	-0.6149146016229159
0.2612393050071298	0.010448118709398314	-0.6802913600841421	-0.6847251475809066
0.02119981165675275	0.11297858694398036	0.7539003553620708	0.646854435760321
0.11691111051894644	0.035677185858256584	-0.610767216419265	-0.7823185655434267
0.15287594954011158	-0.16759355944987564	-0.6206278095391136	-0.7505747563766131
0.1662726711038314	-0.20752879072261332	-0.5807691070907196	-0.7694104523037462
0.05965294321154313	-0.0010728855813597052	-0.6148607030948909	-0.7863756679045875
0.13509272308602321	-0.13920640645710702	-0.79011765107701	-0.5814513135483056
0.05157045865788607	-0.026685925005826675	-0.7232976559951809	-0.6880907280528313
0.1655354909645753	-0.17703673250068896	-0.6875129125613937	-0.68453048992572
0.16750120998913373	0.004616968886188096	-0.6888632405143912	-0.7052584378215493
0.031216868193855395	-0.10181868781698124	-0.7591114880150128	-0.642190167096187
0.10626815551062317	-0.14851124141699143	-0.6993846572781007	-0.6910228588557311
0.10531639861637129	-0.02353926867321935	-0.7678830727528939	-0.6314348308355989
0.11354366021746151	-0.007332190627408409	-0.6000797027242517	-0.7918070639893273
0.13209373868269816	-0.14361180341883933	-0.6085314006102421	-0.7691660604778092
0.01685176354317382	-0.1313794989775475	-0.6680917761700061	-0.7321945260160717
0.19451328751176514	-0.09329667461447404	-0.7342871672021799	-0.6436479375943376
0.1005855847001987	-0.11550405108382027	-0.6923866953120672	-0.7050829869515929
0.23399237393911593	-0.11046978567560709	-0.7491212352722916	-0.609804370478958
0.025657415897089586	-0.14611184985892878	-0.7118882508903427	-0.6864460230670537
0.26362284235934713	-0.023015868830515113	-0.6331585790361756	-0.7273812484256427
0.11952983405593692	-0.10390867770122207	-0.6924335652917716	-0.7038830606899626
0.07372351055524791	-0.10270637415408647	-0.6421131046740816	-0.7561130904205686
0.014111999762083634	0.03507153053650975	-0.7923647566436249	-0.608875136327335
0.22320174946675359	-0.015683764000095697	-0.7941719459261	-0.5650008131726199
0.13608843027546663	0.10993678641970364	-0.7525074735736901	-0.6349223136357787
0.2952290519169976	-0.06037246617885264	-0.6821974436850455	-0.666184373924564
0.10571310759772114	-0.19802166960102374	-0.5959109923720495	-0.7710397177970891
0.01602666968384791	-0.05469095185829628	-0.7020439843859695	-0.7098494837859297
0.23367833343816422	-0.09938767631781838	-0.6620480164065182	-0.7051304491013711
0.22140386281698063	-0.11450258777783208	-0.6463653519980861	-0.7211666372332332
0.03918574402689233	0.0918950037230547	0.7774692354904487	0.6209358852745556
0.009873730930066603	-0.033425136418938114	-0.7436471704170499	-0.6676632052342044
0.11012023062671057	-0.2015340452998008	-0.6040566551573344	-0.7631337502377621
0.03660220250296706	0.02465845729322455	-0.6283750953291142	-0.7766575685757376
0.17595913205817512	-0.18756938219258726	-0.5817107870832032	-0.7716661654499731
0.02697294308245612	0.01232092589097426	-0.6944125156587687	-0.7189658637398024
0.11952840916956783	0.015085708917126175	-0.7969331152344817	-0.5919315759701661
0.025489734919389898	-0.008917747611795875	-0.7869263919531381	-0.6164556762970779
0.058684977841090745	-0.07815405029148499	-0.7554594878957707	-0.647864939587787
0.21548121137340204	-0.14729809781386896	-0.7638241730965033	-0.5902912421160508
0.1529742674000608	0.01780646943865039	-0.7618280506882033	-0.6292057090842053
0.11885069183333467	0.08178270055169053	-0.6835640159202038	-0.7154902788160393
0.05218380025094207	0.04294302805555625	-0.6318051387937824	-0.7721755072045208
0.058826762768772564	0.056687662658266656	-0.6805384838429209	-0.728143730930417
0.07494976818008971	0.06285734802591769	0.5949054604190334	0.7978213955595058
0.2403520785129207	-0.12958598328084772	-0.700130794225714	-0.659738753044359
0.16977708193797386	0.04354666921689632	-0.7340725817558643	-0.6560616394539622
0.3205574024634026	-0.08056487545296775	-0.6344812049051086	-0.6987029792346141
0.13676512027435417	-0.14066007231778574	-0.7463695676124952	-0.635957950240292
0.03943584518112876	-0.11995081668835988	-0.7115937520821504	-0.6911518991425061
0.1298208832751184	-0.12492274383982131	-0.7177618729802987	-0.6725761964513851
0.19729177879150778	-0.04483723390937129	-0.6987403881488696	-0.686168672008717
0.06199387878692616	-0.019324229051302398	-0.7313100434975738	-0.6789469444986859
0.11630031446055634	-0.06960054953648141	-0.689040319503491	-0.7119364005717945
0.004736249434975566	0.008219901375448676	-0.7107641994165549	-0.7033663725189109
0.14411800793588794	0.03433554921812011	-0.7869437358417418	-0.5989746459307974
0.11775652971723288	0.09003468260912371	-0.703758735930776	-0.6948027038214122
0.2603839075202318	-0.05267424603847144	-0.7995282886702393	-0.5386837292185578
0.13698900375785517	-0.05340990151420541	-0.602503265438787	-0.7844559964748004
0.027738758342444665	-0.10203164565767088	-0.7186036185397332	-0.6873346666592691
0.1478618510471366	-0.23502423174777656	-0.7333566257709399	-0.620555028127356
0.007670066242703805	-0.11050244969331427	-0.7728777436295922	-0.6248122694839142
0.06521910516088289	-0.1902349665711874	-0.7277024524783453	-0.6557486305534114
0.03781028817838571	-0.0703773506354193	-0.5897995755943012	-0.8035881228926849
0.20239559877653904	-0.017765495527917646	-0.6092688324122414	-0.766493247599454
0.13801381194109602	-0.02710480041881549	-0.769149003862488	-0.6233998134143821
0.25388557638606657	0.03369292482052379	-0.6259185809585324	-0.7366361591253925
0.03238947628878568	0.03174364903927803	0.8009725866886204	0.5969808857448871
0.1257679413797473	-0.22823390080965839	-0.6468838046458153	-0.7166819760041843
0.023953513536382864	-0.042164840586638413	-0.7573753587443964	-0.6511765669727086
0.025977493244099887	-0.17553643757883278	-0.7139162077670599	-0.6773741781426168
0.18652660023556886	0.02703833272536186	-0.6977592617051134	-0.6910924458223574
0.08631788437313057	-0.01728311063273393	-0.7843084624997109	-0.6140934396128517
0.2915687727243301	-0.056209458406183604	-0.6752196588804523	-0.675208530617821
0.19761350603069097	-0.15770077581846456	-0.6366189624721272	-0.7285572483761484
0.05386145955824485	-0.07461210814056699	-0.7216081463461075	-0.6861586256981768
0.11838865140062726	-0.22888884877940802	-0.6346547540570758	-0.7285652786653578
0.12687793843710676	-0.21825268226990996	-0.7547686663789396	-0.6054684266520397
0.09183721420516393	-0.15728242799759184	-0.6249261838626938	-0.7591412442049422
0.23424813621124407	0.001051608503422306	-0.6273187991112308	-0.7426963235958269
0.15778946435830712	-0.1997003866778426	-0.7709470858469692	-0.5838345924337683
0.15416087464928543	-0.14846711021213366	-0.7230438923584245	-0.6568100727271199
0.18200425652861943	-0.062003006239585226	-0.6376274125969262	-0.7459633774708163
0.09348701128877189	-0.08226671202130227	-0.7438235641694549	-0.6566725760984282
0.23764443540621893	-0.13464112853881763	-0.7617658753917611	-0.5874603305031556
0.04430501870782843	0.08144976286982056	0.6373174180989861	0.7650029477285635
0.01999255759640412	-0.0498477931442759	-0.7683123840665094	-0.63781782324535
0.036581249769571396	0.06103938154406603	0.6507798018363151	0.7559243716059831
0.07246996230881281	0.0674935028131671	0.6861233208435772	0.7207132024845595
0.03801845840908914	0.054110202733623165	-0.7458224704476056	-0.6628540754613741
0.20143549448870687	-0.18607905912685832	-0.7324517580775488	-0.6231474523767718
0.029043911562196288	0.07782133024713861	0.6674833406250804	0.7399772170463872
0.20899242396326417	0.03455879441952505	-0.6172867295627742	-0.7576839380374397
0.2361129594192814	-0.08646029458093789	-0.7445647662097228	-0.6183838587595144
0.14801961769739713	-0.20959661211950475	-0.7368899894373443	-0.6254219347222904
0.0013163055009920127	-0.09682661444895928	-0.7970563397695845	-0.5960906519207404
0.11152050469821577	-0.04565738419247859	-0.7745213420596608	-0.6209631800635667
0.10770994168958296	-0.16907480384923082	-0.693195477325763	-0.6923094029259449
0.04836067680811005	-0.0774778020103821	-0.7369852964348117	-0.669709719186749
0.2308305511237648	-0.12393213194454933	-0.7927031314239107	-0.5504360351306081
0.043108080682201864	-0.16566356757392542	-0.6339968665927519	-0.7541520065007774
0.17329925056610446	-0.1550971012498468	-0.6454623051824003	-0.7275236570213668
0.07265564663706787	0.034976353038529154	-0.7805411398308928	-0.6198817151452077
0.14182450546008382	-0.13408801862710965	-0.6989931213911565	-0.6879787999346393
0.14216946942348352	-0.19465992618322778	-0.6278357566212386	-0.7400794672263394
0.1251877058919224	-0.17582491706937664	-0.5850792965537233	-0.7817262011569427
0.3061004820662237	-0.07052592832763098	-0.6193435643762024	-0.7195430060657472
0.0951879143570663	-0.0645463281367097	-0.7146175173004667	-0.6899962582882151
0.1434429664499363	0.0325037031993761	-0.7538064652165162	-0.6404244199373963
0.200310112615811	-0.08840026166875736	-0.7511287118709995	-0.622789619955045
0.16845821961919014	-0.05574564284308675	-0.7626521321928308	-0.621993550455688
0.029596978607609032	-0.005638162510532402	-0.6292025176786217	-0.7766572099244874
0.19149218775291582	-0.17793638854683688	-0.675006355606807	-0.6899534792657602
0.13037998887713811	-0.20179818947943376	-0.588535057290927	-0.7719488555356405
0.09386730091669802	-0.08196943635882231	-0.7539455607105364	-0.6450085525064809
0.03556366401044825	0.0805223686476746	0.6974857507253392	0.7111715696543486
0.2896448934088035	-0.07661408716120674	-0.7349245029790381	-0.6083766039976156
0.15566126987276202	-0.20750759162251983	-0.7099504611561208	-0.6547369786294586
0.11321614177594883	-0.16102479684410914	-0.6964395888835434	-0.6900905875886169
0.12909704855689602	-0.027109173275795807	-0.7582374061233117	-0.6384943858277795
0.1513475688109703	-0.06812031001142119	-0.762269046117892	-0.6256192437173552
0.13513117993490356	-0.1823074280186512	-0.589776799586795	-0.7750270269918221
0.10220619185633427	-0.11854668082848528	-0.7651587455565915	-0.6245259585549977
0.1616608727965029	0.059799652990503535	-0.7957842779469868	-0.5805317792173665
0.23301184678872935	-0.15671912760330337	-0.5867550483261992	-0.7595150476212338
0.2958195159390422	-0.006476671017616865	-0.6350965749423167	-0.7135132845425224
0.08374068856044042	-0.05960905918551725	-0.6048398699067702	-0.7896853733694211
0.10333661731766115	-0.14078043401750803	-0.6063481843297769	-0.7757862413572235
0.1839078556149564	-0.05197198468684251	-0.6663142466778247	-0.7207649673263691
0.28380919947336575	-0.015193538416800555	-0.7058005292126803	-0.6488968389873424
0.25394106014721773	-0.018937768108423708	-0.67263948581351	-0.6947743669961606
0.10901983957056437	-0.23691251226424817	-0.7082472348026236	-0.6560281933782176
0.3210127747939533	-0.0810714886725615	-0.6464592386351765	-0.6873635609535389
0.15488887597321527	-0.012231337447233424	-0.6254597444771849	-0.7646305895807076
0.052600517181971694	0.08187553077054617	-0.7906772408246603	-0.6044494055709978
0.08797379783630196	-0.036679428594720315	-0.7177542088013492	-0.6897420721981308
0.13405021742039142	0.0721385237827664	-0.6036640055308199	-0.7825703425395543
0.16702546681732977	-0.12302170265830582	-0.7592150459547634	-0.6168959945610047
0.022170254148852514	-0.1261954042225985	-0.7286958549580901	-0.6727447887207811
0.12163699606053835	0.05074137297072394	-0.7159756519565739	-0.685571746838924
0.13860594003251708	-0.06997093154018123	-0.7224350093559037	-0.6737804682417241
0.0735002940685464	-0.179946414505892	-0.6366132751256905	-0.7462844850404252
0.10573384332470379	-0.13943552493024217	-0.6072328783780934	-0.7750137548326935
0.09116523717119975	-0.20969604209186343	-0.6560540844199156	-0.7192423150638959
0.21292266817587333	-0.11984270773408152	-0.6754238798830385	-0.6957760022187982
0.22965465361366363	-0.025861912058767717	-0.7386872891973808	-0.6331911167700299
0.05224534432244067	0.05495616540856964	-0.5923117934832504	-0.8021327715415142
0.22825360646407739	-0.002808542306344143	-0.5991236425479189	-0.7674263900638086
0.25441314462013864	0.026506992949943665	-0.6529488045191363	-0.7129019496720953
0.1926552461017654	-0.1847567400980069	-0.6151717531471665	-0.7418305852872792
0.06315244120481919	0.045914487403480135	-0.736213792632335	-0.6722297825552367
0.15662337792214598	-0.18410387166887218	-0.7825846588194315	-0.5737038728344634
0.05141854968524463	-0.1293977022756457	-0.75626866921592	-0.6392730772967299
0.10799000008114147	-0.12833211623122576	-0.6909503992051621	-0.703176061640552
0.13810851189473355	-0.08832714627860305	-0.6171411984336835	-0.769585015036245
0.261521628452853	-0.1033115095405525	-0.6060981099836045	-0.7440283938951004
0.18581695380411845	0.012957723353010972	-0.7398721904698663	-0.6464466713146466
0.020616916215720208	-0.0043254169051080565	0.7145964041472521	0.6992197170519207
0.016407113218751972	0.06977613561244084	0.6815869205573694	0.7282179393972271
0.12668901756652484	0.13107729542561644	-0.686677259969489	-0.7037350183788847
0.21847623884711573	-0.16105971348077633	-0.6085231261595294	-0.7456725197308411
0.23528353099681423	-0.0446883389866919	-0.6681297952464385	-0.7044481450782832
0.012048760909556755	0.09875837707756523	0.6159992793213857	0.7814387360459445
0.22807930803689375	0.02023251113695335	-0.6555874933381822	-0.7195661980089558
0.17504602288695764	0.05636144427986316	-0.7682177865803674	-0.6132077216178117
0.08565095532295053	-0.20826984163996845	-0.6992228619076054	-0.6785093781969901
0.2966224220781195	-0.02958317655124544	-0.6171660973178614	-0.7281799109472108
0.093810826830586	0.05078383435928165	-0.7379641318550076	-0.6663553639257477
0.014317548332910341	-0.15892264245277032	-0.6858094821018514	-0.7100732045252476
0.10938458474116605	-0.044466476021302104	-0.6690924678428624	-0.7337390643867873
0.2946188333226905	-0.05085857374844208	-0.7137570550633794	-0.6333750980857259
0.15843878230966443	-0.1521865241298706	-0.7106022200765598	-0.6684167105599346
0.1335720141584833	0.10621348587880124	-0.5988577769017445	-0.7824618683970612
0.11895682334589178	-0.22648482050571753	-0.734251264442992	-0.6288314407882406
0.036015145371353655	-0.06841183912037871	-0.7871132953135208	-0.6119439434398692
0.06406678923649237	-0.14828646281541763	-0.7722256737794977	-0.614470569041691
0.2010724955283349	-0.06573868752269985	-0.7379012118057151	-0.6408978687126817
0.19586756950080386	-0.18945342721052114	-0.7213399224788258	-0.6367197267042046
0.24273897606564065	-0.04270656904197366	-0.7030651236974239	-0.6670482518525879
0.13069119208234697	0.08696764230929802	-0.7950158125080645	-0.5859234586235638
0.1984671362131021	0.06109857454257792	-0.63549378414105	-0.7436567826291398
0.2461993116518507	0.03911393864947987	-0.6239963910991987	-0.7405973957830635
0.020992781097271523	-0.0485883316922593	-0.6266818410670857	-0.7774756248538812
0.08496177589565172	0.11538961690861343	-0.7684607092891246	-0.6236464312614931
0.23870786539187047	-0.1232144047797494	-0.6025474646194627	-0.7515140173912167
0.21381240641555183	-0.020012311747316318	-0.7566793206250396	-0.6175112695163932
0.157550560679231	-0.013712645738349061	-0.7521150378470111	-0.6397755497210748
0.10532431638802366	0.026882066002123013	-0.765792193197907	-0.6338347258883757
0.13623460775797727	0.038017435770535936	-0.7337125655581919	-0.6645755618200831
0.16066734789070108	-0.17786952689285743	-0.6373810502836925	-0.732320852812438
0.07045070388367575	-0.07963403110400787	-0.6697011743360851	-0.7349799021097715
0.13760686864436594	-0.22437090828520115	-0.62650678496836	-0.7336288527626045
0.16337558683837888	-0.03638919465329473	-0.72018590827232	-0.6732878297308467
0.2120930223244314	0.069730190814583	-0.6125085232203412	-0.7582793412408694
0.014128616272767628	0.0057207472266441305	0.666174072388589	0.745640503547513
0.048104273735844555	-0.036215358084824144	-0.7624553816463466	-0.6442330460987382
0.013834921684676442	0.05092897942355003	0.7804298878967368	0.6230120577278913
0.14088618466428882	-0.11643175194946553	-0.6942051805029112	-0.6961852465196591
0.12026114541467005	0.11435586306943327	-0.6574676034791797	-0.7349805057690584
0.17013725565417098	-0.15666155710257562	-0.6835922615075835	-0.6922514649833624
0.02028572969610877	-0.1603542478570361	-0.7093201962431862	-0.6861048488142526
0.09223519889405352	-0.08894436288721466	-0.7891080842078243	-0.6007412087025654
0.12694694210374657	-0.09623683379198794	-0.7062764267645487	-0.689780077060002
0.17242706754887674	-0.09276810219806395	-0.5884698839668464	-0.7844527909664871
0.23326532402661068	-0.11021952694757077	-0.7804510354355659	-0.5695042807334876
0.1005055411055317	-0.024414825963302828	-0.6203595279319377	-0.7774680756046061
0.1862658374170005	-0.15391957754122607	-0.5738657215234183	-0.7824908530591783
0.283218281738592	-0.10538464837613266	-0.6300152187624646	-0.7153756390200622
0.07142891230430823	-0.22351974369680572	-0.7687111877767897	-0.5949957516247784
0.0044717087145378495	0.05546404779392514	0.7863027558835562	0.6153305772618569
0.10271992714782044	-0.1573491101081924	-0.6179970612802692	-0.7633934151955056
0.2693145056355308	0.01652213485848241	-0.6494888430416154	-0.7108874445919492
0.023333291187759946	-0.00027390324147945854	0.7106958154448085	0.7031123241763013
0.1344891475096884	-0.2388882003047404	-0.712139750036742	-0.6462987493217716
0.023622696357346717	0.0374222350621289	0.6027367385228156	0.7967119734098657
0.07385611411297484	-0.1437761995994839	-0.6813753870109975	-0.7138636149941204
0.1445837294585759	0.06722127545093999	-0.7998576933781448	-0.5786229477357356
0.1331601015641275	-0.06879342058177279	-0.6957765152653038	-0.7024463633910856
0.1489014861425149	-0.22022706023396013	-0.6658320659620204	-0.6971341687953659
0.1624577938772443	-0.20374790081412691	-0.6453210287660208	-0.7180912392967485
0.30551696714134113	-0.0314313620949574	-0.6291625740392086	-0.7140209434561213
0.13597651568929112	-0.2059147115852555	-0.7167431345027038	-0.6522183667124071
0.15869071768674545	-0.11037164764598824	-0.7777988504220251	-0.5980504191104222
0.26087379883686473	-0.06897348098440763	-0.6390561116101304	-0.7202741188013471
0.14855860179873273	0.016484977983509803	-0.6797592962645481	-0.7180430951373429
0.19379271438090087	-0.173930595676058	-0.779704676383932	-0.5694323044626833
0.012341383387836299	-0.015556000765767429	-0.7261102370670132	-0.6872915136408537
0.2137812255840151	-0.14215280687450388	-0.7720897903854875	-0.5813497421243002
0.22186007811993208	-0.018847477695288207	-0.6024403547012839	-0.7664779822986009
0.20609952854996633	-0.06724348750485996	-0.714927691588233	-0.6647403203657694
0.24661717314712228	-0.048981994209957865	-0.6149089639536058	-0.7474407670187926
0.1967246045982114	0.007639095118149337	-0.7833721520727894	-0.5895499516820434
0.1967745681203651	0.010877753569858978	-0.6257509956132836	-0.754716592707025
0.1826558068637284	0.00486855078773538	-0.6481801744517036	-0.7392398899409762
0.11724347299207831	-0.03195512438795469	-0.8041584126422332	-0.581860881519655
0.291856090630078	-0.04206954311799036	-0.7031686309668753	-0.6469961764401253
0.020705299486391524	0.11053854400495194	0.6126330764889776	0.7823255297215441
0.14762139721730758	0.07414028937282569	-0.605994869644685	-0.7781268267703182
0.023734871970037725	0.015331015202377448	-0.6712078381670799	-0.7407304866201373
0.15452238199791743	0.03655094746599345	-0.7377267554557875	-0.6561601145952903
0.1150862582717688	-0.0018685135522309452	-0.6062746324470748	-0.7868816504819981
0.24047850362576528	-0.1262008004301152	-0.7208565607543483	-0.6376592084194531
0.14004144676969552	-0.006984544393566924	-0.6359583136680197	-0.7588785361326235
0.00942903536310894	-0.09079758590073704	-0.7893174821058037	-0.6071612669866827
0.09173377677821287	-0.08399893857417645	-0.7237552014970462	-0.6787543744407006
0.07799681174046906	-0.05131080151397646	-0.7994762740861237	-0.5933981683319255
0.03563739817057406	-0.05340899471221138	-0.7764094592000821	-0.6269496046733732
0.033002755195508	-0.03716637436057246	-0.6171636998829498	-0.7852632974443562
0.14110601586022975	0.02588675558030194	-0.7979814518789562	-0.5853584975301303
0.04009980353701373	-0.0037492643287078296	-0.7294506938358559	-0.6828467134252568
0.10280989903628619	-0.15763498816383859	-0.6797944134587613	-0.7088447577551756
0.017651923296143342	0.059597874237464946	0.7707264357807012	0.6341271671984249
0.14465562213746955	-0.09119272172840946	-0.7806167605582148	-0.6011623005673138
0.10981290030478	-0.15383173824254312	-0.6427239741380216	-0.7424168750130602
0.13695846473768858	-0.20422006272181023	-0.6357908242277267	-0.7316464807175821
0.19442853424302098	-0.15228998457617376	-0.7822987362214713	-0.5718513731523147
0.0037012217381109562	-0.13034176016887455	-0.7614566166220383	-0.6349654695463708
0.11086799838603732	-0.1649775895811355	-0.7359636150991694	-0.6471848569922148
0.2796478046985402	-0.058517721141622195	-0.6025052568496196	-0.7452249305466453
0.07998161402869329	-0.15656103103835717	-0.769148116683666	-0.614412532082103
0.21279096924129517	-0.16995702934392243	-0.707536127110809	-0.6520945026750158
0.2446099190297299	0.014808570007989083	-0.5957453514067049	-0.7648752643692233
0.21893392317788474	-0.10444577517440337	-0.652215625575212	-0.7181739309427021
0.030023973848134475	0.08446852362616707	0.6238810220792562	0.7763608051673686
0.12212332292201551	-0.012989978302356051	-0.730285004829819	-0.6720126235294249
0.05856421124308993	-0.20922519808569184	-0.7728635075661957	-0.5962189600473593
0.1404170476124697	-0.07112066440409001	-0.6950720386769765	-0.7014982287104864
0.12003915743988393	-0.11086795947562135	-0.6516446105631356	-0.7407146534036261
0.09411880480029175	-0.03222040863564571	-0.7759969900360498	-0.6228420083017099
0.17560383111187758	-0.053793264976811285	-0.7603698280617366	-0.6229825870081209
0.0729296820593261	-0.1524748324298408	-0.6466734161504158	-0.7438052028552695
0.0022013727754775906	0.03822260057732032	0.7384093358417566	0.6732650588770711
0.06356434080140798	0.061134008010552694	-0.7416238491548064	-0.6649934390712867
0.13916724653046456	-0.02929627041741286	-0.6881582732460173	-0.7114860483493817
0.12619578364042836	-0.04520134368682352	-0.6120825171937068	-0.7793500207648034
0.07240383193836511	0.06464556456443608	0.7473152554323668	0.6573420305296495
0.20939878933472944	0.00775432844330824	-0.7199549633225565	-0.6616319733830577
0.12421401374660168	0.02073111693774954	-0.7175223500873302	-0.685056768964899
0.05700109300618917	0.04752524850864406	-0.6390300515848185	-0.7655931160360544
0.08903699339888993	-0.11817249301971955	-0.790265242835079	-0.5946330983613374
0.10065970861604266	-0.023681620638966665	-0.7842411301672905	-0.611778271646825
0.1570455116180529	-0.10412830325930486	-0.7821176700680182	-0.5939578721663153
0.0809204646087968	0.03896232856877766	-0.6517637261714627	-0.7530855599512487
0.1495869014339354	-0.10867829878384112	-0.7273657747430353	-0.6608720118338408
0.0811353778340544	-0.019729742487545224	-0.5936464723211926	-0.800382192221756
0.10232748921369143	-0.14182149667950925	-0.6643305248489184	-0.7266916139496633
0.22235271110159258	0.03267902148628388	-0.6748431315365516	-0.7029068937195105
0.022580050436184943	-0.07139104654707912	-0.7518658343489755	-0.6550505529605567
0.06289464244501411	-0.10970676041306736	-0.5965220148047441	-0.7925718746742608
0.14509806795900565	-0.057670168445326485	-0.7282145782565743	-0.6673261798855572
0.20312706622563095	0.005146836250254245	-0.6008001657773956	-0.7731442723354
0.04245206060041945	-0.06484299350209251	-0.7811830657927714	-0.6194725389095731
0.21037119946324953	-0.11939526835374709	-0.7318771138604133	-0.6370593524456588
0.03811209629139349	-0.15862768197460436	-0.6618566156760215	-0.7316628642438555
0.22158256388377237	0.037572618998360334	-0.7332082785623805	-0.6417905311952558
0.1743466528380894	-0.15528007234480953	-0.7206047842360349	-0.6528553352105526
0.08304196086459105	0.011581777337803687	-0.6713131432305263	-0.7364160229757445
0.14479449186794666	0.0666561194185137	-0.6942362810001518	-0.7018742786367416
0.052864299581182404	0.04144209081657852	0.6690355179073295	0.74018875614063
0.2270072846483726	-0.043066558897061416	-0.6396905939075079	-0.7330817882662196
0.031468805659370734	-0.0029402273910324093	-0.7426960688377361	-0.6688823653425424
0.08718637701596148	-0.11876108860096826	-0.690839406818416	-0.7078384374162812
0.1135940760674282	-0.08548661254078643	-0.7428038382102958	-0.6542406918701569
0.062282945733095924	0.06638976073895078	-0.630981235787029	-0.770438780452092
0.23552729954345192	0.03994225493096502	-0.6214706287080244	-0.746127177560268
0.025180252267136435	-0.049829409241541285	-0.7603280904407287	-0.6471353643227646
0.09225275179250816	-0.2006879031526816	-0.628954082147655	-0.7454063038804345
0.21285763391887055	0.022208773116809206	-0.7206696349408648	-0.6594191954692453
0.17369311903000909	-0.20617250125720335	-0.755730286440533	-0.5968210236607667
0.15060832626870568	0.10819424396319711	-0.7971918501289204	-0.5745400697251675
0.0015797051820031643	0.03794957487740071	0.739020434001735	0.6726114275166978
0.13208410676884863	0.0514860964246272	-0.6643341502945577	-0.7338685899849083
0.21075685497291824	-0.15233332974501176	-0.628338596170861	-0.7331894116070918
0.1522305084165948	-0.08718647250448282	-0.7564941754955591	-0.6300325021463133
0.23354447235742026	-0.10400084954715791	-0.5896155636847511	-0.7661555258467283
0.09802349833046925	-0.1723903484313448	-0.5830413349594581	-0.787867859016643
0.24284737031004744	0.003566949064356121	-0.7068634223881408	-0.6643466969117795
0.2158729841794074	-0.08036457104894769	-0.7155464665856905	-0.6594949920797952
0.23668798474075356	0.014586138579674269	-0.6561081632095195	-0.7164412890185251
0.07688611675877086	-0.1340912254039504	-0.6067551582833227	-0.7797154905579365
0.02029378486962233	0.05863230925454041	0.7547473950510059	0.6530748688097455
0.13426870953053766	-0.16405862326469128	-0.7708209490532679	-0.6007426622723889
0.2648361642143248	-0.10851930238774227	-0.7334084107004134	-0.6166015490147707
0.25308817541857415	-0.10271454475807199	-0.622817231605688	-0.7331403643051349
0.010016663994767559	-0.10353444791582428	-0.6238394713731309	-0.7745996375509571
0.18428457776457424	-0.09740245649586111	-0.6034747504078853	-0.7696558851115509
0.1919652072927022	0.01673315063678524	-0.6659477929745974	-0.7206822447452824
0.007013121931429071	-0.15264183553843244	-0.701766222113592	-0.6958271737038227
0.14702125655795723	-0.07478942987554173	-0.7282364819626391	-0.6651788613881905
0.1749854910095487	-0.16381467583382212	-0.775621626531004	-0.5839143108153856
0.014939398354762238	-0.11325331838617037	-0.7819509159454544	-0.6127832123217667
0.06215418987570495	-0.15942372299994498	-0.7425312656139543	-0.6475864828819936
0.014333206477488782	0.006320493167850734	0.7126348893444724	0.7013601963664465
0.16772712521454233	0.03334750736938946	-0.6795127943826632	-0.7134549162279129
0.11866651709893984	-0.26105180208622236	-0.7008123833886486	-0.6531708946640722
0.15187931280905434	0.0873820106818183	-0.7552465707717476	-0.6315850503988895
0.019291664745258584	0.0001325301536915943	-0.7418898189389099	-0.6702442171790117
0.25675532508128435	-0.022977874933212135	-0.7301022868996743	-0.6328501963101721
0.1705086933098858	-0.17968784935920293	-0.5858293488813877	-0.7716495553602224
0.23962723355500043	-0.012239439959408146	-0.7788556024003179	-0.5794936890578664
0.014560074695864646	0.017314804073558288	-0.6884415923656003	-0.7249388772068042
0.08278502912339955	-0.053856127420269864	-0.7047238578202318	-0.7025741531762317
0.09230494795825843	-0.19267258162801776	-0.7302734042622265	-0.6488896885438052
0.07177303169767575	-0.19228385649050017	-0.6752835181621876	-0.7084262280241773
0.19610931479960106	0.032507026940823976	-0.5996043792868492	-0.7752154656534735
0.13408861234988617	0.1238921832263435	-0.6091218282756552	-0.7717781865870629
0.1926010777132975	-0.17498973076811622	-0.7315463040587137	-0.6301772956933744
0.17206688044462942	-0.10844103834432077	-0.6135872360799091	-0.7629837701921826
0.041791188789074306	0.06286513087280735	-0.7305369026201772	-0.6786879295891878
0.19446185649183476	0.022657286659416413	-0.6895949737025209	-0.697230238856005
0.04941458292998588	-0.004753875961090665	-0.5955122720013413	-0.8018109088513341
0.2017892711214073	-0.02241084633667665	-0.6250397490362121	-0.7537268445209536
0.08953586589613763	-0.18192266513975563	-0.5806261985788103	-0.7885180341314948
0.1585418392501805	-0.08931402223301788	-0.7813768212946374	-0.5969403268193717
0.1702728211141213	-0.0028419162430224636	-0.7568043515219247	-0.6310675585223702
0.08170350632399763	0.05346660423441087	-0.6762317359923542	-0.7301893579906327
0.10534191657502118	0.0029253405581719824	-0.7396202924580667	-0.6647227587341689
0.1096350769891112	0.10582443792020034	-0.6528800300927409	-0.7419764177779286
0.11861721354754912	-0.25484393302023095	-0.7435151303603008	-0.6067699542481484
0.18330491299040974	-0.12655651385150593	-0.5800434727685969	-0.783538338164686
0.18933309985263247	0.0028918724362571387	-0.6819239306019236	-0.7064873440100881
0.20635370288333071	-0.11336723751458921	-0.7936981121409352	-0.560900459572431
0.21367817424305524	-0.10509392240011317	-0.6508267638154694	-0.720917074862426
0.15160845730356298	-0.23895611021944518	-0.7575544218089107	-0.5882398754424873
0.11160742260382535	-0.0030698817810082294	-0.8043569413525167	-0.5835617104845088
0.3047411268684934	-0.0934208433495047	-0.595120105825595	-0.7377245090580363
0.003801431004243431	0.006419476121113649	0.6701783972179249	0.742162553185664
0.10075057877189568	3.418087146194968e-05	-0.7909294179895251	-0.6035561079697124
0.10355091669284351	-0.10863871205824283	-0.6168384142867577	-0.7726481790275548
0.14771350003440387	-0.010174231946467865	-0.7031707719041459	-0.6954337297339074
0.11674959123128259	-0.0006563802742935871	-0.6428019480358639	-0.7570830586623654
0.04573119032828041	0.03598988885924158	-0.6435523938768587	-0.763186544998287
0.09234369204031599	-0.19283960752425278	-0.7042336844530495	-0.6770084534124653
0.2031344971190829	-0.14643856109816505	-0.6101025653219317	-0.751709374486759
0.11266049493505788	-0.14623277801243995	-0.644115500486041	-0.7423198835740352
0.11868701205186541	-0.11248609859555475	-0.7408326167858126	-0.6514808552054595
0.0030151362474034366	-0.10604378560036885	-0.6012799671174599	-0.7919646618582038
0.08674956736782774	-0.07327499291674777	-0.7028186688475966	-0.7022472546716274
0.1633625219729944	-0.19424626417399254	-0.5820872987263325	-0.7724994834500226
0.039627600079917946	0.012141134478753519	-0.7592292135411994	-0.6495023075179075
0.32222744082077825	-0.06850991021882226	-0.6006115704279449	-0.7285201507521797
0.20618797137989237	0.022131168094822566	-0.6436797636300101	-0.7366634874555802
0.2698755763108127	-0.05881887429231391	-0.7329365440380091	-0.621700519343125
0.11666506036530058	0.04004366613927227	-0.8014801900262568	-0.5851626043140168
0.15383523830826204	-0.19230523607543626	-0.5699870587235345	-0.7838802003624693
0.1298330738305619	-0.12223252418981806	-0.6469743377882474	-0.7413681873491418
0.18605165825471973	0.01912384811247968	-0.6928312052009948	-0.6964222713223471
0.19583164785110305	-0.09563152159753278	-0.586852574607664	-0.7798132042054804
0.0671935979098151	-0.060554066686964586	-0.7280518501619437	-0.6795283135259159
0.18217143023068844	-0.004982115154860631	-0.7143068519076762	-0.6756881454147575
0.13393054123029058	0.03611808035990471	-0.7470680043924655	-0.6501134448770738
0.060389105494880774	-0.14951031043584037	-0.7420315954280671	-0.6506834363939075
0.20586921735323294	-0.0469789951935085	-0.6399979696781456	-0.7387918774356057
0.18412105778573065	-0.1265065217601918	-0.631003576118278	-0.7429199303814283
0.10146655898562043	-0.18792800983804686	-0.6086310851971872	-0.7641700090016769
0.24579772224976645	-0.10434798568736976	-0.7451900931352946	-0.6110537641753186
0.22704217682268962	-0.1204937783407363	-0.774037869470566	-0.5786177286864405
0.03957014048308152	-0.06125586493677557	-0.6114698158114138	-0.7879001125425433
0.06607102710619268	-0.11559528127002862	-0.6390910113938708	-0.7575189961187738
0.26320752473730347	-0.05323149202215343	-0.6640206020143387	-0.6978286661346554
0.1580417383704468	-0.017346931163931975	-0.7020393467171414	-0.694163272273181
0.0083626874693489	0.05305943309364213	0.6946511066812917	0.7173385546619728
0.1696516225168463	-0.19457604802119483	-0.6665629622854481	-0.6993227479662758
0.12548160219922025	0.06107593559953301	-0.7118472449573202	-0.6883295703707865
0.007160568542331471	-0.016280570699855817	0.7880130199112854	0.615401616609945
0.14083586493054245	-0.07066642592217356	-0.6925877012028375	-0.7039131988670344
0.1775734459860102	0.0319640409895242	-0.7001561559800046	-0.6908164217848163
0.006772577655553921	-0.12202389494471534	-0.602938425589451	-0.7883714582619887
0.028254346759863012	-0.02628831194233354	-0.7919912910753912	-0.609311423990336
0.11326828669886711	-0.10937583862137551	-0.7658149869512181	-0.6234858674541708
0.04163358459788249	0.09930746797768779	0.7202612375451365	0.6852944047103696
0.24541610418490772	-0.02542998908780446	-0.6320096400844831	-0.7346346481768871
0.15295660299128608	-0.15070979752266303	-0.5942749541466396	-0.7750665219231531
0.07893189110237275	-0.10965893230795921	-0.6600598236863633	-0.7389625865273618
0.04314136524276412	0.021137763353057476	-0.5974460733027057	-0.8004687420884082
0.13930637967434437	0.08546877657116486	-0.7762545253878552	-0.6088659397834069
0.10333131664577189	-0.06407051280297259	-0.6542625354380118	-0.746430266744081
0.027887613277879152	-0.1546544200880372	-0.7341092392861573	-0.6605966365094479
0.0995279660291952	-0.21201201004854403	-0.6864900724900022	-0.688386862124735
0.2230727795967809	-0.08836055369239228	-0.6645104535391461	-0.7077123742674974
0.3472944606254642	-0.06022638436368046	-0.6126529063802003	-0.7074007043742886
0.1065331042233425	-0.15637200508813429	-0.6074149094579332	-0.7715216273685824
0.2762827227626444	-0.10373561522157176	-0.6118207871693415	-0.733881532418516
0.17508427310010122	0.025515309513214218	-0.6539889976396874	-0.7355221663958817
0.0994193875723878	-0.11499208533177789	-0.5962250562293776	-0.7882945439428437
0.06326646006985392	-0.15697204393995415	-0.6638262591336124	-0.7284859848591577
0.24512255318217382	0.027089797083274494	-0.5949704816379422	-0.7649779100045665
0.1809095866128853	-0.15300008028048193	-0.7729365048334554	-0.5885846212751085
0.10113880134790171	0.011660502813441163	-0.7720982148063444	-0.6272952432697887
0.15607289928200274	0.08706792473017634	-0.6818291555120244	-0.7093443657960847
0.18442475158523403	0.012173179158929046	-0.7151732667375239	-0.674067150405557
0.10813505539476699	-0.10734005371987904	-0.6138398425319382	-0.7745873549074691
0.11407637613802232	0.06026430691376354	-0.7940392406779934	-0.5940172371092743
0.05877069667803978	-0.14344605183667547	-0.7325044900253574	-0.6628773698936619
0.1374965229299115	-0.016828831023787686	-0.7716988956048003	-0.6207191886440185
0.010553601159485603	-0.04102073993485975	-0.742022396758371	-0.6690356366492937
0.2644706671266965	-0.03689400377984503	-0.6598800781075156	-0.7023192872415451
0.043213559822488964	-0.15460123107272652	-0.7668625425246546	-0.621412011849536
0.008133706194065914	0.002239311115488195	0.7950765162112174	0.6064504610260515
0.00917229308453743	0.042051570654516444	0.7730424564430607	0.6328924829554686
0.14928086606880783	0.06218093794541139	-0.6117482457006648	-0.7743467168291828
0.2803074040349471	-0.04961590499005013	-0.6040699549435545	-0.7443557689369373
0.2213126889963329	-0.08217325789248003	-0.6574322335679424	-0.7155774644595893
0.20405561023280117	-0.0037167571551588933	-0.8024151227750167	-0.5607829030834691
0.21749011958249773	-0.009042642775986235	-0.6425813695874193	-0.7346464877441212
0.03068527256974184	0.031199131832373512	-0.7691115208084033	-0.6376146930396225
0.10722027450086144	-0.12443093785038545	-0.6893218553132171	-0.7055892106808165
0.08332053564449853	0.08841836107600441	-0.6830636266126251	-0.7201832848402936
0.10097919591639422	-0.023840641554791576	-0.6021923141538966	-0.7915802186615764
0.1744738093387278	-0.07367310370987622	-0.6180548804462589	-0.7629805557162959
0.08166941527534172	0.019533108639749264	-0.7578360364365114	-0.6470186289077386
0.05246279464960101	0.05695601456911873	0.7072408419145161	0.7027190470664664
0.0654071726646208	0.10708127210099455	-0.7680828593347199	-0.6279364809640019
0.26346315278029364	-0.06971522286398389	-0.6959034866281628	-0.6644134948410209
0.10877246807059315	-0.14516594383121617	-0.6182990414534232	-0.7647232795457466
0.041397770248981794	0.0497665319541918	-0.7829045893664983	-0.6187648348642153
0.054493877206792087	-0.20530205761707782	-0.7535973380089998	-0.6220711652463201
0.1260377917604368	-0.05934426162785974	-0.78892646572462	-0.5984878990750413
0.021038476407486725	0.023135603463447584	0.6808905974196109	0.7317172409533611
0.17721159595772348	-0.14180065131647657	-0.7427756581999423	-0.6298991563178841
0.1304664745989266	0.08810497923343028	-0.6439581731924711	-0.7486881078383841
0.07235848063998905	-0.10882304599222732	-0.6831586043272269	-0.7184818134609403
0.00466582914894278	-0.06366320959060816	-0.7370396801818115	-0.6728281620298516
0.01886647073323691	0.0846664796858995	0.6972019109697041	0.7116074330976749
0.23839367427797525	-0.11326980890603755	-0.7251021398808523	-0.6360544734492837
0.23799806053546388	-0.030966008697025822	-0.7864426914301572	-0.5691273342432465
0.1335701329327319	-0.010838130114440748	-0.668077997898191	-0.7319244108842793
0.17683885297437477	0.033469103554774796	-0.6448725198288456	-0.7427969253810509
0.12005724909335994	0.029868097102885575	-0.7369375966746131	-0.6645427994666957
0.09670716327832371	0.04913865967652559	-0.6040289745301554	-0.7895455114329402
0.1155757182473904	0.06119304499033532	-0.6664176394304316	-0.7340198869597346
0.02115631021132569	0.0372312040602894	-0.6721156198049145	-0.7392069003984736
0.10200750016349669	0.029485954253095074	-0.6005054774077226	-0.7925390968371855
0.2675217813434097	-0.03419963054740565	-0.7288380249856239	-0.6293310854489272
0.2237845115703509	-0.1345109474265303	-0.7091292006956024	-0.6549527266333448
0.19252825475802202	0.004756982482387776	-0.6938651981161	-0.6938741449865369
0.01144471975554249	0.007297809499750691	0.71580960859956	0.6981635657944112
0.13784653453173148	-0.004680773007250266	-0.7708352142699407	-0.6219240272919686
0.20442929346063463	-0.15624803814569335	-0.5960639648872276	-0.760593823478554
0.04836858493939924	-0.15608683939340479	-0.7661893710336757	-0.6214911312916364
0.21178249458086293	-0.15989313436040095	-0.7800621534446226	-0.5666439775880898
0.21944255019667644	-0.050791260029043536	-0.6748064305695004	-0.70278125781063
0.06863786322240464	0.10983693868751628	-0.7651511897431904	-0.6306887881250131
0.15448094692814485	0.10624648638295656	-0.7839210497774868	-0.5918742340085629
0.01948187652719318	0.01580995002046799	0.593434851145069	0.8044908821197163
0.0543715087276032	0.08959316265363851	0.7003418524207246	0.706072300825001
0.019351741752888504	0.043056611468316894	0.7445373884669586	0.6659096901793795
0.06592343437241635	-0.09753952916919002	-0.790068317540139	-0.6016080074843524
0.20111265804352396	0.02235761576069501	-0.7844721691656861	-0.5862228685377677
0.25220473829187146	0.01615885969323564	-0.6752155661746406	-0.6929759017685986
0.1284242119494897	0.08156572911936794	-0.6022294814999192	-0.7836924812901531
0.05311437295228466	0.07152005688416814	0.7635201682706492	0.6396098009670665
0.22351096621048827	-0.050195822501827754	-0.6743320265786568	-0.7019968271419328
0.10664513364514017	-0.11403629814380299	-0.7818416073437439	-0.6036109999011109
0.021199076567347507	0.04262459741592956	0.6038279776402221	0.7956918475557866
0.18169366888181238	-0.03384205225720946	-0.7840925103840104	-0.5924871824326559
0.15724155490195854	-0.08351304409525932	-0.6122231313819102	-0.7703788044065635
0.12260598293286022	-0.16813564062002984	-0.7166703480889031	-0.6656438923872807
0.12194777091616635	-0.1502003242646266	-0.6406749215831689	-0.7430371784869044
0.09939999031190928	0.06599802478866659	-0.6757810244583936	-0.7273815433676819
0.20128045078052584	0.03438368605208071	-0.789779444417761	-0.5784050237007222
0.11688330055789442	0.12773672254564064	-0.7641147513791449	-0.6214099053674464
0.12802875915985712	0.0010235837917496906	-0.7773090792008346	-0.6159530700436189
0.11858525711436195	-0.026134883245103838	-0.7155333736780428	-0.6879436719861618
0.10976610070206314	0.046370151075681855	-0.6489047348072495	-0.7514811091242523
0.20960543333865117	-0.10261675546727858	-0.6036975452166536	-0.7622890775235281
0.18819246031709014	-0.11714664662906984	-0.7145642897964831	-0.6635195074833988
0.023050922808319954	0.034995521622584465	-0.7514328295360286	-0.6584775403303639
0.18259388025483528	-0.18292336181073024	-0.7767709556150477	-0.5743042757199611
0.2251839081995628	0.011366639769447882	-0.7806494295695168	-0.5828803265689368
0.006034887428315825	0.07197640270369973	0.6236629577488555	0.7783492100076365
0.0927013532242939	-0.0639595897355104	-0.7466990374729963	-0.6555579131000944
0.043057027500395736	0.009429034705033172	-0.7179812918821687	-0.6946654232035545
0.08856266298475605	-0.11330295171487999	-0.6421818215808148	-0.7529419658173468
0.16868655578205885	-0.12546556578345122	-0.7503387912114612	-0.6267335447415817
0.05420042561625343	-0.020131887188084178	-0.7756047046161015	-0.6285653213140484
0.2722237177335551	-0.08222401340433276	-0.6650221943979407	-0.6905642186510632
0.02909738324230088	-0.1712627687427108	-0.6983561916144871	-0.6943493616074987
0.040468004501932595	0.027496593408613424	-0.6033489971164028	-0.7959750408405931
0.062117698887074746	-0.18774378803880096	-0.6974939965283177	-0.6887639554628071
0.05748692391835425	-0.03619193317934014	-0.689207505354661	-0.7213725889676933
0.2480797093089398	-0.13368625728361297	-0.6413954902983179	-0.7135798956442593
0.1323097743276587	-0.17296525302844187	-0.6239696592059583	-0.7504925111235764
0.18677396870980942	-0.11028585868500432	-0.71365527991518	-0.6660695575055839
0.1801410245881479	-0.1797644491927222	-0.7713403315624162	-0.5833249925829951
0.09284602720130597	-0.059728870048616	-0.5974641527226552	-0.79425982117129
0.06838552708801253	-0.09870735298836814	-0.6900580220380328	-0.7137227783753873
0.2557623149070631	-0.09187944488822078	-0.7643572846289147	-0.5847236503812078
0.1483563662195447	0.09942691346927066	-0.7561261488857559	-0.629585517980919
0.21912307528958574	0.003914194072786179	-0.6813173271777081	-0.6984099488465345
0.023847689362320176	-0.05485445364460255	-0.6975931464494494	-0.7139930522450394
0.21984510227143447	-0.060029684277901965	-0.7005865343299864	-0.6761975125126213
0.021977703900581673	-0.08853198533321115	-0.6794061855730398	-0.7280702597341212
0.10705483207198616	0.11384694151464594	-0.692725856201155	-0.7040660657837277
0.05233227642264781	-0.11799404936104829	-0.7367986883921044	-0.6636764497430059
0.186406806160259	-0.19117409199093743	-0.7339628975411115	-0.6245025493956192
0.0003265959245802801	0.15667408039840042	0.7714081953597135	0.6167515885656784
0.27519909997410485	0.022760865163219464	-0.5982853537517361	-0.7521981347202505
0.10499406215585304	-0.22542001186651475	-0.7058922603771274	-0.6632331278681599
0.17070998435181553	-0.19010088682824647	-0.6291646811867876	-0.7340787137745142
0.055243107270566603	-0.09341998565091401	-0.7248592507031844	-0.6802940335252794
0.11466725158631508	0.023467122039525546	-0.6830181754053739	-0.7209624731307009
0.09578702737613075	-0.10510543999464833	-0.7525577357589398	-0.6429887605700066
0.044931471117127274	0.004203706257711394	-0.7315781497909709	-0.6802623776936142
0.08887296582403957	-0.19832789107464086	-0.6113394295561847	-0.7609413547951269
0.15514658283686059	-0.1054450128109509	-0.7857752280995919	-0.5893794855713744
0.029599324775305188	0.021426848041396662	-0.648058846313159	-0.7607131534758119
0.29184970246901354	-0.05962604192842531	-0.7014809473936996	-0.6474511307707599
0.2494788856492303	0.013741349340350761	-0.6604682157294706	-0.7080629893905304
0.13679837799315797	0.11383102397421926	-0.7004809070417283	-0.691126038164834
0.06595830925635848	-0.1263360084383711	-0.7822032365168693	-0.606503760247566
0.18963166131483564	-0.1985753082297948	-0.7028502334583508	-0.6562082210060762
0.06800764700913367	-0.03657143767495907	-0.5936573779686157	-0.8010046238805963
0.1901059452129881	0.07543417730492476	-0.6830899874609958	-0.7011116056089374
0.10918904739162809	-0.13442802644106058	-0.7908461597530021	-0.5870001782289331
0.23693889053716227	-0.011379592963427618	-0.7820929045427255	-0.5762474778069996
0.19044803435009655	-0.09055203712149773	-0.6974688607509504	-0.6848847078655668
0.12610637761676147	0.09681553634444388	-0.734943493907664	-0.6592283323777217
0.19221989504144782	-0.02111885956503335	-0.7276875940634779	-0.6580853069071168
0.19183455553042497	-0.15453258452806684	-0.6854941754571534	-0.6851400725675281
0.015538028220600197	0.09642054859767282	0.7905088863484995	0.6046133872907502
0.3173225747938607	-0.03870197180495731	-0.6266270793199483	-0.7107369727033723
0.2632976953173959	-0.11571742326235356	-0.5868555288708709	-0.756891266846011
0.13408697189732788	-0.26144771529922556	-0.7284888139511935	-0.6188455575345142
0.1212299405551411	-0.055442812825148555	-0.7028147564227984	-0.6987709311164818
0.109003489127031	-0.18180694134961545	-0.5857007497234319	-0.7823165006623858
0.011672919960885724	0.01793067944855386	0.6179137430592481	0.7859547314016307
0.2910480181394731	-0.020753516991393904	-0.6597342358200878	-0.6925395878622806
0.04047691998893608	0.03331897958493935	0.6684802749669276	0.7418797655467956
0.036180240011029235	-0.12419893345804574	-0.7423665660218037	-0.6573868699735516
0.24668340476224848	-0.053588824818454624	-0.6929677431904744	-0.675330469153423
0.032309835671101905	0.09703304203917244	0.5868875688209455	0.8031834440742479
0.1608722607714989	-0.1324996522648961	-0.76459155031016	-0.6098882840801703
0.09064169401952794	-0.1559705804948175	-0.7672950083582784	-0.615398758102297
0.04203916277967971	-0.16021358398520025	-0.6850154088269083	-0.7094492271960725
0.13418465746883826	-0.06049929626907905	-0.717418914232693	-0.6809143957591886
0.26018592540279856	-0.013328868092080021	-0.6367318653210636	-0.7257397310209991
0.10622791170779718	-0.18685486589148334	-0.7577497789350325	-0.616129988225525
0.19307767881369567	0.08241195445544407	-0.6553248341543655	-0.7255884794064075
0.14324812796459419	-0.12043289708553971	-0.7798276641057112	-0.597364800963074
0.0427774327094446	0.09025664961354092	0.6880851213133543	0.7187229607286204
0.026738790651000224	-0.11867423678958293	-0.7949304009790393	-0.5943796095057734
0.22643458102719605	-0.04459762599595494	-0.6321698991788908	-0.7396618489841923
0.28736441405722724	-0.07177734518687305	-0.7245660954845399	-0.622313168369238
0.02710437105603483	-0.08646259974244132	-0.7331741531629147	-0.6739771754661119
0.1364799663113898	-0.1761204092252269	-0.572116859788258	-0.7893270038431494
0.1519508539651262	-0.06404077965655898	-0.698686790874368	-0.6961655584542559
0.21078681187124068	-0.14491665402536005	-0.7019509171984509	-0.6647051926768028
0.07573225688320989	-0.0008057177519951994	-0.6947527959038318	-0.7152499763509875
0.17048403789246055	-0.034443368489501046	-0.6724331708149848	-0.7194320523709546
0.06625565335981203	-0.117293372413097	-0.7552530725335591	-0.6414399813033528
0.18544110045818424	0.05953597726024194	-0.7233834767782521	-0.6624072849816294
0.01716709400295594	-0.12911808986941467	-0.7209069132513398	-0.6806813000063927
0.24536900868100484	0.008617912911982264	-0.6605840770186947	-0.7094705479054798
0.10522892435621818	-0.14431065035567336	-0.5831407037654045	-0.7924949395956701
0.2305295213674229	-0.09030959574893904	-0.5905061980634001	-0.7681163627618399
0.04520000864931726	-0.031140539281991137	-0.6231302819275795	-0.7801896421871952
0.15974158357686705	-0.10678122798401259	-0.6098214448983376	-0.7688941417182764
0.12096435836864015	0.0031673435745597726	-0.736638228085446	-0.6653733635052416
0.11549989910463705	0.13980399906172286	-0.7863610632065452	-0.5905513469850359
0.10744268724155517	-0.13131499124744242	-0.7663319046384154	-0.6196352588138091
0.07882186373117653	0.05227070105184274	-0.688031484610359	-0.7194911839587458
0.2554909616312899	-0.09381069522492697	-0.72751807729335	-0.629794704008792
0.200141434680515	-0.05331698678849704	-0.6507447668284337	-0.7305011659739002
0.08438548812585422	-0.1740830714147924	-0.6824794962650775	-0.7048375066767656
0.24039637272515185	-0.1037743123789092	-0.5972482074120945	-0.758112824594014
0.1347241444554597	-0.12850788478611164	-0.7486519074452075	-0.6362825236694754
0.10674390853110387	-0.10932704692406077	-0.7722524412082946	-0.6166680645616383
0.1978804739602162	-0.1261833716444871	-0.6950547810275728	-0.6795733412343531
0.15961656251367345	-0.19934184093261167	-0.6544939466357982	-0.7116340753800459
0.08578887949660499	-0.03093475971218622	-0.6333374181412775	-0.7684835870585701
0.0022145832982111893	0.021071432667971665	-0.6610791761119994	-0.7500169419801226
0.3310408289227999	-0.06635159034894221	-0.6629703883929501	-0.6681913649235318
0.15634903041150347	-0.17158462540437933	-0.673657645158806	-0.7016402740245986
0.0811507832509768	-0.030383250143755338	-0.7033867879661089	-0.705505800828863
0.18588392277228744	-0.17385560757757443	-0.7829221285654152	-0.567674497904581
0.17319601727208067	0.008844140841890339	-0.6154109787982925	-0.7688915709957975
0.16852102843945496	-0.14963078613932873	-0.6697761841569743	-0.7075388003135642
0.09840369181536295	0.002323171207565212	-0.7890340415543005	-0.60641289364684
0.22138450604506132	-0.1179545477577408	-0.7600057235176944	-0.5995556065677285
0.03994438596927708	0.0021701695797467523	-0.7061296273649385	-0.7069516855846556
0.09459685570865582	-0.11580972977255577	-0.6385649381702084	-0.7549002325603836
0.016316250827801453	0.05302769981711227	0.7379516619769487	0.6725690950352162
0.15864025985432087	0.02143724734166513	-0.694148971991838	-0.7018054695301543
0.1371802291070046	-0.010265008334023289	-0.7543948577040018	-0.6418446954020972
0.03097367390665974	0.03244286702008384	0.6972158662517869	0.7154565869086758
0.018305916020879595	0.028849417961675942	-0.7574537473447639	-0.6519941910441254
0.09299457861506498	0.06000104549876024	-0.7066912413106899	-0.6988128306936118
0.2056009284345254	-0.13346549767484217	-0.7331407244437607	-0.6343657441250635
0.013194408154318486	0.1232476574987313	0.720543647831971	0.6822409941388228
0.022048337142028352	-0.004384923440738277	-0.6921820525442361	-0.7213727534439727
0.051687239333590075	-0.018114456240157176	-0.714228078279666	-0.6977668292217186
0.07864317637806215	0.008850284640646177	-0.6799825591231603	-0.7289448830736562
0.15044005776728375	-0.0012132010012484732	-0.6512154461794653	-0.7438311366295356
0.12203149316078027	0.14807911545976218	-0.7868534047805794	-0.5865514552252125
0.138180347316178	-0.11461817284499586	-0.585195584292721	-0.7907686097674566
0.17515554404253758	-0.1298405735467342	-0.6633824001798792	-0.7158112544405827
0.11933408758133547	-0.2322925694487253	-0.6207705475762548	-0.7392181443808831
0.1620184671202876	-0.06722308982929562	-0.75277746066897	-0.6344739294995281
0.0528919910931791	0.058170997717628445	0.6591580448057184	0.7478831755499232
0.1474163206665119	-0.2377937817387355	-0.687164288869498	-0.6704683332343265
0.0819147024332672	0.10204733895131596	-0.7325089853582486	-0.6680620543839124
0.09139988989035591	0.009369889046701918	-0.6679846568132016	-0.7384813901307415
0.23305255377672934	-0.0668614882222685	-0.7559805908425344	-0.6080373301370735
0.2860501919126177	-0.059260019906792	-0.7276494397110899	-0.6206366333334974
0.17890243656909263	0.012448398715918775	-0.7437227045721115	-0.6439840791999403
0.13292925776277595	0.038010719035014524	-0.5969892174484733	-0.7902460831407759
0.03622268494986071	-0.005866745516395858	-0.6291081406633432	-0.7764511869674617
0.26065844454126724	-0.08554000013681436	-0.7422353727576934	-0.6114137184371715
0.08623308444912675	-0.1807843980727506	-0.6238060614933757	-0.7554778978924438
0.023271187520011477	0.03503920224721117	0.7721130449991644	0.6340915958119977
0.1477296509120423	-0.05581674040148287	-0.6694469809222248	-0.7258795915759569
0.08375397984132792	-0.21541020629813723	-0.7730642740934728	-0.590724421370629
0.21252315391975735	-0.010559147728189815	-0.6573529035182317	-0.7229174044684522
0.30385857216790296	-0.05007094465850484	-0.599832336854521	-0.7384876683362646
0.052345709687190274	-0.16492052845958294	-0.6414859285497296	-0.7473666767006991
0.039532574886583634	0.09991676976152081	0.6824604929568896	0.7229809749891758
0.23960813102284068	-0.08926953661239923	-0.7949409897334373	-0.5501706246450928
0.08811003624154423	-0.006820194792686793	-0.6071437449483904	-0.7896623198725816
0.05505888477070192	-0.11959679697890764	-0.7646730370834068	-0.6308250722013443
0.18204746963330734	-0.1004965803553133	-0.7930784389962059	-0.5725257598888798
0.0248796599611177	0.0008449207890261776	-0.8037838366222277	-0.5944003975553274
0.1270186125837529	-0.21677431417644152	-0.6579232099695879	-0.7099381793888434
0.13184607933724682	-0.050707959230363135	-0.5933394162626799	-0.7924605045951189
0.19083617355010044	-0.09708652538494332	-0.7033638867969166	-0.6778163499085641
0.228744629325978	-0.09332188264040672	-0.7152840591061643	-0.6537091368212473
0.12148150139818624	-0.03647191317552483	-0.7469390430285028	-0.6526822430302697
0.21350095155421753	-0.0036614997044339356	-0.7775576106369223	-0.5914457703339828
0.08832996979916281	0.024702332962918617	-0.6547923073919297	-0.7502230637362602
0.1062351639730628	-0.15659538248866067	-0.6280600212180755	-0.7548063234144221
0.09927993283942735	-0.11077203204157865	-0.6944983045699418	-0.703949683430751
0.27955574985928416	-0.0681192056062126	-0.7308526121478893	-0.6189206862472758
0.21292704109284294	-0.14583242245249045	-0.6296255714665538	-0.7327800621526903
0.20062009277610776	-0.1437714061587716	-0.7384749336923779	-0.6274839706746886
0.18144976253218031	-0.025853512149462438	-0.7602127457671588	-0.6232849755607062
0.08747101078997574	-0.17189068557674633	-0.5870599949135341	-0.7862334111798209
0.10667491261199519	-0.18417519943196992	-0.7177918251846975	-0.6629289966741821
0.24362410232707743	-0.005910585214012112	-0.773601628819563	-0.5849383571244691
0.21977249124705342	0.018324610958563498	-0.7389964633403708	-0.6365913036593456
0.10583022472080847	-0.1270362400619336	-0.7773233621698913	-0.6069844708650839
0.29698886013603787	-0.08912932610739836	-0.6746285375972434	-0.6698730599465416
0.031245667310730606	-0.06793837493324499	-0.6221646454864759	-0.7793068967951103
0.07682704551370635	-0.04911930864292238	-0.6046717116742523	-0.7912376505810415
0.07581566255392337	0.053612197435245174	-0.7090576239588541	-0.69901001674046
0.14006250471862866	0.0352505966102681	-0.772604629344124	-0.6182410346512055
0.13354343830322757	0.09307296081253323	-0.6264948400302106	-0.7622386696220951
0.22198717269125856	-0.13623693927868094	-0.598758089132444	-0.7573968195305435
0.1657447953552176	0.06413231140646718	-0.6161172807092544	-0.7673429519176903
0.052200266449980465	-0.11197315020344976	-0.6880128036433714	-0.7151052564754746
0.06404939697210907	0.03181536529833295	0.657124920187318	0.7503814340368862
0.03839047752313341	-0.020020711883830273	-0.7862035236207666	-0.6164489936543828
0.007120246717455134	0.09456923034161635	0.7285965788856894	0.6783457731830768
0.17850234879995303	-0.09919846592309932	-0.7282507015835806	-0.6541769573092789
0.24892237781761115	-0.019849446044172	-0.6582255260958845	-0.710199131306961
0.12396116532604676	-0.22236855635751288	-0.7328879986549054	-0.6309207843002888
0.15755033028499105	0.09971011686869143	-0.6348043907818933	-0.7498394304550484
0.2779999551435392	-0.09628318299823246	-0.6607601280627245	-0.6905372015861643
0.11648287872013824	-0.05755343015504009	-0.757023244822839	-0.6403398694758579
0.1599389928656078	-0.03653947185370243	-0.5935445452598588	-0.7879018075560273
0.17024192632143073	-0.11825577791169328	-0.6673100902162747	-0.7153534098670504
0.13632368049644306	-0.02624730715940517	-0.7262922242041364	-0.6732210172472276
0.053667270466795765	-0.15982155877414192	-0.6460894482875671	-0.7444093754400966
0.02979359984017747	0.08121963959552818	0.7474101667243669	0.6587061212935478
0.10200895496342237	-0.16281490397456994	-0.7516640308969648	-0.630941094561726
0.06674709681732358	-0.10567484816984156	-0.5863701949670929	-0.8003422055502217
0.05310193171869312	-0.09837254089081128	-0.7924597498654236	-0.5995920053583595
0.24293717111877794	-0.05809120577764998	-0.6740209024561936	-0.695199802756188
0.1909513774108624	-0.10480485471021007	-0.662305963350081	-0.7168712051721615
0.16161870917916044	-0.17832377378675643	-0.6408881048664934	-0.728932412221014
0.19542284461790285	-0.12005772199507811	-0.7671109450196475	-0.5991133892860873
0.10015687088217078	0.07880325312117241	-0.7939588510106931	-0.5944644576544444
0.18787544754776686	0.01311807472432236	-0.6183890013479925	-0.7629716740063722
0.05514041288643024	-0.13809949875692099	-0.7853079326495581	-0.6009821247154347
0.18433460500574625	-0.18707081757449967	-0.7691580449838494	-0.5825986306592271
0.2293260008108045	-0.12832617276917485	-0.75409426128825	-0.6019001776263796
0.12963107242706762	0.11731900058011537	-0.6155087352290399	-0.7684927026465761
0.0945954206007259	0.07860081227767622	-0.788018155160866	-0.6032420789761987
0.0029387711707727273	-0.06592336172545166	-0.788258280027562	-0.6117960100971651
0.02042063566535565	-0.10590374295575943	-0.686088219824363	-0.7194792210239429
0.06674082211265064	0.06607509523891388	0.6804780747805398	0.7267250746987242
0.008250505160146264	0.026308254240414893	-0.6749655769671539	-0.7373338964355438
0.21010259727689426	0.04347720024075021	-0.6187099598054682	-0.7557543366162345
0.06367288530213068	-0.15934738309656396	-0.7093852055182256	-0.6836130523691334
0.018791078502399777	-0.05479426867355688	-0.5958259526258965	-0.8010217959997653
0.03530440440580416	-0.08583341996684446	-0.6769725032073698	-0.7301331748027167
0.12552321591682664	-0.04030161869410469	-0.6466340127383947	-0.7513216058162937
0.14113815032990243	-0.05778931070691393	-0.6235907728245667	-0.7667300477596618
0.24893081519827423	-0.010267996134761948	-0.6515931825096948	-0.7164875030361568
0.17670735905260418	0.060438705255776146	-0.6771385923149174	-0.7117618976606094
0.06961246112844564	0.07507522056369431	-0.76306036631516	-0.6381666662181026
0.2613569877193145	-0.09511259593978233	-0.7475406716671509	-0.6031824460868427
0.19642790658497336	0.044678608490648385	-0.7446357407200365	-0.6363470068290625
0.09413156095134484	-0.05052767874069336	-0.729302883609104	-0.675798421774856
0.04782363173768256	-0.14454859587009547	-0.5840104548134434	-0.7973395715427634
0.08990773226256198	0.11606257582796352	-0.7782399196681004	-0.6105642518249577
0.052536243162925156	-0.14663693983848278	-0.5901502666365291	-0.7921238626742442
0.0053047692517815895	-0.11549820273611894	-0.6563830123463048	-0.7455155033204222
0.17416330758270174	-0.07331341750091329	-0.6194439753101061	-0.7619589533289851
0.020367386198526127	-0.14428594270448777	-0.7856492834411389	-0.6012669454957109
0.17347070809489964	-0.13974040610093733	-0.744738141288526	-0.6290831687828811
0.10072083081614185	0.1310856963705318	-0.754752913873748	-0.6348384782335155
0.005919548649859975	0.018786504247526203	-0.6014217167997268	-0.7986888910981602
0.06302566002091957	0.06039249509956174	0.749269889016094	0.6564869733120277
0.2145460318891469	-0.13071081620040392	-0.7840504221772086	-0.5675822567809765
0.1492375435785782	-0.11006258987220449	-0.7501797839455963	-0.6347004597891776
0.022585423835061694	0.025717325601373194	-0.7070745380377469	-0.7063102119131582
0.11669290900492918	-0.2452628178572508	-0.6674506588442647	-0.693353108576752
0.24656772250387488	-0.10829025737951173	-0.7175528872417662	-0.6423359186492194
0.10198562142749575	0.0895594536123806	-0.6640694967449372	-0.7352480811152282
0.25855678000719945	-0.10847668843859999	-0.678240942901635	-0.6792425361751167
0.054224047857348134	-0.1817838348890084	-0.7540953673842764	-0.6287722695035007
0.10644430523414497	-0.047521060065242995	-0.7414436575939688	-0.6608121225788564
0.16400744430842695	-0.07734693648537701	-0.6703252192568601	-0.719571476683163
0.18471699413846945	-0.0062315011598922995	-0.728498766353512	-0.6596441069934258
0.197890390323818	0.012679211417641877	-0.622233313547666	-0.7573006896384062
0.2569950806571753	-0.03606215963100544	-0.6294340104064655	-0.7324383084631724
0.13072766448419754	-0.06406360230669884	-0.6930631059293882	-0.7060238408138253
0.04388131283649686	0.012083174097121013	-0.7971652353810903	-0.6020432001005368
0.055162555129555715	-0.12234330499875803	-0.6228459873185828	-0.770747743632571
0.17325621509017586	-0.15076826866515144	-0.6864086687146911	-0.6899959076760273
0.13744395459211964	0.122724449550296	-0.7830999318037138	-0.593971687572459
0.0029702093256596886	0.01917725300721169	-0.67916035935364	-0.7337333419617059
0.019123236041538202	-0.10534881567515914	-0.6387692176616817	-0.7619119473056083
0.2263429718114712	-0.07518475107041221	-0.665757129254021	-0.7070244388742702
0.07641446026526134	-0.08721856889652618	-0.7322487698671215	-0.6710927585141252
0.12242415033786279	-0.10170934055913942	-0.7615541484984099	-0.6282537834043972
0.07467799098457488	-0.018883542353521614	-0.6074728776367491	-0.790596807751219
0.04958646785305218	0.07402233441461809	0.6121793519817212	0.7856833441157502
0.10827434490125133	0.0905166667193174	-0.7147534654355011	-0.684989695491962
0.12050096138025766	0.09114121790389815	-0.6626039599324197	-0.7335726201183521
0.12556432993799643	-0.19822312499836497	-0.5630450336695262	-0.792414968197337
0.14747579049443912	0.0780618731798612	-0.647498293521093	-0.7435746062507541
0.11032932646123608	-0.12212429527086839	-0.775399639330788	-0.6096462052312699
0.07912226671131077	-0.10536197098192478	-0.7732821339434494	-0.6202203344821366
0.02416978718142865	-0.12409242897749831	-0.763234749736521	-0.6336320756185716
0.01880202989769918	-0.09685833788725022	-0.6791439397163062	-0.7273434231503434
0.08072318354561399	0.030003960958422456	-0.5983830387321326	-0.7965684332954487
0.09629223350887448	-0.16340595079459536	-0.6273630855005453	-0.755276015746576
0.19185459179882516	-0.1437673648216628	-0.6981463757079183	-0.6746216706449915
0.23231830999415995	-0.030415296285813572	-0.6703558137119868	-0.7040782595818761
0.16022156026466802	0.061125038717673955	-0.6677105684128117	-0.7244000124916883
0.014610899875782445	0.01454310334807849	0.7588964866293721	0.6508848917676782
0.11117177179265524	-0.08148028456970789	-0.7820587852349274	-0.6077712207893616
0.18939889819903222	0.0015622526856726585	-0.6002488754133889	-0.7770629989212591
0.09088899017934252	-0.17685702361565867	-0.7532592096556233	-0.6269460485009659
0.1967012175881383	-0.11640542075098159	-0.584747053988206	-0.7783503657551943
0.11683502147384041	0.026355101733323803	-0.7145763996546433	-0.6892282317392701
0.12628659805630105	-0.02684509109902744	-0.624162095113455	-0.7705535122616946
0.08021956958634328	-0.011120042003072626	-0.7735832499706617	-0.6284983060327691
0.3007241905642999	-0.06538241100836664	-0.7094099210720332	-0.6340565159548093
0.21514735226114412	-0.059110613941819136	-0.6737369785206839	-0.7044828144875217
0.13717884805518915	-0.08993182670090802	-0.7926279341531843	-0.5872266923365663
0.2584379057357092	-0.059614639235759104	-0.6999310102551798	-0.6631383901953606
0.17088518283441798	0.03157237132303077	-0.633584883469455	-0.7539042612266397
0.03255431007518458	0.05022200912669056	-0.70247627420456	-0.7091861891453379
0.30799066651577406	-0.051835735488053945	-0.6899124209789758	-0.6530510372432696
0.03152884126324111	-0.11416450932776075	-0.6932319032241507	-0.7109162576075825
0.15866860344049427	-0.03192065883540394	-0.6913951540427153	-0.704115109046814
0.17861819047205652	-0.15532516450761238	-0.7795632823620162	-0.5798712995968421
0.284298272023207	-0.05753469573081196	-0.6211927788236775	-0.7279998508578824
0.19443216281183726	0.0029114217254652794	-0.7909710580205841	-0.580131401547654
0.03130579495573994	0.014509627227330424	-0.760362195615694	-0.6485821069058212
0.056375066198086236	-0.06593164524545816	-0.6511826292298096	-0.7539469831863118
0.059859976115667	-0.21032897986782337	-0.7406368331748193	-0.6353232128861397
0.2064480948837356	-0.004394684630142164	-0.6611112208056	-0.7213125706590777
0.2230144856586189	0.050202704470066244	-0.6462397392027567	-0.7280923204686792
0.12357628355769257	0.09667499875007818	-0.6734449813841379	-0.7223951161291579
0.12551284726763484	0.04163458889721529	-0.6448765020165161	-0.7527598443893466
0.13861948411063793	0.043003279442541516	-0.8000679770208505	-0.5820881279736352
0.06756061872910851	-0.0749070651273607	-0.611027293805909	-0.7851561249937318
0.2162397051238756	0.004089112601021112	-0.5973505796136939	-0.7722667635741289
0.016812429226109152	0.03239843079389513	0.7685042301632933	0.6388027333431928
0.14390271439993052	-0.011306103361236414	-0.7840347799505188	-0.6036999624342033
0.010540218628269333	0.06853041907714026	0.5919578958434957	0.8029809057511398
0.14560375478681736	0.061993044613381815	-0.7042811893976391	-0.6920581010812534
0.28030995136618775	0.0031862469709422916	-0.5978675213098205	-0.7509797640137696
0.17312637916134974	0.06394977389682421	-0.637085204702453	-0.74837164911978
0.16517452256585732	-0.054075621466791686	-0.7818229693269734	-0.598787148234559
0.0434275142987961	0.05764631132016688	0.6728281118131637	0.7362698457406355
0.1414450582872541	-0.23343011078360373	-0.6950681018822737	-0.6651195476088814
0.11309166832451684	0.00719929943231434	-0.5952238105704832	-0.795529421186429
0.14593659908314702	-0.2249243819605665	-0.6533103650536719	-0.7080233741629863
0.13017572947401063	-0.04511579146158918	-0.7977147180622087	-0.5870860868762217
0.17307215114132704	-0.029745643490326344	-0.6938118447859433	-0.698417032457962
0.21979543316010539	0.005050236377695896	-0.7406991015447251	-0.6348458896813682
0.04190719283916467	-0.08049811179252804	-0.6680582922770478	-0.7385539650601392
0.26771476534267774	-0.09704650874409654	-0.649326674930479	-0.7051848330628112
0.2569276487914465	-0.0615599599393041	-0.6287771194582796	-0.7313261164928535
0.016253380267817464	0.099390134547765	0.6415698573365062	0.7604245833359559
0.040835552732021566	-0.15049620938667657	-0.6546214331917893	-0.7396986736497771
0.16930404962551818	-0.21872433772789082	-0.7559335894699818	-0.5933466197568876
0.11665996639281397	-0.0828318046382726	-0.7348092808483266	-0.6630118137414744
0.13097403661828583	-0.02803336851906639	-0.6417501526977102	-0.7551269254197284
0.17902572238330966	-0.01045949345935604	-0.6143390602540248	-0.7683930691826348
0.09847516904041043	-0.23658596028797388	-0.7200915444429521	-0.6448239233301163
0.0016214484861563545	0.01836347407889089	-0.7235895535436291	-0.6899842836812242
0.19663346961730477	-0.0932706481017885	-0.6468985115844522	-0.7308612594321534
0.023159174276136802	0.11349570320652262	0.6443768281979746	0.7558841718689593
0.2694040335903354	-0.0627817704713003	-0.646430922200635	-0.7110604607236877
0.2513228085174611	-0.0521117970653993	-0.6196932242445726	-0.7416882865131929
0.11698617459969739	-0.17964825805388218	-0.7114328976529979	-0.6692562816050321
0.19818324128444148	-0.028901098497708503	-0.6610668475447404	-0.7231035558319967
0.2209387114549487	0.051083301017656596	-0.6230043079915915	-0.7486268859463201
0.017209836664887047	-0.09904829909646304	-0.6700484132339735	-0.7354783340729351
0.25577429209346864	-0.08393652425488271	-0.7733607527978642	-0.5739750146408947
0.06424972226125558	-0.1118552029000808	-0.7625626268170306	-0.6339232027268313
0.11210336656634763	-0.21540391176180348	-0.6025683160711252	-0.7602272123973286
0.03932027898253678	0.0902497312963538	0.6063303257825059	0.78909596228732
0.06770220239373016	-0.008844337453848383	-0.7132142123428186	-0.6976128416236715
0.16264028988974022	-0.22119831331817716	-0.7387290424731987	-0.6155475969382106
0.11162493144572405	0.11667114702943594	-0.7899856572884378	-0.5914815123138912
0.21432845796719044	-0.12522316714916035	-0.6321130029127832	-0.7340406133608164
0.20016758200175963	0.02244393257416631	-0.7076432930025478	-0.6772519316138459
0.21601102124668053	-0.13586669057656484	-0.7729299769887155	-0.5809119828028699
0.16474173306691187	-0.1385455093775816	-0.5792331566388746	-0.7862278635787349
0.001617121857645594	0.0034149167291750555	-0.6359615660979799	-0.7717114808701727
0.19022045880312632	-0.10115838388577714	-0.7529863285469119	-0.6217674383913875
0.2396356609099305	-0.002445512209759457	-0.7539531530721282	-0.6116562862121903
0.09374255386261335	0.05703480987977419	-0.6817188733647677	-0.7233386079531251
0.09399290893495948	-0.1911859522086945	-0.5768470155759474	-0.7885815020459976
0.05535474556719352	0.05185473828906449	0.6498799833486373	0.7562426498835798
0.02662002688389873	0.11202885337202935	0.7811197213901554	0.6136716475740223
0.0879376829430907	0.022478997597645538	-0.61938545574045	-0.7798226181656959
0.05992553800301819	-0.03889765564363407	-0.7215606585757567	-0.6886552971379791
0.2131766858275135	-0.0393648166341182	-0.7527985065466636	-0.6215307879518702
0.20955145308975917	0.050138960518875064	-0.630753030282823	-0.745469575459048
0.1059616771361801	-0.2362319891946686	-0.6853777201813299	-0.6806055766291227
0.1966219991239552	0.07052005606475757	-0.6351398689836051	-0.7436155310243404
0.12763507104898128	0.07697111326043497	-0.7531990853517303	-0.6406839112909638
0.17096691636688705	-0.0076535796954365345	-0.7175752583517421	-0.6751277544489444
0.0997352105731439	0.09949223769557987	-0.7245419065694504	-0.674680078285229
0.028644556310535155	0.08869912582441064	0.6947877728445447	0.7131492867397928
0.13976446597759004	-0.011575053451467338	-0.8044033327302322	-0.5772929849565905
0.11936312236137508	0.14492866501451854	-0.7423742221813103	-0.6431396748125149
0.06724499101283976	-0.0764899779542942	-0.5999203241249307	-0.7935508800058587
0.0684569481009004	-0.04642783183555499	-0.7536739769242163	-0.6520227290478422
0.14541744569317466	-0.16385087374679394	-0.6501146741283809	-0.7275696311305427
0.2258321127902313	-0.11116903938425014	-0.7467917760778661	-0.6155837430419597
0.01825400961617838	-0.11666561705288984	-0.7787641055868013	-0.6161025830007453
0.2200127786164826	-0.14624727644780922	-0.5909040114473157	-0.762258854086014
0.09445753631067406	-0.016987705639952815	-0.594861905665556	-0.798078006763218
0.26058152559167513	-0.09920968864646261	-0.7445736472757711	-0.6065185817280807
0.05127069545215557	-0.16719834579629766	-0.7427067948065715	-0.6463765511673388
0.105654855372969	-0.1651145577731978	-0.7599066613843568	-0.6197710063653824
0.06555681428779656	-0.13279880272804312	-0.7089767896593507	-0.6895061231191166
0.20506504336772888	0.015614236244991727	-0.7890548207872579	-0.5788756458925054
0.006634225958840563	-0.1564131618328669	-0.7403374631731507	-0.6537517498819534
0.11255213691992126	0.03489261779157575	-0.6186837362527369	-0.7767528282502512
0.14224117990191337	0.04790453731107523	-0.7611302743598752	-0.6309939044856016
0.23345542473290481	-0.07366361622862744	-0.6143585547003143	-0.7500905295852237
0.006116276318853081	0.10300762508000788	0.7322427725554006	0.6731809135587162
0.09151721815862583	0.02253572821752231	-0.640726353759836	-0.7619622558446305
0.029150456522928147	-0.054696741326095394	-0.7835630601576737	-0.6182131089916754
0.2838426489810648	-0.0757628175260648	-0.6432027791758014	-0.7070951357211062
0.214448989351454	0.0007956582203770512	-0.7552073489384427	-0.6194133175864929
0.04112048767786328	0.03336963518438309	0.7322255542299222	0.6790002287727737
0.19320867825058927	-0.17845112658741352	-0.6351557651467867	-0.7262250037482482
0.21715915409283554	0.06464988525026923	-0.5973219948125417	-0.7693300518268976
0.09615035099718067	0.03334779175608458	-0.7520379015536325	-0.6512158086340661
0.019176861236237668	0.05832899052931861	0.6035039106055262	0.7949924570338978
0.15631225083474243	-0.01853607962179246	-0.6782445097086507	-0.7177794083430528
0.07603397462402421	0.09473274726241503	-0.6848251018045189	-0.7185117405007513
0.07658412348399506	-0.16142808668561268	-0.7684855219384465	-0.6144150449250114
0.09706443183376097	-0.2403219628661907	-0.6817833715109397	-0.6841018086280042
0.013777674747321255	0.05885511600475401	0.7367094105569816	0.6735024093464023
0.1326401893123245	0.10470270489121035	-0.6829158736509526	-0.7106826530056934
0.23492162298464062	-0.07344843053703524	-0.7852205202673171	-0.5681952953492597
0.0363399766258978	-0.16556815661090318	-0.6898844487820126	-0.7037940316200724
0.2634629276062916	-0.0385056961173251	-0.7710604794700203	-0.5784205512800394
0.16217861758599864	-0.09890962693823677	-0.6363947695582917	-0.7476073026500492
0.043954918250021464	-0.09636724210407271	-0.7970669048157667	-0.5945297882009803
0.19269904163058782	-0.11593803622533877	-0.6881895998037945	-0.6897974527589662
0.1224905167348005	-0.12493835907246457	-0.611596524207369	-0.7715803077579071
0.049562683187642835	0.06625966058276117	0.6516687232673692	0.7539768384571078
0.004870143142713911	-0.1633235804610818	-0.7812201071633234	-0.6024921857873904
0.1681070894503795	-0.16342684061031973	-0.7821487855470247	-0.5772997068351634
0.013412445059429309	0.1077013973031471	0.621522404917357	0.7758417464420321
0.2569544733969971	-0.03584121856029584	-0.6012889632275057	-0.7557389683972742
0.05577738407635947	0.010931478153398087	-0.6186011937108163	-0.7836465717085307
0.0111949631531787	0.011985086742634899	0.7925409101761204	0.6095981760085714
0.13495552791081394	-0.11711551931304327	-0.6754830359175934	-0.7153975320127272
0.10274190076871793	-0.2729096139320662	-0.7458399781045704	-0.5989049770296249
0.03713981009493346	-0.155841608984347	-0.6258454515927158	-0.7633161194000766
0.10963665627575392	-0.07489615894812383	-0.7433609124102737	-0.655579837148806
0.22256371946994524	-0.10553879322452756	-0.62166995972662	-0.7435411320659514
0.07471165073618956	0.100728635089419	-0.7575190342026921	-0.6406534352814451
0.24288856595490949	0.012174550447325674	-0.7013996929265984	-0.669996563880925
0.06729131886991335	-0.0591526203386326	-0.7033086896558348	-0.7052160895544101
0.055432296798588375	-0.002662119863150837	-0.7513676388553924	-0.6575460781347114
0.0031042775654887412	0.09204785755518562	0.6882293204574126	0.7196234833876843
0.28518315025096597	-0.10688750927670829	-0.6146689395983317	-0.7276178432849343
0.08764493488900006	0.007177276019687452	-0.7254552154994438	-0.6826284365611321
0.1405989129479077	0.06139040307831953	-0.7925119567966715	-0.5902439855026552
0.056725995165799306	0.047668204225371304	-0.6703841874033873	-0.7383054551185966
0.17484010798231595	-0.12164650706653167	-0.5886533264141027	-0.7798207007132192
0.22320588401255562	0.03146085667320786	-0.7555255919130809	-0.6151182226238711
0.2359332192916332	-0.02642403873182493	-0.7326348011956048	-0.6378742307766176
0.31579909329780975	-0.06896812283236399	-0.667972829833667	-0.6703183044712893
0.11255750856841223	-0.14156060293339925	-0.7437416674637348	-0.6435368948555067
0.22996309377945848	-0.05648225206621194	-0.7580245170552906	-0.6077216157452375
0.05656242304903973	-0.15581796141907747	-0.671262986021014	-0.7224454711576344
0.11812081850997228	-0.22948567988711113	-0.6555358857445092	-0.7096876055437678
0.04369329918493931	-0.03683771135078757	-0.7704014440479319	-0.6349925146311827
0.1521774871121948	-0.0984824895756685	-0.6638367213418525	-0.725578403111129
0.030648594235372903	-0.00890687868782671	-0.7288390891642309	-0.6839407235204599
0.1421455945091973	0.12264960460754759	-0.5995437320944832	-0.7780096514552102
0.16376499860448682	0.10388712018783923	-0.5871531317532904	-0.7859005607349144
0.03414852867652648	-0.06366278337707414	-0.782106220253789	-0.6189432835423969
0.02161659876395414	-0.034955269477245254	-0.7489893859519591	-0.6613060951820713
0.10368514670524524	0.0757620010510314	-0.7271021090456579	-0.6744123609267638
0.12500309135847398	-0.05247975183325615	-0.6828700654098796	-0.7178499680054681
0.09044426993681187	-0.22089964752412927	-0.7529704852637708	-0.6132361927356816
0.11568239546642252	-0.14925615995985309	-0.6821557804471872	-0.7064019205067876
0.21177812895669537	-0.11511698299828002	-0.6684498616697562	-0.7036141604279001
0.039345336545431084	-0.07735655774463863	-0.6412822132353111	-0.7623811582496306
0.13173810304914496	-0.2400426792181384	-0.6906721769339165	-0.6693254278511729
0.1608157954316043	-0.17718162074908825	-0.5980423030810758	-0.7649119929337684
0.036816839364165764	-0.208312964377598	-0.7697874312079793	-0.6022271498078374
0.2809820987278767	-0.015936670341982498	-0.6175164643381864	-0.7344851931823773
0.150962783500823	0.08358475228491322	-0.5890673705204779	-0.7894450330271535
0.25615515067469175	-0.09714783746754468	-0.7318112251983581	-0.6240185631308445
0.022788663478575135	0.04446653867140476	0.7426966504357063	0.6677612516364116
0.046873424748656155	0.04963482884483136	0.5976819277122003	0.7988213687077385
0.1589129846888146	-0.19838638558656	-0.7162305007834282	-0.6499256688719971
0.034204770952889735	-0.034338555396153526	-0.6156685309358159	-0.7865132912244394
0.12702172107334783	0.029738811843878814	-0.7341194355361023	-0.6663705724398652
0.19250751616506323	-0.16870966772254567	-0.755803568681925	-0.6026930145642745
0.28294263638845946	0.009763809139047869	-0.6369999583581494	-0.7169931558922723
0.11284289595753207	0.01784832538056079	-0.7183748952357774	-0.6862109209332166
0.06259117874848542	-0.22613867200790774	-0.769521678005688	-0.5939528873948551
0.18611999480496874	0.023275897205007556	-0.6738667048929019	-0.7146476363774549
0.020413643346340302	0.01828046890374284	0.6112606634550392	0.7909548084021572
0.11911955087131901	-0.03195598691532726	-0.7868894813636199	-0.6046439378839218
0.14346380129816794	-0.21903616147641067	-0.7031944706838058	-0.6610286182023299
0.17620169331115637	0.02979168609782928	-0.6442796851316468	-0.7436189252839089
0.021319220493493506	-0.16081571552491175	-0.694901670487046	-0.7005679587535198
0.08048578962649845	-0.04172942350426863	-0.6173475839472933	-0.7814490728618467
0.07365052664546567	0.051565624158593996	-0.7047979870001795	-0.7036877033531814
0.16347490967899847	-0.17224771017698134	-0.7165383714241409	-0.6558806617983715
0.04287360134426784	-0.06027662223579185	-0.6687686926790342	-0.7397817372793085
0.21635920297768466	-0.03685441649921957	-0.6555784917536155	-0.722528399733476
0.15441763812207726	0.014116217790201047	-0.7305015113268039	-0.6650740315042787
0.2696158336078576	-0.07028788963063212	-0.7661605676066001	-0.5791069844890014
0.1657990824446106	-0.07266587685984494	-0.7647722809270043	-0.6183475502712228
0.177891983950141	-0.1797571339860873	-0.6760587895405683	-0.6920883815758883
0.04500966836531182	-0.07506673061027086	-0.7801358654461794	-0.6194571390771685
0.08392956956596372	-0.12153140123874434	-0.6254861011381738	-0.7661286335520855
0.17932483740303662	-0.13484612913693836	-0.7853129345635965	-0.5770118880528121
0.09228661979820187	0.08529639563782902	-0.6617169242718531	-0.7391470874119817
0.09984824754378498	-0.09743360874271587	-0.7444756766025896	-0.6529111626377073
0.07392842138132484	-0.07071192741093972	-0.6921110641307031	-0.7145045043537243
0.03918954142004688	-0.1120633465212768	-0.6577632706699753	-0.7438101007429756
0.1191092624479828	-0.19557702017174358	-0.7248227907118565	-0.6497649843170339
0.19580887928380739	-0.041180710823202835	-0.6326620931303344	-0.7481321459245415
0.035417146285063955	0.016867806147760147	0.7152513857445603	0.6977654033092141
0.14331090986918485	0.08511447208674522	-0.7204424633357158	-0.6731865764976503
0.16033242199602596	-0.10661744225558697	-0.7349708690849294	-0.6501877090966182
0.06213619228743426	-0.10539699785716257	-0.7639664931695576	-0.6335501272708614
0.07039647080491654	-0.17563190514012614	-0.7768759188639436	-0.6005510615129787
0.03342733860625904	-0.0068057148215464785	-0.6701052148199584	-0.7414818246933418
0.05563607129897507	-0.10307382810277756	-0.7066095479215854	-0.6978419307527365
0.14965399686484018	-0.05907974119641812	-0.6813509946755677	-0.7140546809994016
0.10297078385074737	-0.04913057668875818	-0.6683851081012798	-0.7350133001353332
0.18683626405353493	-0.1590394227720501	-0.6487120857845239	-0.720396628390183
0.0008215588971631485	-0.01704466240129905	-0.6656828834701856	-0.7460396123393339
0.1127908001700783	0.04110287902520952	-0.7777660078913381	-0.6169836510812937
0.09544451743253787	-0.20580543005667112	-0.7674237515794794	-0.5996626172798637
0.0059600737691390656	-0.05336385271317154	-0.602187380937904	-0.7965470073909141
0.2036741994756543	0.019955122924611247	-0.6395313262301282	-0.7410251657719517
0.02240914685115463	0.009435255291365737	0.7417888489987706	0.6701925914213536
0.11911984901244153	-0.072240735538415	-0.7848767531138744	-0.6037882245635007
0.04878922113835056	0.04684477296696974	-0.7822496534057821	-0.6192823741177523
0.2794932366967921	-0.04397391892527394	-0.6353443462909426	-0.7185314097040152
0.071496591906586	0.10262943949911923	-0.7304787224976432	-0.6713838480869574
0.21759439982620224	-0.047188902665926645	-0.63628967114306	-0.7386212419272256
0.1627918633446809	0.08190978155740278	-0.7244425071849806	-0.6648102366070522
0.10461918985259287	0.048906146955032016	-0.6132270636730675	-0.7814189543922695
0.11462655808420406	-0.03613746270627937	-0.5963094224432803	-0.793706437340836
0.00879899841904825	0.015994690312326768	0.6561401153709091	0.7544182503821633
0.23471778437475585	-0.08005931261860215	-0.6999936581187401	-0.6697066124466644
0.038360691204288526	-0.1499947437773645	-0.6956201750593594	-0.7015287636725086
0.19868236287195062	-0.008032528817549492	-0.6027307347419574	-0.7727719317896025
0.2426620962756145	-0.032873963318944766	-0.7017871214034163	-0.6689762669924366
0.004915657299810625	-0.015431583806856743	0.6483517398876583	0.7611686566846857
0.09990305492513085	-0.26135941838385696	-0.7446649408932215	-0.6059577211680476
0.15621774388999624	-0.06581916027397829	-0.6111519884195036	-0.773147529056153
0.11171536988923991	-0.16320991618684724	-0.7806594802590784	-0.5928346947256191
0.06455068069847841	-0.18022094170942837	-0.7785509600273073	-0.5976721713709684
0.22918575756900147	-0.07211401270575081	-0.678290580237948	-0.6944028704285903
0.25086721790917454	-0.06715028773700717	-0.6199243613010532	-0.7404392372780019
0.11687624430260356	-0.05107906310518178	-0.6805991845322474	-0.7214676866250178
0.08727007147657538	-0.04271964308629917	-0.7562574309940843	-0.6470190606043076
0.16514668020905357	0.06865300151332145	-0.7063147870407186	-0.6849326689586099
0.2804543224567801	-0.11578791181822524	-0.583281373107239	-0.7534728742816275
0.23285453103311018	0.016453061749989537	-0.6053401284677254	-0.7609674060057231
0.1632290778592103	0.10235302656058667	-0.612264176894241	-0.766819863975326
0.2183456016607876	0.05644747551461702	-0.6177901360384217	-0.753308853364305
0.02931197031126281	0.023023430404861822	-0.7621073208765025	-0.6463769500185661
0.2221242327288767	0.01607781458454475	-0.6744182820505211	-0.7039618668286063
0.2723917784250319	-0.0005127662985934556	-0.6737991448107435	-0.6868749293499379
0.17308836398912833	-0.07519854808792378	-0.7520247441406172	-0.6315412740409565
0.26643469728663516	-0.1015392975085678	-0.6050449430647625	-0.743386131169397
0.23870061766627848	-0.00419466326541577	-0.6730922874248743	-0.6999651366568034
0.026869995916818476	-0.16225954356829256	-0.6930151552587753	-0.7019115602567713
0.11436313136873343	-0.2513538340154097	-0.6735966546803417	-0.6855726592511869
0.10682520458570328	-0.2892692129680088	-0.7487704119508876	-0.5867321094681878
0.15514124013154723	-0.07850331426316424	-0.7493097583277989	-0.6389861589540732
0.09303467916728464	-0.027358179888539887	-0.7702078019130165	-0.6303776807103392
0.18545793997710955	0.010089250260208914	-0.6004319254562053	-0.7778078570068495
0.26915656896543216	-0.025645947499436723	-0.7339703500345334	-0.6230445826983791
0.22825272373658237	-0.14547857781316284	-0.6863132893191337	-0.6750635128698943
0.09012474431753187	-0.0014286709861214462	-0.6690070477558455	-0.7377703297191618
0.09519402466626056	-0.1834144350607859	-0.7679248914053294	-0.6062908574597553
0.12456924556527249	0.04251323025524442	-0.6116983673912307	-0.7800642509713326
0.17236717666136933	0.09208150575203504	-0.6570604003957516	-0.7280674302150871
0.13513810848922755	0.11170122212815158	-0.6785459071275957	-0.7133274006579442
0.08714138943903117	0.06670287412903653	-0.6679829821069476	-0.7360406513536262
0.11281728104722592	-0.21122234767187983	-0.7398310104717831	-0.6287348064847302
0.033797825871369425	-0.11578190067576558	-0.7210814050149965	-0.6822711087125662
0.0036587706355593512	0.025075505412827766	0.7200193373099493	0.6934911580730276
0.09747568011435123	-0.00786083933569134	-0.749114839331469	-0.6551821551939356
0.20988853426975534	-0.006498142676217096	-0.6413908667854609	-0.7379175654014806
0.04644509506464239	0.013718247522094433	0.6164441671782949	0.785907915459068
0.18846588704810405	-0.12082264540636682	-0.6875296818119594	-0.6907860988784623
0.011843263527530666	0.017149178479307522	-0.7094759696417418	-0.7044213875851674
0.12390017164925209	-0.09108814202267482	-0.687679319063812	-0.7095412968813548
0.061273053341957553	0.030190445533362996	-0.6062441913441049	-0.792339655952031
0.10790511175140209	-0.047633027332215645	-0.6810775175428938	-0.7226485983261124
0.06595125043329715	-0.138480999417146	-0.7907749088322652	-0.5925778336455352
0.06445303591959829	0.07624017741349462	0.7600588517136402	0.6421400029903515
0.11201014101424006	-0.11479861922634295	-0.7665131226497947	-0.6218783145755736
0.07777392551458419	-0.1112836018995045	-0.7278051045404182	-0.6722104627742976
0.15938183779384518	-0.010315042024023358	-0.7765421145434338	-0.609486155732771
0.01803565888128809	0.011829307344333665	0.7466135679741591	0.6649082362351717
0.167453375292763	-0.13566979127834494	-0.72661261840518	-0.6523704297497854
0.11757322786813217	-0.060739879839292736	-0.6266907166685297	-0.7679491836881274
0.13246854784901585	0.03186119321914054	-0.7838270659453356	-0.6058482309035426
0.025627895040045215	-0.029989405498865394	-0.7168148861463685	-0.696146727028584
0.14039381169468046	-0.1640580429143501	-0.6488249692504058	-0.7296579304510861
0.02010186111431441	-0.0720064428622956	-0.7244322946443763	-0.6852801163337101
0.18809414623818616	-0.10271473767563799	-0.7575357942586621	-0.6166115432199195
0.10191018678808668	0.005027339051809355	-0.7099800904245877	-0.6967907224494094
0.21466257941351494	-0.023342973009280947	-0.7859680497765138	-0.5793352288106842
0.12707721569910965	-0.2524939696875455	-0.7449418691744717	-0.6042845257595392
0.18309457264311926	-0.0048953728165078555	-0.7664649123418812	-0.6156167240600058
0.06355503009744982	0.04752055964398904	-0.7740769126034627	-0.628098310724305
0.2022763699039057	-0.16920646716895563	-0.5887137312114405	-0.7641135938653383
0.0016515472459572298	-0.1391121030772047	-0.7138586539793232	-0.6863314922892294
0.024361903992483946	0.09867231997045511	0.5913024711719083	0.8000197863125035
0.20184278015840457	-0.029649521604339993	-0.615172823136879	-0.7615397531582719
0.13488308103927565	0.08093348529744962	-0.722463544342021	-0.6732776191911657
0.20379156204242493	0.021199385271597024	-0.7012189188674587	-0.6828701290338941
0.13193835089096617	-0.24306455245265648	-0.7185486473423003	-0.6381220387259107
0.21965966880896676	-0.118768542657491	-0.7480208022173027	-0.6149053119171551
0.14002161836211602	-0.023575924572945866	-0.7782890896522244	-0.6116405930774187
0.1723391107147764	0.020015734456602555	-0.630462047789199	-0.7565819239115171
0.2354938177986724	-0.0024252979674942382	-0.7188236410227671	-0.6540866554327084
0.005129857103570088	-0.11459851276784407	-0.760111675677541	-0.6395866680413028
0.23031635755037339	-0.012850398857068311	-0.683255585959262	-0.6927849933055772
0.10758618279395368	-0.1448707314319041	-0.7260918651441644	-0.6634970141738995
0.2303955420898789	-0.11323424670446848	-0.6979334995388369	-0.6685691660403243
0.0722177148451036	-0.13690692722766445	-0.7485885782011834	-0.6447140726914228
0.005391029762549965	0.10391783482534997	0.608395039707465	0.7867830044317574
0.11796254845326001	0.028302057540295574	-0.7794006804865603	-0.6146693501049851
0.14209180143341754	-0.2252964492648671	-0.760021764614665	-0.5928054885255873
0.13144492651396	0.00371869858402936	-0.7926640853575045	-0.5953083657726738
0.10810872864175575	-0.20436532798179294	-0.6542605351444182	-0.7200628220252016
0.07329142943032195	-0.024824390840597205	-0.7164136676722684	-0.6933711652238085
0.15643531283707277	0.04169619861877656	-0.7638148204299197	-0.6248010403399792
0.10365107351537567	0.09163943349409345	-0.774485146520052	-0.6172774311505366
0.05391993231352115	-0.21181832867318934	-0.7173587641051395	-0.6615300749769043
0.06615996785730502	0.05979099170918267	0.726694338342234	0.6811484673585457
0.09690840217317481	-0.14387050047405764	-0.6430269604957449	-0.745939923021412
0.07759096254685655	0.06463148804314842	0.6626838767479185	0.7420596288592516
0.18837774694608103	-0.10935615224808941	-0.7437597276778929	-0.631962438682488
0.1809428600585357	0.08616694595666559	-0.7066157268122495	-0.6786229832830116
0.05593043963809883	-0.09241994065199897	-0.7778881209366598	-0.6190479882831399
0.07971292101894528	-0.06655260749344623	-0.6404028257550396	-0.760986741949826
0.04979218653305023	-0.0059509054675117206	-0.7596918638580129	-0.648346818355973
0.044411597225182876	-0.09389220120194494	-0.6861007246481615	-0.7200539286905038
0.1451602214783885	-0.19625831130189703	-0.7581384615974409	-0.6046794674800349
0.12428711894280274	-0.24573598080132722	-0.7026565190264608	-0.6560795348691532
0.10478478845269798	-0.029692702623187295	-0.5986052269338256	-0.7936058680524971
0.1345286885712201	-0.0925074950989395	-0.7195145685201579	-0.675013467264971
0.013412391596126588	-0.06092512497011897	-0.6673268107027887	-0.7421476703569797
0.1791066015718484	-0.186212376326236	-0.7804163423199884	-0.5693822168071374
0.025547671726049385	0.11299999340392093	0.736525953734904	0.6664141635912173
0.20539107328571746	-0.004963318705163495	-0.6167897926470545	-0.759842236367771
0.1948900529239322	-0.009252047895552047	-0.7567908992977083	-0.6238587994259688
0.28591837095617634	-0.027345751711517218	-0.6331106663058544	-0.7188002359646631
0.3115182231552415	-0.08053449305600247	-0.6001977480556747	-0.7322794926114691
0.16405160836539506	0.007543078208797032	-0.7860103572645676	-0.5960015855991406
0.18616456521657562	-0.006698616914121776	-0.7830874299463542	-0.593356520356164
0.031105570504558845	-0.17192161648872578	-0.6816647192662799	-0.7104988471314455
0.2462470928689904	-0.112353269284659	-0.6208603836909735	-0.7357115576757761
0.13313109979370302	-0.23011624113133125	-0.6743293135920324	-0.6889140749511541
0.07808441237075982	0.03335928319117321	-0.6401699501297193	-0.7635263045374382
0.11524062210618163	-0.17241606837520124	-0.6417473654676108	-0.7383445112533842
0.10122434072091224	0.08696139936897057	-0.7741223952273445	-0.6188100395702111
0.08280985684315628	-0.051245756567481926	-0.7686878043381502	-0.6321672717764152
0.04780430949641795	-0.06385419163515593	-0.7432853126219323	-0.6642020281847292
0.13866005801424125	-0.13615965236224004	-0.7784937387865484	-0.5968093799951729
0.17055500860015335	0.028907423735673735	-0.7700243848902714	-0.6141154586628861
0.13713657135221094	-0.1014826353722244	-0.7669457437187522	-0.6186186722912251
0.04676643692403548	0.08019602872114592	-0.7979628983207755	-0.5955138203755601
0.13653143844081583	-0.02616362015118515	-0.7396316839240038	-0.6584979904552547
0.15839943864961425	-0.0030835216174180708	-0.7352724898238924	-0.6589950496309486
0.06212585386785053	-0.004553111118010783	-0.6145576473833724	-0.7864086377341949
0.0010583511151002697	0.025544545247529808	0.7046860396121492	0.7090584896020629
0.20949797128343686	-0.10501727896482227	-0.6335493143451217	-0.7373582829532568
0.22645839237046403	-0.0772547292300767	-0.6456057840619333	-0.7252182257240567
0.007542054479706753	-0.1264212656959174	-0.7877775707948524	-0.602799535456547
0.1719759784384733	-0.1339725513800104	-0.6589735234544919	-0.7198815970024741
0.10578314892095993	0.03688227199458377	-0.7060587682983613	-0.6992357536095279
0.018950747506264236	0.11960391281747365	0.707640036878826	0.6961187768002223
0.13143783339025758	-0.1121476036112938	-0.7529977878496898	-0.6349341244974887
0.09972471420462568	0.010419256147569746	-0.6803740225197642	-0.7259735600959669
0.12272537384852146	-0.00858922038816773	-0.619182338855883	-0.7755500881025174
0.08955415976816619	0.08328224796925977	-0.6384108193399258	-0.7599182491499524
0.1499993190946725	-0.19046791903237129	-0.7358846124315115	-0.6322151637513423
0.05999614427260752	0.040828023079279484	0.6622279888637492	0.7457798776913549
0.014476166788420411	-0.0050996713303385925	0.6208142103684047	0.7838074700792858
0.10396536929706314	0.008687511098479258	-0.7553534886825892	-0.646959686744762
0.08490436662933477	-0.22051693686326507	-0.6936934165041041	-0.6804064762938237
0.10484705337562102	-0.023547757602299	-0.6867216923131387	-0.7189338744397372
0.21136407325941445	0.012404993889481361	-0.7108598618250067	-0.6707082834645203
0.05190870310357946	-0.002471646237739986	-0.7992060140874278	-0.5988064165934315
0.0344540594772528	-0.028861392972563352	-0.732707793628719	-0.6790576020758148
0.002541239721376212	-0.08772229423982783	-0.6949820165620648	-0.7136514119997979
0.19159489752061684	0.03197354216577407	-0.7952874612219182	-0.5742707914117118
0.10407311530263645	0.09636637871040557	-0.7665123903090107	-0.6263713461104471
0.05267701971897302	-0.16808875540476415	-0.7586840699019165	-0.6271919833488531
0.2288996781024044	-0.021991851617782037	-0.8001892265876899	-0.553911994345701
0.26878211840011107	-0.10325867899601576	-0.6838765052256285	-0.6703780602322299
0.08012812870111946	-0.042422709001534394	-0.7999174206605035	-0.5932216422853056
0.020115567502858412	0.06892539702501223	0.5933526696416584	0.8017339103581058
0.015803502258343302	-0.011305553377919999	-0.7897264121633425	-0.6131513905315751
0.1974117317040101	0.00536179617644075	-0.6396461813318345	-0.742867836182849
0.1872174411209412	-0.06280158951150319	-0.5989262823203638	-0.7760753175052428
0.0855855259673652	0.07950099498616443	-0.7772458835974605	-0.6182584782855001
0.097747805796486	0.01790250798770972	-0.6140385650820307	-0.7829952153504665
0.04936800835868319	-0.18136326612098425	-0.6562562697752311	-0.7307515814784975
0.03445463839217015	-0.1582034623193687	-0.6179107930217057	-0.7693963830631878
0.17409037780718745	0.043317485903629396	-0.7789530654290299	-0.6008729130428972
0.23413144490606452	0.024765717396308347	-0.6370282091160451	-0.7340055766398842
0.009249794007942166	-0.004073511763853408	0.7867161126520709	0.6172322139246578
0.03294202037185531	-0.1249329599846858	-0.7315449965701986	-0.6694389417985731
0.03689902037205148	-0.05464863758571862	-0.6494048687631546	-0.7575785801699503
0.14051081702949295	0.02140517997876507	-0.7592475733235935	-0.6350918445154334
0.14156619607732987	0.012906890359116848	-0.7416512931221261	-0.6555499856759445
0.19678605854948794	0.012576137619400123	-0.781721351781301	-0.5916323318517599
0.22736741748407657	0.02588375718713785	-0.7073391404598162	-0.6688089629737833
0.20611071796008124	-0.06688258637678131	-0.7029137939154384	-0.6774638661249297
0.1436625596752236	0.03295035746422045	-0.6270820255156553	-0.7648813477695255
0.10592645818729068	-0.24232004174652452	-0.7628350180984877	-0.5900367090160905
0.22121348237521316	-0.019897857568062463	-0.7954277486185135	-0.5638824054776982
0.01222688212523445	0.1409396437320254	0.7909136028614887	0.5953504791186824
0.02332764281866162	0.012668278330241405	0.6564171075505428	0.7539309760977139
0.07520050611278818	-0.05512734381081357	-0.7874636346953339	-0.6092674978013833
0.05658789414030628	-0.16781789438124076	-0.589667635508488	-0.787989241167696
0.14457473624948142	0.018861828214515097	-0.801190845623613	-0.5803754008947304
0.10311796863911171	0.009924041613671978	-0.6858343607676205	-0.7203467411825104
0.22656111390720948	-0.07318765768581234	-0.7095720291173935	-0.6631901416048143
0.006420060015103931	-0.0047617615043085435	-0.6757455702939644	-0.7370916039983522
0.04108442839383318	0.05186940472908254	0.6790335779029835	0.7311190290758924
0.07434515121986919	-0.09282468881423916	-0.6245841726494489	-0.7718490700340566
0.2152285292697332	-0.10443419168579186	-0.6499637472356488	-0.7213302344105067
0.07078699143154178	0.021758867118630888	-0.7524543268323621	-0.654467905689073
0.06561766650120444	0.04749349244835851	0.6370624963660503	0.7665442359980607
0.15832182761017197	-0.07440732864145208	-0.6401709187050825	-0.748050094038433
0.2614933588679254	-0.09463271124136756	-0.6194036377334156	-0.7341696035615273
0.06352041051504967	-0.11252323785146176	-0.7530436245405732	-0.6451581030493371
0.23107056886285018	-0.09968269047011206	-0.604750121000571	-0.7556103788169095
0.2120898653966345	-0.08245489776727827	-0.796517193118913	-0.5601601912812023
0.23010500916752036	0.029713159194414567	-0.6616092329090725	-0.7130512154510161
0.17161749799197062	-0.16316717108618645	-0.5857920811732203	-0.7750945402319993
0.060059858296599065	0.06890392998048438	0.6054763465092321	0.7905968983448325
0.05724269294619815	0.0026544394715662025	-0.7375104255991478	-0.672900141319589
0.3118199070813863	-0.05875077103536534	-0.6826541891648632	-0.6582552320081997
0.2599489739382409	-0.012284941745481667	-0.7372183643495969	-0.6235260174366992
0.2723118267298465	-0.1033809693026927	-0.7079445208025256	-0.6434074911553115
0.007861601651413185	-0.006700058969177025	-0.6467273556023374	-0.7626513174084811
0.2148930336915499	0.03515107898357495	-0.6947937882813844	-0.6854538478137938
0.05046443800646462	-0.08866578211348797	-0.7692989633758835	-0.6306907518964315
0.03376638177357419	0.03085209047724457	-0.6936760484310541	-0.7188334437184896
0.12866624681592861	-0.006343311603609642	-0.6952169614814482	-0.7071620293799044
0.19607656528754358	0.06198280755062117	-0.7168632674178786	-0.6661975442315481
0.10436779344154212	-0.2732059881296957	-0.7357501205471844	-0.6108499094352261
0.09621980531438348	-0.18690581835793935	-0.5830832716780012	-0.784743182460663
0.16831049761396624	-0.06849251851032244	-0.5940246930193364	-0.7836549083520982
0.22221027426197654	0.04673337718275869	-0.6880321123159023	-0.6892389991081675
0.16306746327150112	-0.018305227979575175	-0.6035787351421684	-0.7802349848186722
0.061699568915000565	0.05394182258371091	0.7294785123058581	0.6790762424471073
0.12781919939333836	-0.13791138846085196	-0.783492098731374	-0.5922692229254808
0.18228365527121715	-0.0009360189273888104	-0.7130960292943147	-0.6769533557743942
0.08713222303204769	0.018559004581565786	-0.7931268864665524	-0.6025058348450307
0.21780286021710996	-0.012310133997352403	-0.7603572376969556	-0.611773851814597
0.2109476184618342	-0.15389299759151656	-0.7061662395144841	-0.6581392631712153
0.12612129333127814	0.11110662239566388	-0.6908923915687715	-0.7031475244219071
0.07455081949291607	-0.008729844304390751	-0.7102023988478762	-0.6999846554047295
0.13048232086989464	0.11966435947927766	-0.7466876647885	-0.6411804241112767
0.11309658634851232	0.0562306129471108	-0.6379860802122295	-0.7596190109386023
0.051632745397153935	-0.12959635094195374	-0.6755020296954649	-0.7240413339738208
0.15691289021733978	0.08082442222660571	-0.6653480588084288	-0.7253672988874202
0.2631061697731072	-0.046626759415392134	-0.7757516575585106	-0.5716733809868771
0.019893288665303776	-0.08822303005117173	-0.6519275482804765	-0.7528687972201239
0.1702567694279317	0.08538892978800502	-0.6461262890490624	-0.7390819857994853
0.1648174422756493	-0.039139763385518264	-0.6394998723302311	-0.7498954613367498
0.07509448622436882	0.08547089098749641	-0.6297336660864602	-0.7684341577063114
0.026135463644359553	0.09312356037271116	0.6010235767153373	0.7933571706841172
0.08975129213176919	-0.21310296149202418	-0.7297836578745276	-0.6433876328181023
0.2755919751214724	-0.05256097772352731	-0.6188349286597911	-0.7337095732917923
0.1608981427784585	0.03462082733623862	-0.7684993902861503	-0.6183218200054178
0.12105485967117344	-0.2253195242244465	-0.7492992516158488	-0.6108416034302104
0.1938022426837814	-0.13128708522833338	-0.7883804915036317	-0.5689117616990151
0.10927413997498796	-0.24769849027169838	-0.6928756265667076	-0.6683023165900598
0.21081226670643355	-0.15871777813434157	-0.7349291233244684	-0.6246967574749542
0.05302262996179695	0.024251866059298046	-0.6254075234060464	-0.7781168789916408
0.1768910458698093	-0.14382100329501804	-0.5995507627900679	-0.7671792226984169
0.09013146708113204	0.0869076151731939	-0.5966152785904495	-0.7927001920140748
0.25836544638045306	-0.12274000978858698	-0.610831365587555	-0.738286684783201
0.24455627209652767	-0.14068266884351996	-0.5881312386342168	-0.7579592750325677
0.22103276661312388	-0.08136277984875351	-0.6282376624047294	-0.7415133536726584
0.2051122162880979	0.0630993941611223	-0.5978384333040332	-0.772357852844433
0.1095205442123952	0.056243056134570604	-0.797779612228645	-0.5902454229762203
0.12698022888679983	-0.07482755401688668	-0.7426015860379217	-0.653314428928115
0.15987846308879475	-0.1784960183828915	-0.7359654587637764	-0.6331926183780442
0.18360128495512182	-0.09505867718934416	-0.7880095649210774	-0.5799097702632148
0.20048206995137963	0.06936913413049718	-0.6275438858938962	-0.7491218419824532
0.006805975296126072	-0.11414982529013626	-0.7645825694358339	-0.6343003946092088
0.17260152210343505	-0.03661571866420517	-0.7121499851194242	-0.6794927537573047
0.2968821099587724	-0.033601910776187884	-0.6987470989885257	-0.6499880122230994
0.2883638460829862	-0.040192179458238664	-0.625248452799236	-0.7240823525364957
0.1892007465060956	0.047961886371507334	-0.7772098953281282	-0.5982035720231558
0.12022092998458564	0.019467406791823103	-0.7358796583260895	-0.6660698736081079
0.21791406542083774	-0.057206278124670114	-0.7968920424340575	-0.5605390035850868
0.031039262386686788	0.03935545417841327	-0.6698635218216344	-0.7407905065196352
0.18476695762061582	-0.09909579723596675	-0.659378092797215	-0.7219845739909524
0.15702458184678048	-0.019985347727643068	-0.7113639844701691	-0.6847664917114256
0.15856789771385205	0.08608770788777123	-0.6698298869735482	-0.7202590165226971
0.1611585833646653	0.029118242801924665	-0.7169732875581666	-0.6775908380963079
0.14516728145128652	0.032458920566294285	-0.7413689156093828	-0.6544043167949626
0.03333778900894847	0.0068969024751988975	0.6243540259600106	0.7803993047330123
0.05376239736946999	-0.09575107562920326	-0.6851583710817323	-0.7200689846685283
0.03263018473832968	0.023784078130076762	0.7372686196061755	0.6743920011502578
0.11417858677097241	-0.11379511480623901	-0.7019913850998974	-0.6937016775349084
0.32482871928810664	-0.08344149080031388	-0.5921441351241443	-0.732727196149255
0.14174788295061902	-0.18947321542546647	-0.636319399854903	-0.7342377405742968
0.005169116557985149	0.07514302112761703	0.676999830861356	0.7321188671407942
0.011816703533590349	0.09341069384259375	0.7904148712591259	0.6052926061714812
0.06303383360536742	0.055341660192683356	0.7612734921399128	0.6429826643333634
0.12766314806044532	0.0911518909284219	-0.6178624578003243	-0.7704800040548828
0.1558565730395568	0.0065508921570641395	-0.6398572883774261	-0.7524948271998946
0.10313852113897207	-0.20580714838045894	-0.5967666200715133	-0.7686842422615359
0.10289120182324618	-0.16125460720887663	-0.6437764507092754	-0.7409198564982901
0.03945267345514402	0.047566146699543184	0.7180520497241916	0.6932403638942891
0.07175796701030923	-0.03528109542080902	-0.7633581830262393	-0.6410072720986353
0.2489434305208848	-0.06634961118168214	-0.6922927224652284	-0.674059110106981
0.03981249244270865	0.031914842481194264	-0.7496225729661891	-0.6598957541721651
0.15140468314335223	-0.21491444137049215	-0.5872751813412084	-0.7655039295740559
0.12572055271475455	0.10110281599730658	-0.5897249970894786	-0.7913260965179436
0.22392961564260425	-0.10115069192724217	-0.5973164490391216	-0.7634377017596722
0.05372826098266765	0.0659840532345863	0.7690932807451373	0.6334468440233916
0.10447404322783828	0.11959757408595784	-0.7718380967429094	-0.6156683741923608
0.0923131017160901	0.08044948499248275	-0.6250133701726269	-0.7709503607376119
0.0497717567528865	-0.08974596699535298	-0.6618378572546624	-0.7425894453480723
0.09497157125352089	0.010190918342680703	-0.7722415271326368	-0.6281079283123429
0.1300918848377479	0.04257408973424414	-0.7959441212921734	-0.5896918722206476
0.08866973959191868	-0.04494817290104236	-0.683814809112143	-0.7228517454308889
0.07494681596892164	0.053080193166303136	0.7252796457608623	0.6823011822608448
0.27379005097751635	-0.10144613762198686	-0.6978106688932888	-0.6540703016694848
0.19479217246610175	0.041630746934707974	-0.633413196064645	-0.7477369948763846
0.31182909827958105	-0.08929988838948703	-0.6336921471210378	-0.7022979467981502
0.10616576919614135	0.12495582252774548	-0.6995125359884551	-0.6955552342283152
0.007653921552942929	0.05104415357189763	0.7779040477062603	0.6262596940832184
0.12680288418952743	0.08751315945976049	-0.6494302608950606	-0.7446494555939468
0.024862544573747137	-0.0546108900631244	-0.66922756733193	-0.7406307903988456
0.13732621695944516	0.12153038008901176	-0.6552959375283332	-0.7327749389204644
0.018559716814635623	0.1003639871177554	0.6932923753052395	0.7133921007028369
0.07868294738186342	0.02827110335819706	-0.7898701275902773	-0.6075482861853305
0.23754313508535035	-0.12980349796542867	-0.7346558341235565	-0.6220973527334636
0.26376136919234505	-0.12762382690739701	-0.6697201883401147	-0.6823613179664946
0.07587369218989706	-0.09300009498430435	-0.7663844931037205	-0.6310697060519832
0.2675027093813675	-0.11719053930624414	-0.6451043812375398	-0.7060800346128405
0.07849909952753807	-0.04548541892205952	-0.7673675078443076	-0.6347567061037377
0.04388225321630923	-0.12525016373474485	-0.742150038412562	-0.6569627575603598
0.14046723508303732	0.13122765594460561	-0.6333150990005078	-0.74964007601074
0.1917579351326901	-0.1801524189770026	-0.7784091824707737	-0.569958897549256
0.13492352384112621	-0.24647556152694242	-0.7483513084074737	-0.6008458699942055
0.22075352403068027	0.025528338548019384	-0.7209282874310559	-0.6564134291288825
0.04460192733287206	0.030621321291224433	-0.757633404172745	-0.650434183943457
0.20858923727048156	-0.07985541926035554	-0.7586878670315294	-0.6119692496595072
0.01819046379233014	0.11363226283447873	0.7908008893488496	0.6011578572015875
0.00033085517874285907	-0.0571327830964528	-0.7315986245058441	-0.6793373155153934
0.0843163355718785	-0.18199835366127692	-0.7806701089688883	-0.5918796632617304
0.14963615777453942	0.08158813292801134	-0.7386748195416416	-0.6521594190279839
0.25126665561204115	-0.01606990765894692	-0.734263645480786	-0.6304472418613942
0.028998584492091615	-0.09794527773640656	-0.5948429762424662	-0.7973253026723772
0.10105727201190717	-0.12182065789055996	-0.6672619009350933	-0.7278109030820493
0.2709872687944308	-0.09223059601827495	-0.6483831188850799	-0.7054493238031382
0.23118970327418073	-0.14053624332224732	-0.7196958497298834	-0.6394050119403565
0.10085180852369868	-0.14664030689896734	-0.7183145518477936	-0.6725695040022104
0.24918293457151697	0.030498053579163954	-0.6120893091392033	-0.7498829318525009
0.03716620491776233	-0.028381748899490085	-0.6022094943698303	-0.796967298220103
0.30303932614121004	-0.02363129463022584	-0.6671260703420583	-0.680111413663926
0.13715754999183913	-0.1824921232329259	-0.6717983436081552	-0.7046782364764175
0.026904367002056426	-0.05605118255541228	-0.6028564857655472	-0.7954234580025743
0.025393728654346873	0.0063484787249933824	0.6991544218513105	0.7144913923684927
0.16545693203231118	-0.06311824944427548	-0.7184206351283365	-0.6726900335602891
0.04320111153942304	0.0522268547238532	0.7236965749573652	0.6867818336286936
0.17427281463577035	-0.1389390012400771	-0.6867505017453976	-0.6918805448672343
0.12702916222766072	-0.22739745777401876	-0.6686533927004881	-0.6964600696176191
0.2320935355657979	-0.13581265498070494	-0.5964630864205889	-0.7562534628239959
0.17886152950895112	0.08149256375776931	-0.6293909305445351	-0.751820837608395
0.14613619364237182	-0.16068577183297544	-0.724221421994501	-0.6544674381223431
0.25649336695691083	-0.022519252998235078	-0.6420541569194426	-0.7221291404824851
0.12154890454554544	0.11671588584702015	-0.7602541301306446	-0.6273889729777056
0.1837246848928747	-0.08109286710171155	-0.782375158980935	-0.5895407514971249
0.2147371752998844	-0.04503285015242928	-0.7807144179503771	-0.5851025427698802
0.2161918706398691	-0.06496964096782773	-0.7774507414094162	-0.5870352336135326
0.10428533858619818	-0.05542620858653601	-0.6884588730744293	-0.7155954748618598
0.1345765995336606	0.03747721126675183	-0.6615406068954001	-0.7367826157843911
0.20586103221418367	-0.11808545700573585	-0.7876284987527905	-0.5686109462645638
0.06806250680824008	-0.22932415137177098	-0.746188139582845	-0.621273843896947
0.1675372882429496	-0.1965732909567764	-0.595646423540261	-0.7605889405285337
0.015473974549522972	-0.0330784853516066	-0.7271358453741983	-0.6855215768233953
0.03513297263337636	-0.11409292528304785	-0.7815260321379257	-0.6123442983526908
0.22836567911773473	-0.07369236083869565	-0.6110181914870899	-0.7543708121520617
0.1647418171331465	0.07077822050725889	-0.6495276147022436	-0.7388940755810054
0.028712896505023667	-0.16076253394970014	-0.7706024760709678	-0.6160379867554084
0.11886244589861311	-0.053666308429832776	-0.7526051349843813	-0.6454278868236594
0.022834222135826965	-0.11559727944732279	-0.6393111253483117	-0.7598665358401465
0.25245536529944446	0.0008746639330632172	-0.6048254147323363	-0.755282557185313
0.07253073744284294	-0.10695665147013485	-0.6010483567318173	-0.7886954036269487
0.053096752135250266	0.016026858147912035	-0.761819681029412	-0.6454104495023608
0.029439618503309208	0.07516201228480687	0.7252362908173979	0.6837516385743444
0.1754143534576167	-0.1226589854496125	-0.6647232889306413	-0.7157705826888594
0.15046546699332283	0.11162102265168734	-0.6859798271660713	-0.7030878801870217
0.20793042902936185	-0.10548404451228648	-0.6744763288407071	-0.7005139076924582
0.1494078922097163	-0.07461211908378362	-0.7623772547800052	-0.6252129515816033
0.1236751672787272	-0.18951240255057747	-0.5862255846122757	-0.7779004217919425
0.11919188948522044	0.08360221678823675	-0.6183973944692728	-0.7722620185809026
0.16175333167202768	-0.10474792302897844	-0.6528231711258138	-0.732588315191657
0.012908628689545778	-0.01576576008188215	-0.7551284301769577	-0.6552601483783974
0.09406987367414686	0.10106921117549543	-0.7293908104855517	-0.6700185960094864
0.1706265826146049	-0.0872712687782323	-0.7726393356495413	-0.6052261990017734
0.28628880692002395	-0.04973101171501286	-0.6635303599566641	-0.6894149743963285
0.03056572881428256	-0.003803491102158187	-0.7988387996551263	-0.6007560585154715
0.1883131355876579	-0.19474788771781854	-0.7016844553857358	-0.6589767433412318
0.027724790157283716	-0.13977298274483863	-0.5951487010877655	-0.790881073802434
0.12197769874791015	0.06476870477685463	-0.67237619705322	-0.7272115961162487
0.21665896393335551	-0.0381803261274005	-0.6865875987143969	-0.6929636536902413
0.18122116310806008	-0.07801343354272405	-0.7492089842021428	-0.6322647327025526
0.2369954275397584	-0.06193330755376683	-0.7935963539425362	-0.5569580412830131
0.11746747393118724	0.020878893558971292	-0.7944530060471944	-0.5954912976312545
0.20967255050301117	-0.17701796510901333	-0.6404389023437959	-0.7173144874871136
0.10296130794856499	-0.006973232811439437	-0.7858042777025603	-0.6098048706217717
0.2264275992802095	-0.11610751157411921	-0.6975983651998571	-0.6697806423828278
0.10877423412097809	-0.18847193834578185	-0.6722356997912434	-0.7076338448475707
0.17664115376143455	-0.2013970872656685	-0.6583019574014515	-0.703473985958366
0.09495104081529632	-0.07833472985926682	-0.6595276375615216	-0.7415330506717054
0.10400402725384253	-0.21560481362945133	-0.6589844308823548	-0.7130478570961774
0.263077236128044	-0.02891340565981152	-0.6085741762924386	-0.7480587241349174
0.24694092222228683	-0.02632974666540531	-0.7896282966015261	-0.5610829516022692
0.06113639921521704	-0.23387636632749173	-0.7616470656285267	-0.601213716895998
0.1334152315595236	-0.0854841955802969	-0.7842300043109418	-0.5998967649790824
0.11609511010363187	-0.07686595395440614	-0.6158263052322381	-0.7754814712916841
0.1645229900926832	-0.06103506205036955	-0.7441043026568865	-0.6446050680059683
0.009155296607737978	-0.019851309610509613	-0.6324781033806177	-0.7742696912541704
0.09660277815277309	0.06650686145080217	-0.6293561711859089	-0.76821582281501
0.04797334410640442	-0.05246481204839852	-0.6762561415145683	-0.7332282269633398
0.2613905778570039	-0.04795363440773515	-0.6589932610379149	-0.7036357698847362
0.12436427815866796	-0.2428854382347264	-0.7664715674669068	-0.581430586120494
0.08105172694234442	-0.08595622348951672	-0.6520650943346489	-0.7489013673064226
0.18467587364120122	0.04335971429158281	-0.6019386056765258	-0.7756833579932029
0.2884891984112847	-0.016406925306852182	-0.5992901441723812	-0.7465628696230722
0.23277405391522338	0.0015434652795470755	-0.6276828976182721	-0.7428512890049618
0.06283039242963523	0.0687249136482821	-0.769531629319681	-0.6317834276932021
0.16038620438643536	0.05310503221320535	-0.6309709227945124	-0.7571867772115335
0.19906196625548478	-0.16786093373051406	-0.6693062342295081	-0.6958636399030597
0.11978030463272005	-0.21462649840238096	-0.708583471316541	-0.6614360203244349
0.1457295501870731	-0.05034607197042278	-0.5963722378775834	-0.7877615915543899
0.17228003762088331	-0.15581238925402388	-0.7499306393656625	-0.6193917372171737
0.11826270116280611	0.09571737232305748	-0.6716429987267633	-0.7250846849924271
0.17022289100036922	-0.1456622494867785	-0.6169369001188335	-0.7544504872592319
0.21922945270875197	-0.12424560191914	-0.6372523786026336	-0.7282931301571213
0.18923199168737276	-0.11090899194289597	-0.7296319108673108	-0.6477095981011532
0.16181032747678203	-0.10465584782535757	-0.786341874517122	-0.5869676548317727
0.07479923993318721	-0.1658882223882108	-0.7669855321903676	-0.6153205382473071
0.13472207632307895	-0.12478246597692523	-0.6418844532340907	-0.7444888495016486
0.13499226236043216	-0.2159686543881675	-0.5804116990235498	-0.7734706775703736
0.10390352050511294	-0.21966827877748402	-0.6602335071496453	-0.7106628045440821
0.16891048014518348	-0.06604517671692435	-0.6350764476298818	-0.7508563044919873
0.07145833249276685	-0.1418335469588518	-0.7532256919030534	-0.6383008763362235
0.06391163988064973	0.018878609081661692	-0.6646798252421021	-0.744150274019325
0.024031431237302364	-0.1640371651123794	-0.7242885808563027	-0.6692685189187849
0.20645372231736808	-0.05490644827626925	-0.5935460322147345	-0.7759286372606271
0.27602234222527106	-0.1121275756592282	-0.6787729329081204	-0.6711977196926162
0.05212303876878877	0.011698747560261015	-0.7712226464530045	-0.6343200751458623
0.11701965829964725	0.04159633381680484	-0.7549848738275123	-0.6438741995732474
0.1896914180188848	0.007521495399565539	-0.7464774060730167	-0.6377554980236858
0.06124306879573388	-0.09512518888841413	-0.7291563899029939	-0.6749306957214628
0.04752056338204804	0.04193932572347829	0.6129214300670257	0.7875977460469937
0.2250764415143704	-0.07645642072091967	-0.7366483533260608	-0.633122590615575
0.11937167681211598	0.0655121309746856	-0.7036553973933607	-0.6973719561248579
0.2948983188762143	-0.027097386892022703	-0.664464143278119	-0.6861400115466829
0.004956733333272529	-0.04113612774519729	-0.7125450947027582	-0.7004018402344694
0.10938015344551934	0.11447403596996535	-0.7571835586938547	-0.6337229170265911
0.24474080846602456	-0.05452243119552057	-0.653039324782309	-0.7146110000943118
0.31431071122805193	-0.046310771828897215	-0.646365461327998	-0.693740426688666
0.03584227008741779	0.03149878231970197	0.8019064207356682	0.5955411411231522
0.11543840559272835	-0.1488869307374876	-0.6055365572837613	-0.7731960515695288
0.0954014492062815	-0.17952127860669853	-0.717502699989026	-0.6662286015514608
0.1510648726840206	0.01990260603835823	-0.6517334329872082	-0.7429850757858806
0.0005204466290723514	0.010145513132989845	-0.6844974779298342	-0.7289444426060677
0.2072042660552963	0.012655964688198663	-0.7343859220034237	-0.6462070382234151
0.03120299092349836	0.08256954900343635	0.7740977129920097	0.6268822646042376
0.08436364439763794	-0.054872396625763514	-0.617289570639	-0.7802726328488093
0.006883158171727463	0.004127903063772251	-0.7023265322203506	-0.7118096829133586
0.16837611903547564	0.06664561077005562	-0.604138077232005	-0.7760315900413163
0.12990418098369705	0.1141254117052934	-0.5864520184930347	-0.7913117743162282
0.27085798953238366	-0.02497757964291187	-0.6840852558159435	-0.6767861056470442
0.20957128178960288	-0.08662293671552256	-0.7646206156260678	-0.6032674853192856
0.24510842993870527	0.020619585369568483	-0.6809544514186009	-0.6897809256317271
0.12118466980164286	-0.21636974988952412	-0.7062280183727352	-0.6631292432121595
0.2314377496371974	-0.07180467160826436	-0.7729630323154643	-0.586352119337674
0.08638721104573609	-0.018619963372894732	-0.659841228490744	-0.7461903911975531
0.1555848278736704	-0.20088312080241572	-0.7163685493794	-0.6498118455154974
0.11548579994893578	-0.09267550988125942	-0.6238509467465978	-0.7673879567218764
0.13596668990098215	-0.04474227127156129	-0.7418195059505465	-0.6551450289745923
0.1621075943527931	-0.19864804878174544	-0.5848364583585283	-0.7695624715011828
0.18574983410948373	0.049968952805698325	-0.7970926765579923	-0.5724014044893817
0.10403485750826137	0.04498000301078326	-0.6858566196910144	-0.7188562060512527
0.06606444606663994	-0.15526738451919336	-0.7291337820003017	-0.6632431350691943
0.15239529052926998	-0.030536990021344294	-0.647799292020605	-0.7457876674513589
0.12878855556352267	-0.043506386956155815	-0.6771428384349301	-0.7231861991259021
0.0377596891822013	0.015256198290136766	0.612941586768516	0.7890779844199745
0.25873013022556296	-0.09784718545895361	-0.6448239684042015	-0.7125213665446684
0.026739033871534215	-0.10025613167567556	-0.5880270376194874	-0.8021582980668445
0.21592104134153534	0.048803422066396956	-0.6730870468662961	-0.705655834838347
0.03166982867058523	-0.07423553048953836	-0.7194752161818888	-0.6898126711397357
0.11799488190787812	-0.1824412801050978	-0.6753711064357856	-0.7047455255259604
0.22044840476909414	-0.16741891070731288	-0.597592307267703	-0.7525003943299975
0.05784540181982709	0.08011487459231255	0.7621794031174378	0.639779707259387
0.061422989573287616	-0.12002776471132676	-0.7939541714011163	-0.5928383639450546
0.054907072251607736	0.061126077150000076	0.6169322729496424	0.7827153931680383
0.06093018749017179	-0.13210159595636023	-0.7457910745286868	-0.6501018026059778
0.004173013083310625	-0.04240129002241082	-0.7783105900135068	-0.6264322325990809
0.14717912019739313	0.057441293976001805	-0.7001504000589864	-0.6962960732486756
0.04895559199219369	-0.14023107616529934	-0.7377882530109897	-0.6584884881371942
0.14616120740415864	-0.14843902579702922	-0.5904091100368963	-0.77975626952018
0.19157849086871742	-0.16267562942921757	-0.6933383984062095	-0.6753637440089489
0.1802255180504935	0.025396818224097614	-0.7669278492119183	-0.6153823513643404
0.0774817698090845	0.04471974308650893	0.6191841552589012	0.7801331308192528
0.10550149532628246	-0.0059367670228256215	-0.750906425358922	-0.6519000917594051
0.037946187450283726	-0.1371359818026387	-0.7020791542019718	-0.6977382536367475
0.028314607530679554	-0.04039357611955368	-0.6194882855919883	-0.7834544696553569
0.07254800018610144	-0.05061342721696549	-0.6183837420028241	-0.7808819477238126
0.023795839551219583	0.11990227097871346	0.7665378836151061	0.6304576721851148
0.11155337499036905	-0.2268557014710992	-0.6285745043177198	-0.7355177956786949
0.10402581143179944	0.0380316175003277	-0.7444103423871747	-0.6584720713692219
0.031295221177424434	-0.15841492073053332	-0.68164317876704	-0.7136440981762269
0.15868912753739883	-0.16906889155787114	-0.736663269766623	-0.6352642738935975
0.14851696431202357	0.07071789810423511	-0.7034485720039191	-0.6914490557842329
0.29722939152376177	-0.057883771207830156	-0.7183664133724555	-0.6263017275910776
0.13600545296653252	-0.1960287967014971	-0.6204958548448517	-0.747034217253459
0.035093904885967454	-0.098172140597278	-0.7129524657689872	-0.6934186543527107
0.03175360874591084	0.015365179869323254	0.6087044044889526	0.7926124951922879
0.29841737511445116	-0.08201384597922794	-0.6077008130063044	-0.7313826092880341
0.21148472957026046	0.018427106446588248	-0.7780537109137257	-0.5912419757087453
0.1295380200607083	-0.20741082366758096	-0.7047705181652834	-0.6659573321987868
0.05307203049058794	0.041115389895578835	0.7412583457472628	0.6678539878995797
0.06525780178029388	-0.11664772717346238	-0.7090044444949545	-0.6924214213457512
0.1565293716531889	-0.17833995669085978	-0.6335320555117118	-0.7364309541949371
0.03648772854463074	0.01309637877958402	0.6084122684846542	0.7926737299077545
0.181183360769019	-0.1331131726541739	-0.6723334645183415	-0.7052809266775528
0.026043970668784437	0.05577140114479415	-0.7828920803561914	-0.6191052034361402
0.07448187075000887	-0.1800239909541457	-0.7110612923460208	-0.6756002162060988
0.23697476008214188	-0.046120462243046105	-0.6218260009646878	-0.7450156310915652
0.2003744236468378	-0.08043530921474833	-0.6007738927103319	-0.7697083741375043
0.18812707904002673	-0.048599905998984644	-0.5962747879488732	-0.778911181409847
0.24819944863057478	-0.011368693054455245	-0.5955172438889209	-0.7639548407783379
0.1840297642766172	-0.1369843377265948	-0.6453905210993013	-0.728587271610664
0.10345363342390805	-0.20725404095047692	-0.7440983789501947	-0.6266264522702357
0.10795486227646481	-0.06429736259579169	-0.7889535823549191	-0.6014680721064375
0.08423616558599743	-0.0441855425905418	-0.7938630040841385	-0.6006108864979514
0.19080957051253694	0.06513635756738709	-0.7148878764480879	-0.669540354893727
0.21896972158670167	-0.1505589529198994	-0.7818987231098113	-0.5639314227130391
0.015998166150612367	-0.14741550543201304	-0.7804624173398761	-0.607364093899235
0.2374060080018557	-0.013650728104463675	-0.6070266170813164	-0.7582682448458815
0.27883674009502	-0.0620082249510458	-0.630625558897779	-0.721606857559202
0.2399167043315051	0.0025756447787089343	-0.7600599627770503	-0.6039388992439814
0.10774454707783981	0.05542708109069398	-0.7845566049845139	-0.6081035148985166
0.14837431702830997	0.11699600231547691	-0.6399963495958033	-0.7447829683824851
0.12960636952627588	-0.1211937056627749	-0.7811732343452127	-0.598567166346921
0.12683678050343317	-0.017470216396705058	-0.7345448008509607	-0.6663716366963697
0.06890705118573372	0.06797457165575871	-0.6463052112418892	-0.7569153518238877
0.06145279469076173	-0.04734176080599935	-0.7291309296943068	-0.6799635277510098
0.12547030048227553	-0.06431550275108644	-0.6436733433206208	-0.7522003369456947
0.19311113648776218	0.03565210448314321	-0.693242973901531	-0.6934343484040065
0.035400450324771446	-0.1444726387136417	-0.7089343972721959	-0.6894102444439228
0.21864145324100612	-0.09875765567763559	-0.6864780975619036	-0.6864332902311105
0.10463566519634981	0.021527109880972943	-0.6339052320047851	-0.7659974660180342
0.12509405559572878	-0.19963252018793592	-0.607793488529591	-0.7583438596303499
0.16035271798287937	-0.06744793638079577	-0.60957659625986	-0.7734042636330103
0.3287650521389118	-0.07237906917365512	-0.6251416320462206	-0.7041823277534318
0.19178015282847521	-0.14081385972707697	-0.7874320629993061	-0.5686321975147964
0.19506790282533154	-0.14663357971998156	-0.6208330729605155	-0.7449922161366749
0.2373423827685236	-0.015620209060850349	-0.6426947634386201	-0.7282637183460612
0.10790375254490121	-0.1948099605801553	-0.5730797543296924	-0.7886605446089633
0.03580566915389476	0.020042530563522367	-0.8027153043596555	-0.5949490660315703
0.04322027247036552	0.026470256700475942	-0.6739377628270212	-0.7370476411966245
0.13970610632220393	-0.21342212810247907	-0.7030272268525821	-0.6638417864193743
0.14944515137747755	0.10047732937535592	-0.655401713644552	-0.7334978164678773
0.023325007198257114	0.021949267359195914	-0.7558425027140996	-0.6539696359866276
0.1206534241904663	0.03231206465320866	-0.6902586011654858	-0.7127003193671441
0.13628480149524766	-0.1273769788182552	-0.6437521449860765	-0.7421487276647184
0.20848209699904263	-0.14594353153829234	-0.6339951035284722	-0.7302642737632282
0.2146561464778251	-0.1185886116259981	-0.5900568757176544	-0.7692154206659076
0.2276678007376849	-0.06776537765499044	-0.7712094968938172	-0.5906023518403289
0.15996525057057265	-0.08266971658901946	-0.6828284543076354	-0.70804105711239
0.21653305044598012	-0.11575181994085117	-0.6517306233726374	-0.717608632057372
0.17894818752005234	0.05432596385425151	-0.6702947592006795	-0.7181442554408536
0.1443352191714718	-0.03999579073850174	-0.630713406025004	-0.7614251642087116
0.044866289453471986	0.040192227713951964	-0.6126237816537257	-0.7880759500545333
0.10937768457316195	0.011513443319535447	-0.7790636292233311	-0.6172226699998258
0.039844631970113134	-0.1775219421566949	-0.7062358621442865	-0.6841997313485279
0.13775851896272465	-0.12306479908514525	-0.5969809236706174	-0.7806993162880994
0.10375990648617246	0.07668070305794651	-0.6282462190567424	-0.7672422302150915
0.12988776568513247	-0.1385797693059732	-0.766639384183069	-0.6133423762335619
0.038709565318090736	0.06889787335880548	0.75779571119135	0.6476884379850504
0.2476874563357338	-0.06486859911987325	-0.5913464245614014	-0.7646910454429331
0.1656038365624398	0.07720978179088768	-0.6724090658439918	-0.7172726588142158
0.1842990936516689	-0.13201790324890741	-0.5907162540318867	-0.7743767975110508
0.1822988621888639	0.049367261349969264	-0.618635344762409	-0.7626403533528401
0.1539025502172469	-0.06796787537934934	-0.7080984378548554	-0.6857776427243444
0.33167560040024124	-0.04586697364915161	-0.5962038039514589	-0.7296770114106774
0.10976342093125097	-0.1166336436188696	-0.6857249209850734	-0.7100210682378871
0.26546198922599995	0.008480169313496218	-0.6280711409213775	-0.731426456279993
0.21236102880875996	-0.09685312809266874	-0.676604840594717	-0.6983753680548503
0.1696497297844229	-0.16895165722496008	-0.629764094151925	-0.7389665029093113
0.10286647115934984	-0.05412052478712505	-0.6837187611130783	-0.7204291176861095
0.14001590766090177	-0.05833399185067859	-0.7137895807184618	-0.6837376144797221
0.2246855829156588	-0.09011562970433107	-0.7667817258088632	-0.594509333045684
0.17726256492795453	-0.18020548450078233	-0.7060860611780501	-0.661472932659431
0.14640745215354087	0.10816762836934474	-0.7402012029633872	-0.6472764488674173
0.17683088477864828	-0.09294395964550448	-0.6012256262699555	-0.7737053734271949
0.1695123611889229	0.031633542627553045	-0.629081619365467	-0.7579717636967149
0.2196532981266765	-0.06457388614603286	-0.7123393737148094	-0.6634419782510492
0.1658208138695411	-0.10733186452358492	-0.7678327396763345	-0.6094392606541429
0.11783641287231007	0.014817400376289805	-0.7458788543922406	-0.655408085865588
0.19187670652128266	-0.17599821957442713	-0.6269613986014855	-0.7342529270386645
0.18665912433380166	-0.10419118138826491	-0.6543147063015979	-0.7253790968461317
0.13638023119058346	-0.14588872880730552	-0.6290322099456087	-0.7512891521899774
0.036162364835129523	-0.04141457681659231	-0.7085360408184448	-0.7035295267847376
0.33494803278372615	-0.05013026069183927	-0.6281208229517432	-0.7005433634484771
0.09011173236758689	-0.26378858603997046	-0.7584585878325337	-0.589097638857791
0.05592709774556523	-0.16812287988110122	-0.7789584982677462	-0.6015234949482027
0.24931011090529373	-0.08717171512325586	-0.6649560470287148	-0.6986265212563905
0.18277138100347634	0.07213511326618717	-0.6909970578159166	-0.6956394280156231
0.1554795398242199	-0.13680930607969213	-0.6697375308214548	-0.7131346060003136
0.12064826220105233	0.04403182287149397	-0.8033910362614194	-0.5814361858856758
0.20986110440125116	-0.004787739333140047	-0.7457731521595252	-0.6322640270722434
0.07513070841294221	0.068929958190231	-0.7137418399148338	-0.6929477783154012
0.17452641904902566	0.07961731422080721	-0.7017170568506693	-0.6861448713318666
0.11153614566184442	0.11718605040266586	-0.6300758874082436	-0.759494235599348
0.25546669177558634	-0.0998346151522672	-0.639471466499584	-0.7182242425200557
0.10412150974165521	-0.2177953516382461	-0.6625162198100045	-0.7090812044487944
0.14100291135770443	-0.1916950413514341	-0.7032306736940394	-0.6699535877101866
0.027026366599975604	0.03890588949794946	-0.7489396222243617	-0.6609427732664964
0.09655424359545134	0.024526289192320104	-0.662290480888979	-0.7425948142197129
0.2622102513455552	-0.0034023069661555383	-0.6831725489395031	-0.6815493208654169
0.06597352161533858	-0.13371341874703044	-0.7574407817508869	-0.6356505944567795
0.14501176374854072	0.12284059254077039	-0.7122713391384596	-0.6756858120759052
0.010765169381638686	-0.07180038639668959	-0.5925692712013044	-0.8022409080004743
0.16179818990480296	-0.19917713331603298	-0.756512583856739	-0.6015301536697366
0.2160696158137535	0.006803346990691939	-0.6405501505919305	-0.7368603260920459
0.15258433392533685	-0.025380862367858564	-0.756348118900568	-0.6356188762942755
0.05890975314458226	-0.03253735411278233	-0.6929780000016961	-0.7178108755692081
0.10592789436792684	-0.19294912281962623	-0.7453598256110655	-0.6292762887340951
0.1338483759268246	-0.19514451155272006	-0.6385009149654084	-0.7323385920876614
0.10131593279521843	-0.16786106604918444	-0.7015542375497232	-0.6851126885722468
0.10623135441043134	0.013476799549301569	-0.6600727134366038	-0.743530287339038
0.2671148177580766	-0.06675065682560556	-0.7483193099102234	-0.6034999870446616
0.2893002772806992	-0.08452153993845601	-0.6248847814642007	-0.7201947436257646
0.04526875758983064	-0.039704266388486835	-0.7267983880114659	-0.6842064118383867
0.2105290673065945	0.023527416178845934	-0.7307342374180034	-0.6489618222762352
0.1988293279262409	0.036686010832882816	-0.6612847237855866	-0.7223735522936796
0.10786199839668321	0.011228499876710735	-0.7912591297524566	-0.6017879191839743
0.2794085760878986	0.0027795652367227667	-0.6122724512626601	-0.7396252882713256
0.11545942780624971	-0.0554442886815722	-0.7791914080379714	-0.6135599408558642
0.04821883314930769	-0.000945072114575834	-0.6225602566362333	-0.7810843602489074
0.35961822214725636	-0.05380987310509404	-0.5972066411771237	-0.7149289891940307
0.1487205784958338	-0.11086296054202276	-0.7163543389002535	-0.6726277236707562
0.16436052539117538	-0.018960540427418463	-0.6462141163382673	-0.7450056586664221
0.06754778203704144	-0.050014693351177635	-0.7561840827449913	-0.6489387186737898
0.018640565720262063	-0.13085472137046797	-0.77744416669702	-0.6149066098794694
0.23830339133025177	-0.024503940028401765	-0.6550931953293004	-0.7165639929809706
0.044407105878510926	-0.05738983369079003	-0.7844393410860767	-0.6159458873090071
0.14262278859488253	-0.18444533659679024	-0.7210726482127005	-0.6524514495199158
0.13057357162744324	-0.051107578556461156	-0.7184079424484857	-0.6813432219032354
0.27995154285786944	-0.05101790920392569	-0.690871205657665	-0.6646211580931523
0.01821335752204937	-0.14587432437711664	-0.7076550654755471	-0.691095697716382
0.04200988956476139	0.06057868267561949	0.6506301901021868	0.7558080100869767
0.08408796805704585	-0.17001632565091815	-0.6619623143298113	-0.7251410601030108
0.11378349279027523	0.14974444652490287	-0.7271910112154837	-0.6601690319234902
0.17205110888705938	0.00015530405862992146	-0.7086634193097434	-0.6842474332751314
0.0429381665566219	-0.1101851557869163	-0.6087522525343912	-0.7844974444389691
0.03843522429792926	0.0018699520006505619	-0.7636324435197315	-0.6445034740145063
0.193901320414248	-0.18099949647344435	-0.6888727503938985	-0.6746078816488259
0.11868940594030028	-0.18819074449207693	-0.6253049315051274	-0.747991183932287
0.24864919213617034	-0.08011429255399913	-0.7637149159436047	-0.5903344870019495
0.20605243119999292	-0.10100607581757585	-0.7956940324036594	-0.5605454263855075
0.09758061710901475	0.13490653366766855	-0.733778283339194	-0.6586711480231874
0.19747268848266905	-0.06922113599757876	-0.7098058685064718	-0.6725983947857777
0.019258577860580023	0.07463784879132557	0.8000347313312783	0.5949812832100524
0.10245479722496272	0.10693099357955291	-0.7945148721130719	-0.588909921065039
0.15843370577196736	0.03689087863121664	-0.6007868138035161	-0.7826832234748601
0.2668768229900098	-0.04819232081643926	-0.7131745201709337	-0.6464026340788246
0.11678548464325285	0.002532245308730614	-0.7756641047348432	-0.6202418358481079
0.039268836401105706	-0.16165542842082062	-0.7231129225724755	-0.6703977790524648
0.053689935671286715	-0.10972256912990049	-0.6273739131192774	-0.7690775785111361
0.1291276057937304	-0.016599476736508433	-0.6271214681211682	-0.7679643110298836
0.017298727611747854	0.010860069477481088	0.7784898537827861	0.6273247647520502
0.15597725664662349	-0.20348404812585097	-0.7716478949126513	-0.5820866463372816
0.12482443091444259	-0.12390461472346893	-0.7459979387869687	-0.6423033420609832
0.021111572744819184	-0.13340991583053202	-0.7533451103841391	-0.6436048791880309
0.027002909645059185	0.1170973975656927	0.7898726740624757	0.6013819095412141
0.06879905098985137	-0.08689040361117512	-0.7037429931956466	-0.7017567583366867
0.2635081126379281	-0.12240970157990773	-0.6708115780041408	-0.6823424113659573
0.26151721964890395	-0.06790000162901683	-0.606763128383109	-0.7475539041705483
0.058441671337976286	-0.08180242612049045	-0.6604135825692512	-0.7441416760873379
0.1776327866882817	-0.1745892316524277	-0.5996737483990648	-0.760497592872841
0.06027392554258208	-0.0867240700223125	-0.6060808992843632	-0.7883602812807796
0.10573835198682731	0.09375808596525076	-0.7954424618153922	-0.5893217391003923
0.13326650516398458	-0.20453276612925353	-0.6792825930276116	-0.6920849261402663
0.15816156052040742	0.0010967160674858851	-0.646458220621312	-0.7463748970716687
0.09938671875537163	-0.2063110018092994	-0.7552854858622454	-0.6140862199343964
0.16807736300944784	-0.0072341622605609935	-0.7386742276394118	-0.6527312252079691
0.0018392622418314504	0.0304663712259848	0.6583347311280462	0.7521062419161865
0.1374199059358629	-0.13415466360979297	-0.6105366722267433	-0.7683510054334648
0.059691676802118177	-0.005262821765457503	-0.6785379343070121	-0.732117120503263
0.09567363838287059	-0.10120308280356902	-0.64738259744454	-0.7493332125800901
0.15216175415742678	-0.22333356965183962	-0.7150000360554364	-0.6447820295875392
0.3533651477440112	-0.04648491094225392	-0.614399461827859	-0.7039073282188367
0.12120740454155234	0.10467833889152926	-0.7518099897730692	-0.6396350129008168
0.01971997857953812	0.0367635322897768	0.6284660239903285	0.7767174658961834
0.07602711725879988	0.06409563848657548	-0.778620950486805	-0.6195652040191889
0.03560446910266166	-0.05603039262996599	-0.6767980637936863	-0.7331693513280316
0.19035176134163959	0.07263383240169002	-0.6969281833579944	-0.6875911871061936
0.1462747543137983	-0.21350834816801972	-0.6686993726411733	-0.6970358889915949
0.035596815005885254	-0.1341863623956184	-0.7757537848778991	-0.6155753017755689
0.30629632051766126	-0.08235830654040592	-0.6390399250835246	-0.7007336494920033
0.21917193768746834	-0.11190662128989771	-0.6883717096270487	-0.6823378629586182
0.054124484261248586	0.008409030190165997	-0.6716232280740875	-0.7388653922914897
0.23263976283341437	-0.13981331031663877	-0.6375036663212014	-0.7210548206857383
0.06313191381685958	-0.07859020890973065	-0.7658248320674508	-0.6350986278604343
0.1999524777063697	-0.12004819466452502	-0.7845486354400922	-0.5745353568284212
0.000916847627799611	-0.054820570960813976	-0.6323364850757571	-0.7727512109547254
0.16954213826038012	0.04640562744466274	-0.718522430071202	-0.6729245861016969
0.06823850022461778	0.11106520136750318	-0.7821756906134811	-0.6092694126128559
0.04169774620212688	-0.036706403800134485	-0.7692396743945635	-0.6365408558914898
0.2224936408013583	0.034583156547682535	-0.6896819618900674	-0.6882146296974675
0.2617526010766233	-0.03113659639520189	-0.7115111605004072	-0.651358546944698
0.08287667079969056	-0.14878076412939154	-0.7001000744361605	-0.6934375440057429
0.146997359887157	-0.07539077027980765	-0.793360117376631	-0.5859076139622706
0.03577880583470484	-0.07725287087150938	-0.7545593800992945	-0.6506858019807416
0.10848919025583845	-0.004571259233464987	-0.6405205321425587	-0.7602253922952499
0.05013393709712835	-0.06827822792017044	-0.7992857974756573	-0.5949511626149874
0.04564323328262719	0.05077549497736035	-0.8028864388704942	-0.5922093469738283
0.21381578584046568	0.005320605325688541	-0.7070963380422067	-0.6739950071118432
0.061412907632382795	0.00968772112171239	-0.7967231671938196	-0.6011379190271176
0.10702125062815256	-0.03326609251804144	-0.6873868611194516	-0.7175925878678758
0.10153116086321251	0.13598806518304446	-0.7584626270087613	-0.6292321613939558
0.18161182502267054	-0.10082492383156522	-0.7728338076165063	-0.5996493855172929
0.16953478741252095	0.019509984443047388	-0.6979438303598355	-0.6955226279760166
0.10546963136355693	0.1450754637331021	-0.7856690026559151	-0.5920755736798474
0.03355232643432197	-0.011416171788005006	-0.6043220948631709	-0.7959514545955301
0.11676326378154168	0.062434495786904735	-0.7651065421283243	-0.630143041824121
0.1410113681117433	0.11302522017284164	-0.6396465623003825	-0.7471233961036409
0.09392750954930988	0.081910174442026	-0.6625234669032827	-0.7386007054391405
0.036614244259524704	-0.015286824688351243	-0.63211922115063	-0.7738546377454698
0.12836250640081504	-0.041946278315839795	-0.7177696995480805	-0.6830594667352244
0.0016362188142843483	-0.14383566695316208	-0.7918720027898472	-0.5935043006564713
0.1727695245880151	0.08183759732643522	-0.740864302088332	-0.6438737336843585
0.010931346395012902	-0.0682582887093566	-0.6818481717453354	-0.7282200095960052
0.18470686231474534	-0.1941705172777816	-0.6442538124624133	-0.7163226998787391
0.08311811547614657	0.010924198362589342	-0.7332780108183049	-0.6747409870610934
0.22948922580924275	-0.13576650606028642	-0.6287181506024371	-0.7304899986808224
0.25052983846998333	-0.07446604819399004	-0.6430824085933388	-0.7198156871452334
0.12887484225703008	-0.018946710389654158	-0.720027072768377	-0.6816108212750429
0.07689139739819421	-0.19606325296072555	-0.7018512849449068	-0.6804790133911512
0.11171040889260701	0.09729287544345586	-0.7430324616403591	-0.6526543050357204
0.07600004907534648	0.03783778374141403	-0.5948100335896926	-0.7993705765182451
0.22379683167407874	-0.07087215652292328	-0.7378757954292423	-0.6327965123814268
0.09691768173529822	-0.10631785188090216	-0.6714419357931389	-0.7269588738001953
0.026940193822362544	0.0959063501365444	0.5984725247006188	0.7949256790032431
0.21696045179139753	-0.17386994401971287	-0.678073310111164	-0.6803778296211186
0.14595885037837492	-0.13120093138990274	-0.610599809901234	-0.7672354278493806
0.027735223417765645	-0.10865897572215782	-0.7484407745952648	-0.65365158249653
0.04913284417968371	-0.1350466352753073	-0.6854124434712165	-0.7138334205250195
0.2549544262534448	-0.11421232646853455	-0.7177370508461409	-0.6378144799697681
0.08133959841867501	-0.044218251558440926	-0.6990319356771504	-0.7090719066932912
0.024082548960838498	0.0465568334603784	-0.7948363325184974	-0.6045557845246675
0.08246147715557081	-0.0360182735481888	-0.7305183881079053	-0.6769384561333158
0.055712571677665614	-0.10936324061047342	-0.6529884297572365	-0.7473566093662484
0.034642827730483314	-0.010899441466432179	-0.6139670389207333	-0.7884957525449726
0.030890912567170355	-0.1520659335138613	-0.6505101981758342	-0.7434770914120773
0.19072701421217533	-0.09163923961838875	-0.7645039933491052	-0.608899909644552
0.09120905517706347	-0.15746647935738986	-0.6489035131021696	-0.738789176163375
0.07102083375739598	0.024061773077744937	-0.793292584638081	-0.6042052196125025
0.15114171793624362	-0.1169571443895081	-0.7677848967759524	-0.6115419525742063
0.1049043433865734	-0.016942440547246623	-0.6561840226535354	-0.7470813616073951
0.15060174730961617	0.06802752223595575	-0.787242459762964	-0.5940881074992875
0.23275422768945278	0.004589732585405104	-0.714627876087925	-0.659629746574199
0.2128878977140044	-0.05604979902091713	-0.7255172506314049	-0.6520443865818288
0.009678956016892977	0.0911357071577127	0.596893059090886	0.7970691793692759
0.1887161114940352	-0.16838298929980397	-0.7654096787423347	-0.591761287906356
0.018317047638138923	0.007032440660884444	0.7622864228882816	0.6469423776692643
0.24468605415669875	0.027442242991893195	-0.6594061930807613	-0.7103232579097609
0.08780000750067272	-0.25871132682399833	-0.7565573201181692	-0.5941217294725569
0.13909202876372886	0.00030691500054945555	-0.7078503673461878	-0.6925324330206055
0.1337116492275291	-0.023245450953656873	-0.594199116354235	-0.7927851247309462
0.18126636568683646	-0.08717781644235503	-0.7284310535918502	-0.6549280366224186
0.22792354297587428	-0.09651993941023781	-0.7868556121453127	-0.5653255747699673
0.20208820229608293	-0.08641710894561035	-0.6886423363405417	-0.690987825054581
0.07608867226752411	-0.18691487051189218	-0.7468589642706889	-0.6336205746522139
0.19033341015010458	-0.08306720198310658	-0.6444452768546719	-0.7359098573025334
0.09213708402039598	-0.1916243699476312	-0.5936904181064364	-0.7760944182501229
0.11405151844374188	-0.21051068448956264	-0.6164863576739582	-0.7500813780239509
0.3214550877433938	-0.025408911993196327	-0.5935608758871995	-0.7373645640870122
0.09929151243713474	0.04812495234685704	-0.6052845651881446	-0.7883246664062706
0.19895824102978546	-0.17036810919011913	-0.7683961787280724	-0.58391578006885
0.04506707156419846	0.09494770397988452	0.7864470707208236	0.6086500616316501
0.20263201228297123	0.030086396897047313	-0.6346013532570424	-0.745195409784734
0.10088585534253715	0.07153611747587835	-0.6977018615953674	-0.7056321565905572
0.3307373794628811	-0.035890520340935116	-0.6433306962632039	-0.689529021594584
0.18831251294553994	-0.1518540353775429	-0.7886918859741712	-0.5651936468204475
0.08095067984095197	-0.16325135962833032	-0.7793311566764516	-0.5995322587201903
0.04476175756929245	-0.13182043318589556	-0.784188220363036	-0.6047053774342057
0.01337076179028009	0.07404082032864574	0.6172324008162997	0.7831751675307099
0.056956766039800176	0.02958656082895476	-0.7906512437267229	-0.6088934003698746
0.11642876449050064	-0.06950995215401316	-0.7227977375030924	-0.6776253684825952
0.18298818071748382	0.005107423623555997	-0.7715585199793877	-0.609250925472298
0.05572774313836547	-0.12102427140398922	-0.6035684441424404	-0.7860996613733603
0.04716834886533464	0.011422322960628152	-0.6733714574129276	-0.7377096703616478
0.09518109085268428	-0.13840181342330768	-0.5800703141215717	-0.797059551514273
0.1457840905284814	0.028367023211663803	-0.7389135265167037	-0.6572283555002333
0.04797813821907991	-0.049168096250784846	-0.6864523804687285	-0.7239224584946377
0.039629439985709135	-0.17246280527529168	-0.652075791352049	-0.7372131649771285
0.18328573992759944	0.023564113139124505	-0.6936341251419773	-0.6962203462623616
0.12371640656865188	-0.25819356230037777	-0.648551717407602	-0.7052737092647301
0.22580637961906438	-0.013535198801782203	-0.7428486500714694	-0.630082661564118
0.13664629590577815	0.09566387658087391	-0.7295360183729734	-0.6632898389311104
0.11852146527900446	0.11802513820083163	-0.752167894956837	-0.63739013705657
0.057027593557636945	0.09663331606933646	-0.7956093204945615	-0.5953281993494436
0.07434582891192346	-0.12194818759153417	-0.6045145364250869	-0.7836858506552873
0.09344230046848179	-0.07279771706151632	-0.7695482951958085	-0.6275065340177856
0.14536955296480272	-0.2025276563062371	-0.5703562245516481	-0.7826519140825672
0.08166513760222377	0.09313918989518556	-0.7318468186167638	-0.6701165053082933
0.12159854946193921	-0.146828353703198	-0.6092553681057844	-0.7697162618470822
0.04920031918160602	-0.1402624652022226	-0.7813411033086096	-0.6061450731700357
0.15507769661187087	-0.23127136588759092	-0.7559277293071511	-0.5924843722821548
0.12314121670024766	-0.08020165986783367	-0.7709624112850862	-0.6196941946553255
0.22612766592508513	-0.15816439797116782	-0.6478381808932402	-0.7100394308027045
0.14939773401049025	-0.09975024100206384	-0.6712970667394312	-0.7190900184814114
0.1830793832277054	-0.0049985876408345795	-0.7454108145479547	-0.6409521597697558
0.27597640947238894	-0.049239051767752666	-0.6663418131993131	-0.6909422010399947
0.1402867912287342	-0.16339560657253543	-0.575921604810315	-0.7886290617725485
0.04067662020037848	-0.004915102596960531	-0.7423839139113487	-0.6687207030601062
0.06374348322467177	0.07189493199175732	-0.7772651152247337	-0.6217932355332983
0.001451221374447939	0.019485330203495133	-0.7702275000902694	-0.6374698533798105
0.11410003744649513	0.10906892718382791	-0.7819211835905371	-0.6030625284579127
0.13338038145910572	-0.047455150711006075	-0.6700666202934161	-0.7286757899651793
0.01860600785746541	0.03835047556572777	-0.6842727127419641	-0.7279793349348895
0.21399091437211762	0.0064566276122489195	-0.6147335090977963	-0.7591237799716007
0.016941336514169354	0.12410438833301676	0.7921154066510983	0.5973811802020271
0.0815501238564557	-0.1495116994310323	-0.5789457341390556	-0.7973817567228582
0.2835150929089498	-0.09686920763042874	-0.6952209720914226	-0.6533784115427596
0.16933948288025102	-0.047147311326976214	-0.7402986613992004	-0.6488907169185258
0.01416623894601591	0.11903112001140996	0.6842106272298779	0.7193655035714811
0.015419453604687494	-0.04488783109733291	-0.6191998642314788	-0.7837977106407166
0.13907272851581545	-0.1988884171716895	-0.7381671393300685	-0.6294532930340181
0.11399783443606568	-0.10586855814790071	-0.6671582809736882	-0.7284889637240946
0.34088967102963014	-0.05184111774323488	-0.5993429241065296	-0.7224228609477121
0.03583184508669985	-0.13203876225563893	-0.7474308473698994	-0.6500992020758031
0.04609287439081587	0.07238971506071722	0.6612332168876018	0.7452555326653364
0.008994461456394931	0.11002668503300424	0.6975462522342049	0.7079847839027139
0.22027109000911624	-0.008003168204416084	-0.785986824963572	-0.5776169207948907
0.1346271336213973	-0.2609955480496473	-0.7330524147037389	-0.6135071442845373
0.12750659216782798	-0.06263023455457549	-0.6341332473449827	-0.7600621996159874
0.1219460152978946	-0.20067369377506575	-0.7325561829731276	-0.6389214949956515
0.052623305570340055	0.04135033282438723	-0.7102405546246527	-0.7007704989885266
0.18125632965841837	0.059848215814245175	-0.6370048498442287	-0.7468528337614727
0.11074865261850834	-0.0046543358087888466	-0.7105029385324085	-0.6949090929309938
0.10671391696237308	0.017556237214980435	-0.6443453259995956	-0.7570488883314432
0.0779324629693107	0.0666901494856376	-0.6629342444260418	-0.7416179223457274
0.1386262646765069	0.06603130092173369	-0.7171836358458183	-0.6797574997860598
0.12427268373060799	-0.19995512481238595	-0.5925907761633535	-0.7703313703502992
0.10168885373457867	-0.16485968031295262	-0.7378875957484081	-0.6465311739381887
0.09431147336854205	-0.2102417242647525	-0.6701223173019991	-0.7055776663295384
0.06431443802220839	-0.019192098096828494	-0.6202764673140765	-0.7815065070291473
0.21531689931893108	-0.169194515404597	-0.5935638630193063	-0.756765346287925
0.20431395313892411	-0.12556891717781285	-0.7200126340448798	-0.6512066203650658
0.13797901297045637	-0.1272913047532677	-0.6427433272726263	-0.7427245323539697
0.13844787172918802	-0.1683562558670323	-0.6912951825597228	-0.6889116986187795
0.25216945824074344	-0.007790981185208679	-0.6867085223907717	-0.6817486855276104
0.2744620050624126	-0.07335680544041182	-0.7353838989206881	-0.6152234619070578
0.06606444277093275	-0.09846371178725703	-0.7268250174411724	-0.6765100005795047
0.08342876392148757	0.0677156289381087	-0.7864408995627142	-0.6082474385010082
0.05971782680570568	-0.14289049485118752	-0.5792809127845575	-0.8002810204711069
0.07020708708390512	-0.11854011487542457	-0.7571355300080785	-0.6385647933357274
0.04184797116655503	0.013509883257254423	-0.7706342200041468	-0.635758703693641
0.17884906233153186	0.04960997240867946	-0.638948256174637	-0.7465232678705549
0.06637999972424767	-0.030495910059311827	-0.6317879198728803	-0.7716914664611513
0.221788965230483	-0.16295830886580948	-0.703767851588198	-0.6549542392751718
0.14197689387022877	-0.017460043624925176	-0.7559489111337994	-0.6388105761798254
0.0051873396940116424	-0.018658476506753334	0.7051250333529006	0.7088184817711913
0.032700570737969364	0.03589967740639989	0.613473371249787	0.7882209770127592
0.2082608382654241	-0.12754611487105352	-0.7918182575153676	-0.5598064477045704
0.22234276019361277	-0.08618642956898903	-0.6508775380133723	-0.7207593404578857
0.12469784577629157	-0.008450242751271254	-0.6227753686041265	-0.772353468896328
0.11605776436421722	-0.04463962874495441	-0.7624775394338963	-0.6349534634405293
0.26952521997343565	-0.008702840873336958	-0.6116596710836055	-0.7437424709729167
0.05995780883217375	0.06124094397329472	-0.6772696008739395	-0.7307260058827515
0.18795648396464754	-0.016273827741971492	-0.7394109200709461	-0.6462809094705714
0.12299547262664409	0.1412086238123261	-0.7009414798175905	-0.6881956699555031
0.1379839764650434	-0.12141183786490929	-0.6763243903908055	-0.7133056195121869
0.19601164207822386	-0.008138257169056124	-0.7315192382802779	-0.6529876024595648
0.19601481136242185	0.016016541305344655	-0.7732313570367852	-0.6028556482494128
0.08087151034954948	-0.07298848443443229	-0.6610124675362896	-0.7424250788566702
0.04123540914902135	-0.1149721226465416	-0.7666174345478446	-0.6303798546065242
0.028503125724499066	0.08603779915505362	0.6557918533176964	0.7494812299601832
0.029432943480381345	0.029832779315140587	-0.7229676178772132	-0.6896096944050036
0.1378249674516695	-0.016268583008438295	-0.7067926541540848	-0.6936740989742
0.047206652989005525	-0.20056243751093825	-0.7792642514650029	-0.5918559511924631
0.03485120172795375	-0.0716318725170634	-0.7566808441493044	-0.6489132212209218
0.22746156654716643	-0.13624342202246525	-0.7172566312127595	-0.6443926525658412
0.01803094327270461	0.13094214611802782	0.722181290774052	0.6789574527984987
0.09618192821816743	0.11575887727943363	-0.6878378183904094	-0.7100901735745698
0.19570695277074399	0.04013958020755166	-0.6773579741023328	-0.7080069050919877
0.025027682347087753	-0.10068131234180576	-0.7802823478634281	-0.6167627956307037
0.20210675538377484	-0.11740230016426124	-0.756315902057066	-0.6110284900395316
0.0887563197586079	-0.20163934514049386	-0.7398301112389745	-0.6357006344957877
0.15076602437664158	0.03477009345607703	-0.7153843306669367	-0.6813852844983789
0.16975510639160893	-0.08039434088764963	-0.6033522484012572	-0.7750393655527192
0.020549821839879766	0.11775492634287535	0.7202404966660585	0.6833484536505241
0.11228988209792767	-0.05261252073260807	-0.6964785540955063	-0.7067818112583453
0.09537499897217619	-0.06448340235011953	-0.6160663388750998	-0.7792353729762532
0.2368172344231297	-0.005496869361312055	-0.6627992480896808	-0.7103411424373213
0.07596900249692633	0.027253498224346688	-0.7396757310361428	-0.6681061071493847
0.0032872270781674636	0.025551726631858774	0.6512905211128526	0.7583910340403665
0.043858278536427535	-0.03815720917696304	-0.7903252962327737	-0.6099232779015941
0.1413971795040484	-0.0988068188293071	-0.7502384437959103	-0.6382682254599732
0.15425816722743957	-0.12139551266148456	-0.6790404511924534	-0.7073695024480742
0.08880613399953795	-0.02114983252459777	-0.6742686200267809	-0.7328219314372477
0.05098175301293749	0.02315026888529553	-0.7935197659329907	-0.6059631234521767
0.2004939988761873	-0.04054130922783341	-0.7210911909505503	-0.6619562319324788
0.27933346559684974	-0.052265359721684494	-0.7357078253399999	-0.614796830590647
0.20747548909051755	-0.17714285528414836	-0.5820785420051925	-0.7660018937219014
0.02313701680915741	-0.17034623989520187	-0.7188643205962592	-0.6735584054708381
0.0846546150010278	-0.08375958217090426	-0.606252639068888	-0.7863050719508249
0.19957682728848478	-0.10284683933319737	-0.7286941680375676	-0.6469902836338973
0.14402159395945782	-0.024457065380633723	-0.7288321644075229	-0.6689269829745171
0.01993512264252484	0.029444176496491354	0.7854095645380896	0.6179542436845624
0.12599203730217728	-0.07434563054658133	-0.7192858805019072	-0.6791366253307755
0.022285117333427137	0.03912225308185245	-0.7101550455355156	-0.7026041802890763
0.18917856535004532	-0.05992612470539566	-0.6146867580480337	-0.7634006284188467
0.08119097931069275	-0.025190338649413106	-0.66125320710805	-0.7453305761919452
0.19675301033440828	-0.05585084255881084	-0.7367618064036349	-0.6444772896965975
0.26841716165305013	-0.08133059135052373	-0.6756667366766658	-0.6817712396320335
0.02638734254295767	-0.07662431777086331	-0.7651980554972972	-0.6386739057945185
0.15680757172873636	-0.15675917014477703	-0.655201914824626	-0.7221830784740125
0.19117707240230264	-0.18264067244814253	-0.684758020243801	-0.6791171956791884
0.05005203207884698	0.010742802673964687	-0.7794622924932536	-0.624354002835449
0.08656183390211526	-0.07416722698802859	-0.5889609131834923	-0.8000820670996668
0.16780905535042742	-0.11282432764510131	-0.7045093285770891	-0.680277441917404
0.15552752768440734	-0.06998677123060003	-0.5905932666172389	-0.7887411701004776
0.11667158669898675	0.004008969916832675	-0.7733230914588242	-0.6231717782713799
0.11268872811115127	-0.12317319740546816	-0.6436516086088891	-0.7468883589485071
0.05305081829732984	0.020217810834231086	-0.7872860023066226	-0.6139687299652252
0.21605006238377628	0.06923802494213839	-0.5958899768541117	-0.7703529073943216
0.19837394572432146	-0.08193481870310566	-0.6062263980775676	-0.7657832705248604
0.05302522687025917	0.053829049115576066	0.6658428904915246	0.7422560231945323
0.026946473614719937	0.052205748666856774	-0.7075267308299537	-0.7042402803922411
0.10908179511382421	-0.10030955174981401	-0.6986513848842082	-0.6999467109729677
0.07221483418965455	0.0642320026179346	-0.6619339084750048	-0.7433052995732334
0.006857609628886348	0.1040121556679004	0.6079698762429161	0.7870877169951691
0.12292105232630639	0.09011896872315656	-0.7987350175571014	-0.582057864906338
0.15325689793180963	-0.16460174192200283	-0.6695558430397331	-0.7078937510982235
0.058690688224638875	-0.17446520617243583	-0.7778688322516653	-0.6008638570943989
0.062334463095973625	-0.056092535478419185	-0.7012686291478102	-0.7079479867527627
0.027491912225315218	-0.008629314277401493	-0.6897906705950227	-0.7234352496646581
0.053862335642818206	-0.15534212813186546	-0.6973676784600612	-0.6976001670482801
0.14496054695536845	-0.05237168184007987	-0.6845974776993068	-0.712439429211627
0.27766006088629286	-0.08596051533495859	-0.7052308488959429	-0.6466568875048625
0.20209652956213178	0.015318281690862834	-0.7191887597286735	-0.6645975254730595
0.11395053895283958	-0.26326388144686624	-0.7583927658345574	-0.5852758461851112
0.23398531316436455	-0.10531832870289959	-0.7466390483926743	-0.6137499933017386
0.12503814457888207	0.07200790559690613	-0.6321233689973228	-0.7613148956242038
0.14556031199103714	-0.044697375867325494	-0.7589866398787417	-0.6330510411090279
0.0642065190185054	-0.10805051443746802	-0.781315693690038	-0.6113496512135911
0.18007507659899433	-0.02419339749051262	-0.7497268329138421	-0.6363154267458178
0.23765122072278275	-0.11883398126171094	-0.7508264633045482	-0.604698275330802
0.05664919163865476	-0.1084120364194893	-0.5840797508662716	-0.8024266596232085
0.10293047675902466	-0.14235879411768768	-0.6348988856969401	-0.752358090029144
0.23920879132805845	0.016239663135460384	-0.6300060283108548	-0.7386527139221777
0.05725307468823258	-0.10362603942243408	-0.6034996245294229	-0.7885251629372454
0.17564018088502473	-0.01025876523820922	-0.6086108412168247	-0.7737170855990012
0.08299437868559907	0.05734484239983024	-0.6765147425837088	-0.7294870151165326
0.02167588601837161	-0.16995999988280572	-0.7417246086474842	-0.648450737783443
0.03695626765314355	0.08963124982025168	0.7931593482666017	0.6012476374956567
0.17277314254018453	-0.11423002924756887	-0.7633421974946102	-0.6118902116875119
0.04573731074471604	0.09365440046826204	0.6392301600416368	0.7619197819796484
0.18748079190845077	-0.18164536474563123	-0.6277829613914604	-0.733310621441129
0.13187046925279403	0.12953804957852855	-0.7095378386690865	-0.6799898003258873
0.017188188386947995	0.00965100024329166	0.729255638643216	0.6839573363020196
0.14613288010972092	-0.11436851193787585	-0.7945199282075618	-0.578189509165468
0.15535692177351	-0.17099121513661375	-0.7241551953812618	-0.6497887996922462
0.05513845086524667	0.04667342111114641	-0.7404606834597093	-0.6682060455041863
0.16400363546597532	0.026681393444765427	-0.6464871567004299	-0.7446108158086229
0.047992126526338094	-0.17288105440351578	-0.736161848431767	-0.6525907061346589
0.1922353487152521	-0.1150599102713628	-0.6747341875279237	-0.7032357811813219
0.1508467971427631	-0.02276117795680599	-0.6747770694261759	-0.7220824600739243
0.21023043834418523	-0.04307845789053921	-0.7894822615254731	-0.5750349276313652
0.25089866437041947	-0.04797679903581066	-0.6525588147922305	-0.7133828426647059
0.10201371251482043	-0.22075806575785062	-0.7620827305791433	-0.600074154263315
0.10263807233141845	0.03426023352401888	-0.785366562036517	-0.6095006363753134
0.04598928013762663	-0.09677084509923005	-0.7119427417027235	-0.6940157939038656
0.039895336897081295	0.01868894763912319	-0.6365807820712679	-0.7699506433710822
0.024948786787426357	-0.1603376490046925	-0.7607231334513929	-0.6284661570692395
0.22771682483195632	-0.10234891507286041	-0.774718878343908	-0.5809306385528461
0.15250702376650507	-0.0035456774361128937	-0.768338313511779	-0.6215989638531237
0.19801675532589288	0.03419425591275977	-0.6787326998855489	-0.7063582940539819
0.3081891514443644	-0.0878516199771164	-0.5913690526819019	-0.7399893129833085
0.1856873383475334	-0.1142702228645324	-0.786218432227278	-0.5782068015597704
0.05699538526008203	-0.07090972649069989	-0.6264539205064636	-0.7741310110247168
0.023261015874529882	0.04205342143846318	-0.740008152892997	-0.6708788031661893
0.06177063669957952	-0.14062712333520985	-0.661569525443961	-0.7339851249364966
0.021799242240203902	-0.1002807772858647	-0.6776084211639227	-0.7282275649221412
0.09296263404576621	-0.2142140665080492	-0.7030979009729911	-0.6716573710075191
0.1565111000152721	-0.05175868201720165	-0.7697113925081862	-0.616741182872492
0.12570777247292686	0.06063197181346788	-0.7042064477973893	-0.6961426569421592
0.049704948172624566	-0.1081409776126787	-0.7880064027367022	-0.6040536866323167
0.03865235026098255	-0.13782011876069455	-0.782863067927815	-0.6055055966370083
0.24275696449786213	-0.14127001941441855	-0.6863430609899819	-0.6708539635668374
0.222344540279494	-0.09322674592854473	-0.605394378952965	-0.7585310311276849
0.09512493154384981	-0.12145111556833522	-0.7545569164134585	-0.6378438161639555
0.11110120626605333	-0.06981052512186621	-0.7078610642053323	-0.6940574373425671
0.11558898618442544	0.1103705487430723	-0.7448966196141608	-0.6477550110422968
0.1755026704452319	-0.09468698912510067	-0.6362949359769595	-0.7452261007285591
0.02410721909710283	0.035750741481434825	0.7802708065204154	0.6239536801421339
0.23582355164136223	-0.037934021283743465	-0.7843586020049084	-0.572476939257298
0.13606966694810402	-0.21496929498831302	-0.651005227838294	-0.715168120986996
0.16751333408081442	-0.09210074371309278	-0.6273912148271881	-0.7548754860705769
0.11035935988799654	-0.1549336603730156	-0.7542401511524879	-0.6284410608466023
0.25388998168272847	-0.0533404642907519	-0.6814474184306769	-0.6843420840373304
0.2002527526294794	0.0343918330295156	-0.5988520160718657	-0.7746562461710669
0.09678090241727136	-0.10821046808538476	-0.7250971334702879	-0.6731701854339748
0.018124161748464537	-0.10105035641642061	-0.6331124279618648	-0.7672216067012596
0.1646438649492468	0.09244081912272036	-0.7009252889446431	-0.6877869088695736
0.02293077281074362	-0.07309184283098424	-0.7780216759929816	-0.6235495440259297
0.1649152193498161	-0.010747081469605011	-0.6490650618777168	-0.7425644861669345
0.23925797569497356	-0.07535538005367627	-0.6608556070747026	-0.7073521431092409
0.320785116660494	-0.0639548591330767	-0.6496499648624858	-0.6862664264529867
0.17654171037631783	-0.17956029914764818	-0.7191320332785321	-0.647642063319003
0.09580024752889775	-0.2175504009482596	-0.6843160984022465	-0.6893515888776788
0.1635247589081237	-0.09134655558195616	-0.795956303220628	-0.5756466132712885
0.1961674680292743	-0.06105822799912706	-0.735825846289716	-0.6452523081807717
0.02046563204427315	-0.08204241349287074	-0.7178478455639269	-0.6910460700362326
0.018879810261402216	-0.10839006566074642	-0.5994896892559943	-0.7927844971404927
0.11152179265828566	-0.04516075822570627	-0.7004123878555253	-0.7035239033730715
0.056256933210384365	0.030064265648261354	-0.7600254613429247	-0.6467554371686933
0.2772310598253006	-0.03834263299827725	-0.6172211874262362	-0.7353303936021187
0.058449125061135525	-0.19014345549224498	-0.712108130137367	-0.6732987279843318
0.0944452776324338	-0.1005255174705971	-0.6928010457894189	-0.707814538437357
0.07344884856977806	-0.11662992221741156	-0.6797531850621106	-0.7203737469433839
0.15067763017420158	-0.24371460458487693	-0.7036348122206362	-0.6502288015063263
0.10239283216135835	-0.15731262649662278	-0.6058537017101348	-0.7731168977527506
0.014527161001368076	0.12239993389668224	0.6779591518526984	0.7246920768122818
0.05833220691099851	0.07174096137804309	-0.778346049014731	-0.6209895458706246
0.1832861649935119	-0.0831894464130271	-0.7202202712024355	-0.6639039529002336
0.15255420364941055	-0.14450943605575017	-0.7021385843909336	-0.6803276020780276
0.023795927560311982	0.013800070351798357	0.7687104921404229	0.639005079137137
0.060283633606256944	-0.049275044636248856	-0.7942463178844733	-0.6025866244966596
0.15022715885738666	-0.15046840613236387	-0.711383237225327	-0.6698693524057043
0.16804483245488813	0.04184057609966925	-0.6105457094761615	-0.7728157847230522
0.03899274215224016	-0.05339593789242415	-0.7090078910497075	-0.7020941890553457
0.10605125427227713	-0.1552248731485847	-0.6429786218684089	-0.7424532726330219
0.08197893801114878	0.08090659769315756	-0.5886350056299511	-0.8001514896063803
0.11237169858110475	-0.11965219666662177	-0.6748148151997234	-0.7195004644736601
0.01235117349024004	-0.020702719073818023	-0.7056497044128829	-0.7081506482369241
0.15842467615572134	-0.17754368255777656	-0.6879039717318693	-0.685687967259378
0.25576551252381713	-0.08904478759540178	-0.6479022254943788	-0.7119534637916654
0.04834945324309591	0.03502083665796533	0.6152215077372759	0.7860905595339145
0.1967035801516444	-0.027576336475766062	-0.6769383084580674	-0.7087325121398281
0.035937668839205295	0.03517065718846111	0.6838292679642676	0.727907302550805
0.0403367478534365	-0.13210444663843954	-0.6845679708269219	-0.7157430092350678
0.149256966903307	0.08267884488813196	-0.6424043926005437	-0.7471299504144616
0.08148846206674878	0.12047011839182985	-0.7653126774384533	-0.6270112334533094
0.049246136342394775	0.030769780867023748	0.722973444089618	0.6884311423678752
0.21462260614221285	-0.12064386495576906	-0.7391344980678016	-0.6269468785689245
0.14787826681357735	-0.08627681170991872	-0.5907524438142698	-0.7884794734759121
0.18335422175188443	0.07616271930526577	-0.7448510877631178	-0.6370065357685809
0.08382750863727392	-0.11169554016283834	-0.7379058480595689	-0.6602969138977465
0.17286562822099097	-0.07570400088433232	-0.7594504565949008	-0.6225924692828075
0.15158958541257078	-0.20900081626607478	-0.6656680792183677	-0.700160884871676
0.2139392520472952	-0.16833754047167718	-0.5702829869175959	-0.7750288921928882
0.15934780561549217	-0.032471272518057356	-0.6780027747880231	-0.7168445652206109
0.04799252570356708	-0.1068842471791733	-0.6000985876195123	-0.7912990334371706
0.16612340896908018	-0.18988178516700285	-0.6133305867307587	-0.748447400980715
0.14928348904530908	0.08769140589207425	-0.6396067470702976	-0.7489511775364819
0.18505852540593334	-0.0903952864913348	-0.5964737001963341	-0.7757584413519616
0.30444563922273693	-0.06850685727494901	-0.7289140903165385	-0.6093471196309882
0.2178335049521657	-0.1557656046908323	-0.7508949334171899	-0.6036906819588554
0.12885420977895476	-0.08498932854244955	-0.6993252846015398	-0.6979380724484947
0.2993766761915824	-0.02333013806979595	-0.6778511871022913	-0.671079040467022
0.029806791674071218	0.08184434494001261	0.7797019669421504	0.6200628202996699
0.1779704656203392	-0.20207422883886153	-0.6429972481158543	-0.7169707513710009
0.05881777323397602	-0.17015056966476136	-0.7849565611697508	-0.592817383577028
0.2408771921449032	-0.06573936940472917	-0.674326794971561	-0.6949387650707352
0.0304983649521418	-0.08083629640165596	-0.7729149345819487	-0.6285999099741358
0.19735834586465062	-0.02433448480521059	-0.7582849316937997	-0.6208554409304662
0.06846644022544962	-9.569574524397616e-05	-0.7594177047980998	-0.6469907936318456
0.21846166859646599	0.0038291349596679273	-0.650949374785808	-0.7269970760226442
0.05529089939238969	-0.08212538128897336	-0.591358835210404	-0.8003081070507256
0.00122398458775704	-0.12718698202746678	-0.7747470336695258	-0.6193456282922682
0.26766295612239704	-0.057646855461823666	-0.6783916525852683	-0.6817757312179805
0.24736142840014444	-0.11729655232596974	-0.6106553925126774	-0.7430705445295683
0.028160941077682473	-0.11662675143106853	-0.7104076554454339	-0.6934883743313774
0.09626499567626609	0.08636575565622798	-0.7756797325988407	-0.6177337284726877
0.17515301373739173	0.0764244545216958	-0.7834463491990448	-0.5913480721677029
0.020073310023655696	-0.07072502700413291	-0.6763030667028256	-0.7329455605625238
0.13133191715273684	0.015115725528671195	-0.7465467498652519	-0.6520670154549743
0.16056290930216596	0.07214284903201619	-0.6207087917994143	-0.7640258878289921
0.0036157659003062384	-0.11136160298538962	-0.7325068087513769	-0.6715797009665737
0.10155732025715114	0.07449248685150166	-0.6817962350038884	-0.7206183969615179
0.13486054915273396	-0.13560973065643847	-0.6785073636979012	-0.7092604533182681
0.13590792052789266	-0.06072689690431324	-0.7461438226699948	-0.6489304099990725
0.02048821538501973	0.003509306191537028	0.6826831200520382	0.7304188355980461
0.23051439664751772	-0.10781045260549603	-0.7448339437907312	-0.6168163546991721
0.24583083950590756	0.027706596817309748	-0.6278930968275558	-0.7379361773195059
0.13181407913121143	-0.11469522837879165	-0.7673525108114025	-0.6169604341295833
0.1577383517203947	-0.15956546437453498	-0.6965571887409192	-0.6815171001440973
0.011261038729418867	0.026546665094415	0.690997188896577	0.7222820422218232
0.05416566456438163	-0.015520368233311146	-0.645730903803029	-0.7614832886058135
0.2220975688462245	0.04430903731081445	-0.640967818358751	-0.7333959605517395
0.048649431703009505	-0.16750923241720203	-0.7333668655771856	-0.6570745241777893
0.2058530176446684	0.061456852511731455	-0.7043878068797478	-0.6765245065221763
0.020952955736438957	-0.12641106959903387	-0.7552630267100785	-0.6427744360298302
0.08448968550390595	0.019226366482709048	-0.6612972428592564	-0.7451025409043169
0.08023274777908256	-0.14354540801078983	-0.7107084828271721	-0.6839962532502156
0.06524542242472339	-0.14804385413666657	-0.5935709293235375	-0.7883524617624866
0.19895654498230647	-0.13872923113472344	-0.6593691984687382	-0.7116198098339911
0.16710851797471954	-0.05568947214616632	-0.6415875700202641	-0.7465512814990454
0.1346062164773796	-0.07582197407909902	-0.7810631205810872	-0.6050393345895184
0.10728128853033933	0.05343870593598799	-0.6202902343485975	-0.7751613090260111
0.26805848358066225	-0.04891694599750222	-0.7658684483244894	-0.5824064745826167
0.07394492896942086	0.07095561989557696	-0.6000703784425768	-0.7933555245920484
0.14436023302263637	-0.13586130939725433	-0.7876223004838039	-0.5833977541190181
0.08422649975059686	-0.12438973345085438	-0.7241032727510391	-0.673132632802052
0.21770264592268515	-0.06637976208926617	-0.6189517291879484	-0.751730032710203
0.1456358536209574	0.09294274016521671	-0.5981419011439091	-0.7825459164078655
0.10468449781918537	-0.17864916903799224	-0.6570282629502386	-0.7248720521602222
0.018802261996617494	-0.08673191347313941	-0.7028724264782029	-0.7057580337663479
0.045189604801770644	-0.10177192418039312	-0.7719007506015828	-0.6259150152274614
0.18889825614899386	-0.03741319571643734	-0.6673935570840536	-0.7193771900559864
0.191504270969796	0.03424195545092989	-0.6028818355160949	-0.7737487286528928
0.040081275104056846	0.041736362731118304	0.7446369919671855	0.6649566283646409
0.18166609897765737	0.07197989872996174	-0.7571102980288856	-0.62337815110868
0.16524990649824198	0.05533512534593607	-0.7368403507586198	-0.6532203225552511
0.090988235301044	-0.02571696973541185	-0.5936742812660554	-0.799131169625902
0.1581111527840261	-0.19009245390593413	-0.627316425688155	-0.7384712752674706
0.07655915962666716	-0.04121885030613581	-0.6067934854796021	-0.7900894679947422
0.16273670325813683	-0.1743267234941578	-0.7101826517909507	-0.662395320019426
0.05297375114823292	0.045601809398549596	-0.609584822758802	-0.7896332063249263
0.0728526789707479	-0.1904122939427338	-0.6148722818728027	-0.7618186939599104
0.06686407391649159	-0.057508485127290454	-0.7916037272801374	-0.6046366749659237
0.2708966507121609	-0.07320384635669937	-0.7312746881362965	-0.6216860397360395
0.18022078140979209	0.04019155477803012	-0.7639050088580702	-0.6183479977440861
0.16349401744345818	-0.13497895571913904	-0.6216683846102121	-0.7540416482856224
0.034344387345011586	0.020936734746552655	0.7947373621713252	0.6056192214296142
0.22691082207338556	-0.10686165294662164	-0.7775372718644161	-0.5766522841514957
0.14101256272748997	-0.06709568699957186	-0.6526502826866961	-0.741391417840844
0.12560079698559629	-0.15840529787509575	-0.7524234100517864	-0.6268901127053502
0.11824844700884701	0.1252838334013356	-0.7902525845263797	-0.5880664235591413
0.10805463505557823	-0.12261122281581444	-0.7121204594156803	-0.6827701920589512
0.21380706374228473	0.028382882083418676	-0.7231114735558256	-0.6561941391924069
0.06386828856972675	-0.11600949346460894	-0.7158557007181906	-0.6855751270944179
0.2615010285810867	-0.049396044219397535	-0.7494052936318835	-0.6062746479468027
0.06128127793731319	0.032661381965357394	0.6245783738040402	0.7778686869123755
0.07312510202610276	0.02674149088103245	-0.6657300726374498	-0.7421193182401786
0.06005966679875645	0.012365331536686104	-0.6529603615893204	-0.7549057564975606
0.0889415882931947	0.025423955782786525	-0.773148591045655	-0.6274426447958069
0.04170625851302783	-0.05932139424472666	-0.6859507762468429	-0.7240256160883121
0.060520303245975696	-0.10616130112671496	-0.765425674347323	-0.6318153275190812
0.1565604803788713	-0.1851984102759785	-0.7724887944870851	-0.5868998442721529
0.04471040894903262	0.03777948508821324	0.6782329800236218	0.7325119211633059
0.04001864984191042	-0.15246006158162834	-0.6978397323322073	-0.6986946008563898
0.10557785086479501	-0.19097652233853352	-0.7448277748960447	-0.6305655168701011
0.1328647164650583	0.0004928089874594943	-0.7238228290185307	-0.6770725488820032
0.05441565250795858	-0.009062205639676519	-0.7774596004059724	-0.6265088849550844
0.20003828035770888	-0.04556775947182749	-0.6679902595533886	-0.7153301886751635
0.040447634978050276	0.06780058030456437	0.6807741951810936	0.7282263146238133
0.06506249897749193	-0.05571017074979896	-0.7181227634915406	-0.6906250391182649
0.13728554943533336	0.015709473170997815	-0.6999925327151422	-0.7006542260715829
0.23049426439626994	0.014615954650822922	-0.6609940596753288	-0.7139647197334021
0.047101723709289806	-0.07937029090265242	-0.7784712960901142	-0.6208576533388468
0.14097839714159333	-0.0862205718634348	-0.6267256858603919	-0.7615156066751035
0.2698113291039038	-0.07517026629226281	-0.639215659011965	-0.7162085024813895
0.10940959147057436	-0.19425975814561064	-0.6769812867430973	-0.7014192933325339
0.12559587869980962	-0.12350232062115504	-0.7524591081852855	-0.6346480462144488
0.15061352317206012	0.11848077331960982	-0.6760278575789269	-0.7115224583725608
0.18779193061930832	-0.1898004103918794	-0.685081534675829	-0.6777708210417132
0.2624736005997415	0.008850269447400244	-0.6478714499141371	-0.7150467579851472
0.2033014443902336	-0.026655733166832396	-0.7269297458846974	-0.6553862518745665
0.10197660048701888	-0.11892968500627625	-0.7179404049558314	-0.678246325393124
0.0983877669312292	-0.02920670317542107	-0.8041425470182125	-0.5855096753111522
0.25943203667897546	-0.05930390381196916	-0.7501902874119687	-0.6053037237701476
0.11965393966991723	-0.25564138200077896	-0.7589692252428855	-0.5867675294905247
0.05504597218529655	-0.031187265991689556	-0.6246480176396215	-0.7783393536530389
0.23537912467041008	-0.05712200015378447	-0.6309154084762194	-0.7370749569176177
0.0251177225825884	-0.18600635807708354	-0.7662834161802862	-0.6144757609981326
0.16350947996245976	0.08883066168507894	-0.7852544748823218	-0.5905498905124665
0.0062248701320584765	-0.14387146915130616	-0.7713458484850291	-0.619909536449468
0.33470067054294084	-0.056768514104906624	-0.6138720088526539	-0.7126808217509673
0.08113041155325196	0.05932996660397268	0.6533003456102467	0.7503975411803423
0.20425236719004017	0.04159028201368141	-0.7026486063926445	-0.6803206265238193
0.2605267219006024	-0.11823624909066652	-0.6380477613402047	-0.7148713666286048
0.19484693101430273	-0.13628994527978885	-0.7252467354114028	-0.6461245213308673
0.13192503875134076	0.1311075943635932	-0.7029051318575695	-0.6865354750185467
0.16479654710569516	-0.0774435337237583	-0.7648580927326513	-0.6179293609530045
0.058511591299442105	-0.11295597793707421	-0.7686784175839412	-0.6268579034139511
0.1036161352135338	-0.0692761081797677	-0.5985632704122021	-0.7913194858414171
0.2632348485875928	-0.11367323314526717	-0.7062699326381562	-0.6472778327786786
0.12573670511337115	0.07889087281494095	-0.605791702553499	-0.7816539671050501
0.2561410559160182	-0.1281119272726218	-0.6817166323044401	-0.6732321492651806
0.16430824692554308	0.05087426313422686	-0.6788924177043224	-0.7138064825471845
0.11872487273040246	-0.18288092790617597	-0.7275391951990726	-0.6504964951884148
0.036274831357054206	0.0868776706004531	0.700624758240677	0.7072915630072575
0.024406492766417733	0.0009354333547837594	-0.7766063546816151	-0.6295125240560469
0.1371091021348097	-0.24239621185266833	-0.6511947752701214	-0.705967800435798
0.10075417864118859	-0.15580891245959022	-0.7131319729206139	-0.6760288214882942
0.09606730723704746	-0.17128454601850265	-0.5949292380992702	-0.7794176533990489
0.005793899143698593	-0.1267284314088601	-0.6983645858801356	-0.704409852709223
0.12321265151415398	0.018600852961807444	-0.7236462247448283	-0.6788289859666442
0.06503756069966599	-0.21464556974609658	-0.7256349590601332	-0.6505008080520804
0.1847512279888372	0.08455337160849831	-0.7182155179268799	-0.6654954401911973
0.08250869216700274	-0.2082628162841358	-0.7638192572709576	-0.6053090593179103
0.18583471931548756	0.0012341003549716319	-0.6855325795222826	-0.7039240133045421
0.11302318827010593	0.03595375786919965	-0.8040076173581122	-0.5826704363861913
0.19541248120181043	-0.00862658064104854	-0.7623004400682818	-0.6169583319550029
0.00647917727086497	0.08898269375302927	0.6377082796528684	0.7650936220728326
0.20446761743475478	-0.017596338839355782	-0.7139789282281885	-0.6694157544651399
0.1897770017563309	0.058106141079947646	-0.792108322473803	-0.5772112017631956
0.1831586263610274	-0.1647109508131181	-0.7376991029826186	-0.6285883022538838
0.1439148129310162	-0.1568199219847414	-0.6867226031824305	-0.6950597851739635
0.09283748215504226	-0.03485593497559495	-0.6706994152405537	-0.7350704456717524
0.22455220250174546	-0.03927922796194824	-0.6997949062021811	-0.6769937517110546
0.09223597283957699	-0.07630504477630419	-0.6313621829174917	-0.7661930953993796
0.03982283143730172	0.05933253910625425	-0.730013969252792	-0.6796862486436698
0.043112641570428566	0.01651804630013825	0.5993638247815741	0.7991442046504802
0.11304271085216418	-0.19829606159595323	-0.7636519134703605	-0.603933582881251
0.18665792912647475	-0.19710545680292307	-0.6857953757919989	-0.6752725071665794
0.1726237924883289	-0.0671771786931774	-0.704342671517601	-0.6852661191166683
0.12484196224750163	0.020881947670404015	-0.7497280873176635	-0.6495276928743544
0.2618241456999712	0.03333361879877453	-0.5925807917469094	-0.7610420434107857
0.21036216213109984	-0.1624861644739866	-0.764348213445961	-0.5874672890468275
0.0021961929894080815	-0.130953314762941	-0.748277242570951	-0.6503288201666643
0.009688769301934783	-0.11074613754348739	-0.6932539461682191	-0.712067684206217
0.22646527298924718	-0.11197113437384189	-0.7749233338550314	-0.5793701509777185
0.15219279984241602	-0.18813230045682341	-0.5638012646710222	-0.7896655767831758
0.04459723214297254	-0.12324072022770953	-0.6295091227677316	-0.7658596974088283
0.03271610458846264	-0.004649988275104096	-0.59605163090087	-0.8022658458453851
0.051135755427448006	-0.17420275108835234	-0.6637302115309849	-0.7256037088736164
0.06861149459752443	0.07460168273141696	0.7345975628502843	0.6708900598437553
0.03276153818615008	-0.11061982657747836	-0.7533424911740126	-0.6474295533688424
0.2795777930432582	-0.06520465135906194	-0.7621507301319898	-0.5802679343522948
0.061147090197073	0.021451586462772215	-0.7679022773615217	-0.637280907623671
0.08297997200429817	0.04253139568760174	-0.7892921645897396	-0.6068964356002382
0.06309742366267443	-0.1194723648914251	-0.7150489942295378	-0.6858935813999935
0.11410270766531473	-0.0886540253019353	-0.6540630157140914	-0.7425110149864417
0.02271974069092085	0.09834363101009522	0.6513563674800572	0.7520287402525733
0.1898059135444402	0.04643086302035297	-0.7558668853794387	-0.6248865030783848
0.14296660192969102	-0.19264122256235236	-0.6354889627940572	-0.7338962380808972
0.2588415159467047	-0.03069940847298056	-0.6957422690148255	-0.6693290006027852
0.1713482653926084	-0.1459266106451418	-0.6931279949134285	-0.684776444483786
0.003962714615954029	-0.008684547663057582	0.7912046373487315	0.6114769802393407
0.08887459425203248	-0.11067235819873278	-0.6762696800404389	-0.7228500919867621
0.31807424179543214	-0.018749487955377293	-0.6103977189275115	-0.7251840167404153
0.04208905362501498	0.048073677949415305	0.6999412866622697	0.71133650846764
0.17029021778045342	0.0771000888430255	-0.7852959720899563	-0.590226273769623
0.13418709698026118	-0.25731636840507677	-0.726216830884805	-0.6232104171902644
0.13419650544249812	-0.1304819796170432	-0.7705558664547434	-0.6092695689056026
0.08902159705348679	-0.14231411975003375	-0.7539149086072041	-0.6351646693241138
0.14181072899587296	0.07940399233033794	-0.7155818329544229	-0.6793580524945967
0.2890215294488581	-0.04020890495943736	-0.727563837832254	-0.6208869956407587
0.1500759198741651	0.033583441327270466	-0.7375104162022127	-0.657592394067769
0.3025343186394628	-0.03005377123250164	-0.6938049301291631	-0.6528433777013654
0.028492893226627798	-0.11020610550825764	-0.5980505818917633	-0.793333644088792
0.057376172939077166	0.009779067583520436	-0.801722100772285	-0.5948563000837563
0.2988343458012046	-0.03492812033310979	-0.6857670960600296	-0.662722830556603
0.26429889717623445	-0.05016144129541345	-0.6233719260686413	-0.7341916402057881
0.07852053182058118	-0.10176302915415086	-0.6458256708344561	-0.7525875463168451
0.03435320604744984	-0.16147269547883317	-0.6645990732313724	-0.7287348610496567
0.1442311715505874	-0.19254276023480688	-0.673208716784151	-0.6992243404517205
0.20244833824562022	-0.09436515118399706	-0.7035947950257099	-0.674584503969916
0.06253524745696148	0.0758768541254512	-0.7848949256970909	-0.6117777386015937
0.2901616203180692	-0.06202734281023579	-0.7450645021107721	-0.5973589628797089
0.19386034726563264	-0.03717434658876301	-0.8000115102753411	-0.5665843424775473
0.0006698406286657863	-0.023873338580722804	0.8000637610504128	0.5994393991659295
0.05391811162951901	0.07581373706334843	0.6824432263205655	0.7249940395341009
0.31461301296401256	-0.031264727842631054	-0.6137687489464045	-0.7234148821273984
0.16573022770938942	0.09853384892181494	-0.7453519266130637	-0.6381810697084652
0.1862201117178338	-0.015437605815722278	-0.687100666052304	-0.7021227991092128
0.03261625281386609	-0.11297943479900871	-0.7914111483101969	-0.5998668366356104
0.08831972414074762	0.09327362787788177	-0.6242306327120175	-0.7706074057872497
0.10371460187231024	0.11263660347283488	-0.7774635714312564	-0.6100054688393597
0.2194259817247266	-0.01172854558541005	-0.7373495339512254	-0.6387725295788023
0.06931977604490752	0.03885550692606578	-0.6654294532429981	-0.7422187420075883
0.0747475612479954	-0.1522726947682377	-0.5982872276183903	-0.7831208219580148
0.002548850888767896	0.02875318115725913	0.79124746836363	0.610814375846403
0.1324808437907561	-0.1345192095989139	-0.606278721116984	-0.7725150617289782
0.0005826475836199135	0.09667845172821055	0.7037086843339871	0.7038799791769605
0.18421015779010227	-0.10859566799763684	-0.6250191711614365	-0.75074938184441
0.07966402968520447	-0.16657442909985776	-0.5982013490605687	-0.7797831416018731
0.22101456259455216	-0.04405867293319719	-0.7501700628909932	-0.6216560730843282
0.09443418208190257	-0.05281216044509898	-0.780729962594083	-0.6154297575446648
0.1571846047522633	-0.04769756425726429	-0.774139804712504	-0.6113309293275493
0.06215049615410325	0.04165182570313024	0.6314224990286634	0.771821267499019
0.14250625363134833	-0.10644784820079146	-0.6828596403603663	-0.7085644182826923
0.05724992101920942	0.07740744830743115	-0.6971940008837281	-0.7103879634548764
0.2705543632306878	-0.08304827006496289	-0.6634422376768729	-0.6926382307109228
0.1750545119249081	-0.041830110134653584	-0.6359119537379292	-0.7504812768044681
0.03032363445198333	0.027061381246093266	-0.7796832279016913	-0.6248537612653663
0.0788981493717245	0.049398072372695834	0.6621995668672213	0.7435231308523249
0.07732346451523994	0.01772507444606578	-0.6517271149415368	-0.7542934914350135
0.19713233010203288	-0.06111014774636845	-0.7204706783241167	-0.6620622296628522
0.1361984856690336	0.07859944437010391	-0.6535467231897434	-0.7403707047514251
0.30536567574331563	-0.0451724483657849	-0.597171940699117	-0.7403356855022719
0.22970109709339684	-0.03235670713371874	-0.7539850369820635	-0.6145705927757275
0.08173349378164192	-0.17991099870119995	-0.7753272241266977	-0.599849451169685
0.15309647724336972	-0.21779528277590213	-0.6863286705751033	-0.6768158090668736
0.10791535519381694	0.11085160163176137	-0.6467753133625659	-0.7468252088365926
0.1632555546712301	0.05643213615270067	-0.6812102814156167	-0.711418013808962
0.121374710767542	0.12891381299584267	-0.6732197829387396	-0.7179307294334772
0.15409474848055443	-0.14694404143166326	-0.6492040995612256	-0.7302029130942593
0.10703623621416881	0.11511732726742843	-0.7341338812107748	-0.6605593762549377
0.17951832128875675	0.06825307518150603	-0.6482254524687017	-0.7368300026611846
0.1056715391093568	-0.17292261255972038	-0.7430282653497975	-0.6378403348637114
0.15661735955573927	-0.06470829245763814	-0.7287194155534015	-0.6635147722308179
0.133989639453962	-0.07466129959706275	-0.6798151892007394	-0.71716370194917
0.22151388412363143	-0.010837020503335786	-0.7774471906159104	-0.5885490837054298
0.26697987809714624	-0.05092686620313796	-0.666780250521952	-0.6939252816433794
0.0045933237020980445	0.01878625741181102	0.6120838727078372	0.7905563298594231
0.23922034084760044	-0.1151280185271554	-0.6093357859263899	-0.747147286593639
0.037749335923244004	0.08510793521372487	0.7747794765169217	0.6253386200844909
0.04535708688253479	0.034940410195090525	0.7895919495097874	0.6109553630784024
0.03291257453525882	0.10052044579223669	0.7681343230516167	0.6314919351545398
0.019783858261323943	0.015434217917479474	-0.6282807237822988	-0.7775819673791068
0.16091179854880058	-0.21564081372478852	-0.723320683457461	-0.6359352336728425
0.015946118424047202	-0.03058080491686717	-0.6529472704884033	-0.7566177354778215
0.2163624307612727	0.028146397017830223	-0.7037070994997524	-0.6761592985411304
0.11458019295043473	0.0938268967466614	-0.6979561297057705	-0.7006604982703637
0.007295098871192528	0.024842433714995386	-0.6190091878273541	-0.7849568525752832
0.24895083020267722	-0.06240877420690657	-0.7139089006537769	-0.6515080280477784
0.19498753734234556	-0.18002406373478436	-0.6094157288909041	-0.7471169025915219
0.07192972360421952	-0.043850984462078184	-0.6149687809833335	-0.7840386498380039
0.15646076816647078	-0.11719776003713538	-0.7790184497038545	-0.5957474029217745
0.1857303016217385	-0.15902752231595566	-0.7268002374027636	-0.64185350128891
0.061759530895032284	-0.014119623185703494	-0.7515680274231276	-0.6566063483854144
0.005308427093049444	-0.09428754103229157	-0.606170995761611	-0.789707796659789
0.14962630866901083	-0.07266575020933651	-0.6029949653182199	-0.7802106948135733
0.12962123430017963	-0.017328118008300437	-0.7131074728428382	-0.6887494494520408
0.14110452736221277	0.10210560253926146	-0.6751880104031638	-0.7167880501904298
0.10393855968118275	0.011006148664853629	-0.6764273357582719	-0.7290553476533413
0.006660471920470624	0.12246338094665143	0.6860654471438757	0.7171279946259145
0.02040129731711782	0.0025143615869335305	-0.8042552685617592	-0.5939283862926921
0.06911884992474714	-0.15276040761739815	-0.6832126891536328	-0.7107089867372638
0.005400523078330256	-0.13017995738207722	-0.7586336438867499	-0.6383564892829029
0.009520233318624265	0.11748096563188898	0.6484123843566959	0.7521096779623451
0.1522026982717131	-0.20691408352002166	-0.7423376481111458	-0.6188341594293999
0.0555608034037685	-0.025204570596094423	-0.6045864747380881	-0.7941995475382528
0.1435679004933742	-0.20382884749872016	-0.7570736143298216	-0.6038887325996809
0.025173063624159723	0.01754427055421337	0.6725778896695394	0.7393899497329969
0.07021806472798213	0.012407749857384976	-0.7731060770497334	-0.6302558724503128
0.18795622920135177	-0.032208277918779483	-0.6879590320186418	-0.7002481367357495
0.060562094097588864	-0.23712783756748404	-0.7620796266294186	-0.5994474656593767
0.016375869777047154	0.01387821214572042	-0.731302373957815	-0.6817155300859352
0.18277703336547213	0.05267945326575421	-0.791948591416639	-0.5802024300457038
0.09390049870199273	-0.08725952638471798	-0.7160653605974772	-0.6861624230100601
0.08882159259707183	0.08977481192508838	-0.781242926300589	-0.6113188185698418
0.24656852185855294	-0.09777796453643839	-0.7637512634893255	-0.5884959143427065
0.12001311972358018	0.008054488761338909	-0.5971498558942013	-0.7930599131910159
0.21215749596868227	0.041114085972621874	-0.7226027693061563	-0.6566156155849542
0.15069798373709029	0.07154810624739008	-0.7968816803329595	-0.5806466858079076
0.1630280383203226	-0.1757075491613982	-0.6023669580020319	-0.7613821404501819
0.18557056026825347	-0.17807803412979753	-0.7143412743518306	-0.6508212693816913
0.03797691598434559	0.002785868792460716	-0.7928133648606265	-0.608273755216975
0.13596834616502645	-0.05583432003648545	-0.6906350663858466	-0.7081089906401613
0.13830694027463386	-0.12314170129960875	-0.6547839109712104	-0.7327791902109072
0.026084882052207208	0.07462421976053754	0.653204697108853	0.753043443918334
0.1626224483098005	0.034091004883355244	-0.6506985496493215	-0.7409339647877121
0.14212028195581025	-0.06497738406842343	-0.8016409017523662	-0.5770196094190202
0.22261035082870237	-0.09446369009711096	-0.630194694696046	-0.7378183311182477
0.2717166614036719	-0.0680921792513946	-0.7522488080113916	-0.5963683776709482
0.12479697255003219	-0.039346308040978654	-0.7181408831767839	-0.6834846418142545
0.1755156663993485	-0.09987834745248565	-0.6897375183141699	-0.6953277805383326
0.11488578131577658	-0.07204292992513489	-0.6757755169685746	-0.7245264137111368
0.12496912022838394	0.07160389226528388	-0.6170277919730621	-0.7736486964602558
0.0017586772619057752	0.09085382978132209	0.680525204980517	0.7270680394946406
0.1343697862824089	-0.0984146893606395	-0.6117203594999473	-0.7733417816371516
0.18465309260539087	-0.19321230090041683	-0.6580876927101204	-0.7039125164929957
0.0889978284664523	-0.03422615741629533	-0.5994224551065339	-0.7947330853757293
0.15592173364755849	-0.21646880169658161	-0.5993633515743881	-0.7547140144835672
0.18945426155007658	-0.0205159479361358	-0.658350001987994	-0.7281905338187289
0.1259096833023339	0.03915749231405117	-0.731483418453547	-0.6689883788033196
0.16284453112308062	-0.205247878103745	-0.705682885595237	-0.6583058804197285
0.05725887034165184	0.06617698133702832	-0.6327575795286305	-0.7693892866796271
0.06751185625471562	-0.11268274402128435	-0.6802911781496018	-0.7210746572974973
0.09199709987796399	-0.009939894946052148	-0.6637209399616365	-0.7422346299917211
0.0017260912083791866	-0.04676809162890204	-0.7735018759572024	-0.6320637737643405
0.25810949302854247	-0.09346414189819603	-0.7332911872643049	-0.6220353514618674
0.022162459469742848	-0.05397073020124554	-0.7813012058299142	-0.6214212833823108
0.10780928209597992	0.13236779063069742	-0.7016935257271538	-0.6917240220276388
0.22405099662618597	-0.09118641759065349	-0.7597692302125097	-0.6035204263155358
0.1102048827504709	-0.1509981341831457	-0.7177801832569176	-0.6707056402139686
